location,path,source,publisher,download_page,bytes,sha256
01_raw_data,ethnologue global dataset/Ethnologue-24-Global Dataset Doc.pdf,"Ethnologue Global Dataset, 24th edition (licensed; not redistributed)",SIL International,https://www.ethnologue.com/product/global-dataset/,273853,1f9fc9408b00b0b3df67a399dfffdb0e63006743ac5f0b672b876d38aad17423
01_raw_data,ethnologue global dataset/SIL_Language_Polygons_Feb2021.CPG,"Ethnologue Global Dataset, 24th edition (licensed; not redistributed)",SIL International,https://www.ethnologue.com/product/global-dataset/,5,3ad3031f5503a4404af825262ee8232cc04d4ea6683d42c5dd0a2f2a27ac9824
01_raw_data,ethnologue global dataset/SIL_Language_Polygons_Feb2021.dbf,"Ethnologue Global Dataset, 24th edition (licensed; not redistributed)",SIL International,https://www.ethnologue.com/product/global-dataset/,1037632,93020fd9c592354924c189712c7a2e45a8209c881e8fa1fe76bdbd0a1bc9edf3
01_raw_data,ethnologue global dataset/SIL_Language_Polygons_Feb2021.prj,"Ethnologue Global Dataset, 24th edition (licensed; not redistributed)",SIL International,https://www.ethnologue.com/product/global-dataset/,145,a02a27b1d1982c8516d83398e85a3c8b1aef1713c13ef4d84d7bde17430c07c4
01_raw_data,ethnologue global dataset/SIL_Language_Polygons_Feb2021.sbn,"Ethnologue Global Dataset, 24th edition (licensed; not redistributed)",SIL International,https://www.ethnologue.com/product/global-dataset/,68708,593bd820a2a2d7deed59bc3e8859dfa6015ea26971e9a5cf5a586409ad6386c2
01_raw_data,ethnologue global dataset/SIL_Language_Polygons_Feb2021.sbx,"Ethnologue Global Dataset, 24th edition (licensed; not redistributed)",SIL International,https://www.ethnologue.com/product/global-dataset/,2708,25b6e4c5b974929df93a0a1aeb6031ecab2edf86c744f7604faba5bd5c6da2f2
01_raw_data,ethnologue global dataset/SIL_Language_Polygons_Feb2021.shp.xml,"Ethnologue Global Dataset, 24th edition (licensed; not redistributed)",SIL International,https://www.ethnologue.com/product/global-dataset/,24419,05e63aa8215de75bcc66ebfed25130e4497ea48691ea8eab4e29c9cddfce6288
01_raw_data,ethnologue global dataset/SIL_Language_Polygons_Feb2021.shx,"Ethnologue Global Dataset, 24th edition (licensed; not redistributed)",SIL International,https://www.ethnologue.com/product/global-dataset/,58540,f690bda4643538ef7b5a1a82c43e832bfd1b7e2d4b2867719718e69f6ad1b7ba
01_raw_data,ethnologue global dataset/Table_of_LICs.tab,"Ethnologue Global Dataset, 24th edition (licensed; not redistributed)",SIL International,https://www.ethnologue.com/product/global-dataset/,1340651,c06b03a0bbd050bcf42c1d14ae4c40e6fb042e5ab8b45d1ce1f117ed51358bbc
01_raw_data,ethnologue global dataset/Table_of_Languages.tab,"Ethnologue Global Dataset, 24th edition (licensed; not redistributed)",SIL International,https://www.ethnologue.com/product/global-dataset/,1469309,b5885f8ac9b3a2e9417ae210b52dbb360e06739636f9a31c0f0638f20f3c9d76
01_raw_data,kosis/_elocal_tables.json,KOSIS regional statistics tables (dashboard context layers only; no released file uses them),Statistics Korea,https://kosis.kr/,21973,db3122b5c0fc114b13781e2b3898e0cf2e2c8d8258c821e2babcc8beb9d23adf
01_raw_data,kosis/aged.json,KOSIS regional statistics tables (dashboard context layers only; no released file uses them),Statistics Korea,https://kosis.kr/,2345011,dcd6c4c2c1da3a9803be8e351bf790e5abe86acdd95c685063fe3d85b4f97d8c
01_raw_data,kosis/fiscal.json,KOSIS regional statistics tables (dashboard context layers only; no released file uses them),Statistics Korea,https://kosis.kr/,1625003,499ab6731b2fc12351ba9375e3cb176ae8c1bc04cee66843142c08939c90e3ca
01_raw_data,kosis/jobs.json,KOSIS regional statistics tables (dashboard context layers only; no released file uses them),Statistics Korea,https://kosis.kr/,1360136,aef1f6f2ed3e7bf0e9c26edf3b4f8a76bad660584dcfbdac10a127dbf2514d0c
01_raw_data,kosis/marriage.json,KOSIS regional statistics tables (dashboard context layers only; no released file uses them),Statistics Korea,https://kosis.kr/,4419729,0b91a1e4e82e6584be9e56a486b10c74a12966d18ad1826cb1518ffabee9e453
01_raw_data,kosis/mfg.json,KOSIS regional statistics tables (dashboard context layers only; no released file uses them),Statistics Korea,https://kosis.kr/,436390,baa26af17a3464778be0f09051ac0f83b3c9ab33c3c6d95236293093fc786399
01_raw_data,kosis/pay.json,KOSIS regional statistics tables (dashboard context layers only; no released file uses them),Statistics Korea,https://kosis.kr/,7326947,bc83ce6987ac57fe00fe95e78687ab04c535875a54e2fa59294673a89fff3265
01_raw_data,refugee_statistics/94_24년 난민 신청 및 심사 통계.hwp,Refugee status determination statistics,"Ministry of Justice, Korea Immigration Service",https://www.immigration.go.kr/immigration/1570/subview.do,119296,852364f1cf02c65d499a00bb24366a9bf0a2dd7331368a95623aaf111c9a854c
01_raw_data,refugee_statistics/94_24년 난민 신청 및 심사 통계.pdf,Refugee status determination statistics,"Ministry of Justice, Korea Immigration Service",https://www.immigration.go.kr/immigration/1570/subview.do,388156,02e7f1efdb3aa44ca6588dda7c41ec2b2ca771220c987051ed187764a7eeb09c
01_raw_data,refugee_statistics/난민 종합 통계('94-'25).hwp,Refugee status determination statistics,"Ministry of Justice, Korea Immigration Service",https://www.immigration.go.kr/immigration/1570/subview.do,120832,7ca76d1d7cd6fe3be239bd3f7f59b97a7fd27a3ed0848b68039651ccba96117a
01_raw_data,refugee_statistics/난민 종합 통계('94-'25).pdf,Refugee status determination statistics,"Ministry of Justice, Korea Immigration Service",https://www.immigration.go.kr/immigration/1570/subview.do,279537,6628f331f146efeccea1e2dd4462d31a8d0b374d56836ef4a05d39b3453dc694
01_raw_data,refugee_statistics/archive/ARCHIVE_NOTE.md,Refugee status determination statistics,"Ministry of Justice, Korea Immigration Service",https://www.immigration.go.kr/immigration/1570/subview.do,1544,a99b4d557d2a4bfe6271f2cd16c3fc28ebb13a2eeb8c0f1981ad8af9256ad015
01_raw_data,refugee_statistics/archive/figures/fig_protected_speakers_v2.png,Refugee status determination statistics,"Ministry of Justice, Korea Immigration Service",https://www.immigration.go.kr/immigration/1570/subview.do,505664,a86fc0be617e9c2e77882cef29cab4b184ae823fb0ef6b4932df9ba3f6c4889f
01_raw_data,refugee_statistics/archive/figures/fig_protected_speakers_v2_data.csv,Refugee status determination statistics,"Ministry of Justice, Korea Immigration Service",https://www.immigration.go.kr/immigration/1570/subview.do,327,8db47fd4a1cf382215b423f7a61f90991249230243a4ac12845db2762a1a5ec8
01_raw_data,refugee_statistics/archive/figures/fig_unprotected_applicant_speakers.png,Refugee status determination statistics,"Ministry of Justice, Korea Immigration Service",https://www.immigration.go.kr/immigration/1570/subview.do,403036,aadd1752b243db4d0eb938806435363a24a4f49ba5d346e5c381b133501adc43
01_raw_data,refugee_statistics/archive/figures/fig_unprotected_applicant_speakers_data.csv,Refugee status determination statistics,"Ministry of Justice, Korea Immigration Service",https://www.immigration.go.kr/immigration/1570/subview.do,394,fe4db2345319f143567f6648b9a22f59abf5d1ab5c66907d556c86d15ba013b1
01_raw_data,refugee_statistics/archive/figures/make_recognized_humanitarian_speakers_fig_v2.py,Refugee status determination statistics,"Ministry of Justice, Korea Immigration Service",https://www.immigration.go.kr/immigration/1570/subview.do,5047,1e7939bbb5185eb1c9daae8a17871d58b311725627f5274de19042337ea3492b
01_raw_data,refugee_statistics/archive/figures/make_unprotected_speakers_fig.py,Refugee status determination statistics,"Ministry of Justice, Korea Immigration Service",https://www.immigration.go.kr/immigration/1570/subview.do,4902,f56e19ba0dc075eb43f9e288187eb9eb9f990ffc28ba8a3334ad833092fb44be
01_raw_data,refugee_statistics/archive/output/build_refugee_dashboard.py,Refugee status determination statistics,"Ministry of Justice, Korea Immigration Service",https://www.immigration.go.kr/immigration/1570/subview.do,7658,34e0622569773fa540da758568d4762c866103bb40133d9ca06af947c0417976
01_raw_data,refugee_statistics/archive/output/build_refugee_dashboard_v2.py,Refugee status determination statistics,"Ministry of Justice, Korea Immigration Service",https://www.immigration.go.kr/immigration/1570/subview.do,30084,b8d2b6270556f62ba26d9fb3ba0166693dfac774b2ee335327ffe6b3be8bdf21
01_raw_data,refugee_statistics/archive/output/country_language_breakdown.csv,Refugee status determination statistics,"Ministry of Justice, Korea Immigration Service",https://www.immigration.go.kr/immigration/1570/subview.do,2425,9ec1d33f11a277483abbabd820566d7323bad9a5cd672bf54e1b728a98e08b5e
01_raw_data,refugee_statistics/archive/output/language_priority.csv,Refugee status determination statistics,"Ministry of Justice, Korea Immigration Service",https://www.immigration.go.kr/immigration/1570/subview.do,1525,1524d9bd151a784e9ffbe77aec1a953edd16d6e025a0d9a27612684d796572b2
01_raw_data,refugee_statistics/archive/output/refugee_dashboard.html,Refugee status determination statistics,"Ministry of Justice, Korea Immigration Service",https://www.immigration.go.kr/immigration/1570/subview.do,26651,1708c150a7997045ec06b1cb8b19b85144b8d01249516dc8d595b0ba8af1800f
01_raw_data,refugee_statistics/archive/output/refugee_dashboard_v2.html,Refugee status determination statistics,"Ministry of Justice, Korea Immigration Service",https://www.immigration.go.kr/immigration/1570/subview.do,96206,d27c4a3acf15956e855528b709c22f7a23eef878c323ad9a4e6a1c0410bfa9c3
01_raw_data,refugee_statistics/chat_logs/2026-05-20_language_figure_iteration.md,Refugee status determination statistics,"Ministry of Justice, Korea Immigration Service",https://www.immigration.go.kr/immigration/1570/subview.do,2111,a1ad18d22b1753aef20e9ea1b111000ab491cd5f428cc555961007ae2bafbf18
01_raw_data,refugee_statistics/chat_logs/2026-05-20_refugee_dashboard_v2_build.md,Refugee status determination statistics,"Ministry of Justice, Korea Immigration Service",https://www.immigration.go.kr/immigration/1570/subview.do,3744,898ea9fd71f36f48c9c3a39dc1af30d324a0373b0350653be9b34e23764cc42e
01_raw_data,refugee_statistics/output/refugee_applications_tidy.csv,Refugee status determination statistics,"Ministry of Justice, Korea Immigration Service",https://www.immigration.go.kr/immigration/1570/subview.do,2153,86fee288ea3711f772e089d61625938d6d93d44d986a1488ae4062eb2af04f00
01_raw_data,refugee_statistics/output/refugee_humanitarian_tidy.csv,Refugee status determination statistics,"Ministry of Justice, Korea Immigration Service",https://www.immigration.go.kr/immigration/1570/subview.do,2220,5077b7bc4463b371669edbfe8bc66fd09d0f7e8519015f83f93c72f54ef52ed8
01_raw_data,refugee_statistics/output/refugee_recognized_tidy.csv,Refugee status determination statistics,"Ministry of Justice, Korea Immigration Service",https://www.immigration.go.kr/immigration/1570/subview.do,2284,87c47d718454f69ad6438dd4f26e104b3b1f19e18f688edb3a6ecbe470464f19
01_raw_data,refugee_statistics/unhcr/UNHCR_RefugeeDataFinder_Copyright.pdf,Refugee status determination statistics,"Ministry of Justice, Korea Immigration Service",https://www.immigration.go.kr/immigration/1570/subview.do,105909,1e2109bed234764cc2edb85498ae8790ae934f3f9e55635332296a905a7d507c
01_raw_data,refugee_statistics/unhcr/footnotes.csv,Refugee status determination statistics,"Ministry of Justice, Korea Immigration Service",https://www.immigration.go.kr/immigration/1570/subview.do,7433,e490f3da141d27e47f02ea08549fb8f8ad4858fbcd9cd2f977ad9c128f8424bd
01_raw_data,refugee_statistics/unhcr/persons_of_concern.csv,Refugee status determination statistics,"Ministry of Justice, Korea Immigration Service",https://www.immigration.go.kr/immigration/1570/subview.do,21410,96aa9a69b7946de0520c9ded5590a985cd50542eba58fba1fad4c1807ee3b502
01_raw_data,공공데이터포털/법무부_불법체류 외국인 현황_20221231/법무부_국적별 불법체류 외국인 현황(2010~2022).csv,"MOJ undocumented foreign residents by year (법무부_불법체류 외국인 현황, dataset 15112636)","Ministry of Justice, via the Public Data Portal",https://www.data.go.kr/data/15112636/fileData.do,1004,90dcee2679a9482956eccf601170d7aaba30d42d222617870e711efe32e0d8da
01_raw_data,공공데이터포털/법무부_불법체류 외국인 현황_20221231/법무부_자격별 불법체류 외국인 현황(2010~2022).csv,"MOJ undocumented foreign residents by year (법무부_불법체류 외국인 현황, dataset 15112636)","Ministry of Justice, via the Public Data Portal",https://www.data.go.kr/data/15112636/fileData.do,1213,0c00d8487fc7a76ec87bd3de0647d1d635bb4e86e8d99f98a90c7b9bebdc24af
01_raw_data,공공데이터포털/법무부_불법체류 외국인 현황_20221231/출처.md,"MOJ undocumented foreign residents by year (법무부_불법체류 외국인 현황, dataset 15112636)","Ministry of Justice, via the Public Data Portal",https://www.data.go.kr/data/15112636/fileData.do,842,6a40a76ddb6d9b29dd9588314798ff47a1944b9b4e897004186ce49a51d35831
01_raw_data,주민등록인구 현황/2006-2007 시도 인구수 KOSIS.xlsx,Resident registration population statistics,Ministry of the Interior and Safety,https://jumin.mois.go.kr/,6152,a5c410921d06224b510cb7f8049814248545580f5a6103c35ed4a045527c8865
01_raw_data,주민등록인구 현황/200812_201512.xlsx,Resident registration population statistics,Ministry of the Interior and Safety,https://jumin.mois.go.kr/,71023,bf761b40b740b02762b9759a69c3bf02b933314d0631db3a8b37160965cac4f9
01_raw_data,주민등록인구 현황/201512_202412.xlsx,Resident registration population statistics,Ministry of the Interior and Safety,https://jumin.mois.go.kr/,94831,1539d732e8ef409b1a2dfe9ff116ec3e18ad0df1a36f402f796c32fde1f51673
01_raw_data,주민등록인구 현황/201512_202512.xls,Resident registration population statistics,Ministry of the Interior and Safety,https://jumin.mois.go.kr/,252416,2c137bd771e6b2e84dfc632a9d517fd9632a719995aea845bbedff77fe996c93
01_raw_data,주민등록인구 현황/읍면동_2024/202410_202410_주민등록인구및세대현황_월간.csv,Resident registration population statistics,Ministry of the Interior and Safety,https://jumin.mois.go.kr/,415201,643c1d41fbf6f448e587c3106b959d043973599f7c238a72a2feb80f38ddeb4f
01_raw_data,주민등록인구 현황/읍면동_2024/202410_202410_주민등록인구및세대현황_월간.xlsx,Resident registration population statistics,Ministry of the Interior and Safety,https://jumin.mois.go.kr/,225321,24fffe511b4288b44c5ea8aa95d3625ca059c207def4817ef867c22230501f0d
01_raw_data,주민등록인구 현황/읍면동_2024/202411_202411_주민등록인구및세대현황_월간.csv,Resident registration population statistics,Ministry of the Interior and Safety,https://jumin.mois.go.kr/,415186,ed68badf080b80ded53f6f380cbc0b074c59acfa27574e1104a1171670898bd9
01_raw_data,출입국통계연보/1999_출입국통계연보/501S.hwp,Korea Immigration Service Statistical Yearbook,"Ministry of Justice, Korea Immigration Service",https://www.immigration.go.kr/immigration/1570/subview.do,703332,6cf7713e6eea8e13fb6f86a2f116a448b1c5b48525b39289ad922120e34ad1a6
01_raw_data,출입국통계연보/1999_출입국통계연보/501j.hwp,Korea Immigration Service Statistical Yearbook,"Ministry of Justice, Korea Immigration Service",https://www.immigration.go.kr/immigration/1570/subview.do,258312,183d8d768e84adddd106d36aead85bf09f5a9bcdc85be6ae790e506aa1f16df0
01_raw_data,출입국통계연보/1999_출입국통계연보/501j1.hwp,Korea Immigration Service Statistical Yearbook,"Ministry of Justice, Korea Immigration Service",https://www.immigration.go.kr/immigration/1570/subview.do,86510,a01a9e07acdefcb46672f3082fa71f71a2ae41833ef0907e6c4f2f9206520bf6
01_raw_data,출입국통계연보/1999_출입국통계연보/501j2.hwp,Korea Immigration Service Statistical Yearbook,"Ministry of Justice, Korea Immigration Service",https://www.immigration.go.kr/immigration/1570/subview.do,594883,81bd6628b55e7384002a2c59c3969795bd7ec204911aef392782dc1a7b2eab0b
01_raw_data,출입국통계연보/1999_출입국통계연보/501j3.hwp,Korea Immigration Service Statistical Yearbook,"Ministry of Justice, Korea Immigration Service",https://www.immigration.go.kr/immigration/1570/subview.do,121541,f6609b2d3c03ae4ad76de04204dd4a2ca0cab5b1532ea49059f229c10e08c015
01_raw_data,출입국통계연보/1999_출입국통계연보/99통계H(편상무).hwp,Korea Immigration Service Statistical Yearbook,"Ministry of Justice, Korea Immigration Service",https://www.immigration.go.kr/immigration/1570/subview.do,78005,aacf6dfffca6ad5e95dc20194bc303ac1d730e8e50b52d2ae84649635637f0ea
01_raw_data,출입국통계연보/1999_출입국통계연보/99통계H1.hwp,Korea Immigration Service Statistical Yearbook,"Ministry of Justice, Korea Immigration Service",https://www.immigration.go.kr/immigration/1570/subview.do,670439,acd97c36423e904e62c04781509f88591939c24a60e827fe690bb6703b747d50
01_raw_data,출입국통계연보/1999_출입국통계연보/tong-06.hwp,Korea Immigration Service Statistical Yearbook,"Ministry of Justice, Korea Immigration Service",https://www.immigration.go.kr/immigration/1570/subview.do,618438,fad5c89868990370c06ac83f928b6aeb9cb5ad2022dc834091fd6c4ebc5a1f40
01_raw_data,출입국통계연보/2000_출입국통계연보/2.항구별 내외국인 출국자(Ⅳ).hwp,Korea Immigration Service Statistical Yearbook,"Ministry of Justice, Korea Immigration Service",https://www.immigration.go.kr/immigration/1570/subview.do,344193,cad53c20ce5cfcb978962b0ec9c2060b7a23a0da95d31b72f43d5ff85a179c2a
01_raw_data,출입국통계연보/2000_출입국통계연보/2000년 국적 및 체류기간별 외국인출국자 현황.xlsx,Korea Immigration Service Statistical Yearbook,"Ministry of Justice, Korea Immigration Service",https://www.immigration.go.kr/immigration/1570/subview.do,53448,3cd342151e4458cd1a2e2e51c0807bdb115356e04d523e556538447707aed9de
01_raw_data,출입국통계연보/2000_출입국통계연보/3.행선별 및 출국목적별~(IV).hwp,Korea Immigration Service Statistical Yearbook,"Ministry of Justice, Korea Immigration Service",https://www.immigration.go.kr/immigration/1570/subview.do,298899,d2454869c90e3b4571bf9c3e6b8ac411d1d0538fab3130aae57b31c74e07ff41
01_raw_data,출입국통계연보/2000_출입국통계연보/4.행선국및직업별~출국자(Ⅳ).hwp,Korea Immigration Service Statistical Yearbook,"Ministry of Justice, Korea Immigration Service",https://www.immigration.go.kr/immigration/1570/subview.do,308148,26ba36244e0e7db925b8ff6ad17a9bc01d609e23907a2524577d2d62c740f505
01_raw_data,출입국통계연보/2000_출입국통계연보/5.행선국 및 나이별~(Ⅳ).hwp,Korea Immigration Service Statistical Yearbook,"Ministry of Justice, Korea Immigration Service",https://www.immigration.go.kr/immigration/1570/subview.do,239615,f963067adfa3961ac5e7670584c93522f48f5836cfaa054548b028d8d45dd03e
01_raw_data,출입국통계연보/2000_출입국통계연보/6.행선국및월별~출국자(Ⅳ).hwp,Korea Immigration Service Statistical Yearbook,"Ministry of Justice, Korea Immigration Service",https://www.immigration.go.kr/immigration/1570/subview.do,244152,ca63c3430e20fedda83c964a0add5f6538b318482995335dd2030173f416cd9b
01_raw_data,출입국통계연보/2000_출입국통계연보/7.국적 및 체류자격별~(Ⅳ).hwp,Korea Immigration Service Statistical Yearbook,"Ministry of Justice, Korea Immigration Service",https://www.immigration.go.kr/immigration/1570/subview.do,536340,41b101940549c9dc41769627b721a0c18b6a638128578379101cbe7fe61f9867
01_raw_data,출입국통계연보/2000_출입국통계연보/8.국적및나이별~입국자(Ⅳ).hwp,Korea Immigration Service Statistical Yearbook,"Ministry of Justice, Korea Immigration Service",https://www.immigration.go.kr/immigration/1570/subview.do,247623,b9c60d26d286538e3ed707e8a0283fdd789b4f7edd647ac90e6d755b5f03a4cd
01_raw_data,출입국통계연보/2000_출입국통계연보/9.국적및월별외국인입국자(Ⅳ).hwp,Korea Immigration Service Statistical Yearbook,"Ministry of Justice, Korea Immigration Service",https://www.immigration.go.kr/immigration/1570/subview.do,232051,0cdc6a765a2052bd2e1ac118b98b41971390572628cabf2c3c07608f2ced17bd
01_raw_data,출입국통계연보/2000_출입국통계연보/목차 로마ⅠⅡⅢ.hwp,Korea Immigration Service Statistical Yearbook,"Ministry of Justice, Korea Immigration Service",https://www.immigration.go.kr/immigration/1570/subview.do,72998,bc039ae4cd2b40fa6af4b163cfc8e9cd1143a057c5ce40c2d5a5f52f596c48ec
01_raw_data,출입국통계연보/2000_출입국통계연보/V.2000년도 등록외국인 통계표/1. 국적 및 체류자격별 등록외국인.hwp,Korea Immigration Service Statistical Yearbook,"Ministry of Justice, Korea Immigration Service",https://www.immigration.go.kr/immigration/1570/subview.do,321886,56079f7be0a98d1d95dd8f3834c9d6cf76817207f1dc8aba633e89e5e0b71b81
01_raw_data,출입국통계연보/2000_출입국통계연보/V.2000년도 등록외국인 통계표/2. 지역 및 국적별 등록외국인.hwp,Korea Immigration Service Statistical Yearbook,"Ministry of Justice, Korea Immigration Service",https://www.immigration.go.kr/immigration/1570/subview.do,39218,2172308474e36eecb21326165a9158fcea75d82ea6e790ea5a9b34f324e34356
01_raw_data,출입국통계연보/2000_출입국통계연보/V.2000년도 등록외국인 통계표/3. 출입관리위반자 처리.hwp,Korea Immigration Service Statistical Yearbook,"Ministry of Justice, Korea Immigration Service",https://www.immigration.go.kr/immigration/1570/subview.do,261445,7c0ddbc444a5d03e85eebcff615a25a1132919fd350b214d81f2e7171fef53d4
01_raw_data,출입국통계연보/2000_출입국통계연보/V.2000년도 등록외국인 통계표/4. 등록외국인 불법체류 현황.hwp,Korea Immigration Service Statistical Yearbook,"Ministry of Justice, Korea Immigration Service",https://www.immigration.go.kr/immigration/1570/subview.do,201374,eb8815fa8286763ef2a5fdc5ebc54561b5db121dd5372cf2ff60b90505622759
01_raw_data,출입국통계연보/2000_출입국통계연보/V.2000년도 등록외국인 통계표/5. 체류허가 및 신고수리.hwp,Korea Immigration Service Statistical Yearbook,"Ministry of Justice, Korea Immigration Service",https://www.immigration.go.kr/immigration/1570/subview.do,42244,c296b07955d2b5bf5c10b591bf5e9e39e3ce5c0ccd8843e79a13fae1901ac87c
01_raw_data,출입국통계연보/2000_출입국통계연보/V.2000년도 등록외국인 통계표/6. 불법취업우려외국인 입국불허.hwp,Korea Immigration Service Statistical Yearbook,"Ministry of Justice, Korea Immigration Service",https://www.immigration.go.kr/immigration/1570/subview.do,44078,0c5ece10406313c54f06cd2ad48f48ab9b158424e1d6b7858dc85eac2d062f98
01_raw_data,출입국통계연보/2000_출입국통계연보/V.2000년도 등록외국인 통계표/7. 이중국적자 현황.hwp,Korea Immigration Service Statistical Yearbook,"Ministry of Justice, Korea Immigration Service",https://www.immigration.go.kr/immigration/1570/subview.do,77987,4f0c7c9c0c3e760052c81c4374061c8f18cffc6b7534710dce24c5e6138c4bf2
01_raw_data,출입국통계연보/2002_출입국통계연보/하시라.xls,Korea Immigration Service Statistical Yearbook,"Ministry of Justice, Korea Immigration Service",https://www.immigration.go.kr/immigration/1570/subview.do,48640,71eb6c7526920a8d6e5b828d92d3a75b244ffc942c828c9be34456192d0f810b
01_raw_data,출입국통계연보/2002_출입국통계연보/i~vi(106%)/i~vi(표지목차내용).hwp,Korea Immigration Service Statistical Yearbook,"Ministry of Justice, Korea Immigration Service",https://www.immigration.go.kr/immigration/1570/subview.do,117135,dc0d8ba62ff65f2a551ccd7ade60ff581c74da0f5feb75c4db95001f10f23b8e
01_raw_data,출입국통계연보/2002_출입국통계연보/v. 2002년도 출입국자 통계표/01.항구별 내.외국인 입국자.xls,Korea Immigration Service Statistical Yearbook,"Ministry of Justice, Korea Immigration Service",https://www.immigration.go.kr/immigration/1570/subview.do,199680,e6ebf6482e7885945a78a771cc4621a6ecc12836a7f80ded333fb18232f8590f
01_raw_data,출입국통계연보/2002_출입국통계연보/v. 2002년도 출입국자 통계표/02. 항구별 내.외국인출국자.xls,Korea Immigration Service Statistical Yearbook,"Ministry of Justice, Korea Immigration Service",https://www.immigration.go.kr/immigration/1570/subview.do,204288,9a392ab3ec6be598416bbd7f7af1a494d875f442b7232c49ae3d74a5460108f9
01_raw_data,출입국통계연보/2002_출입국통계연보/v. 2002년도 출입국자 통계표/03. 행선국 및 출국목적별 국민출국자(승무원제외).xls,Korea Immigration Service Statistical Yearbook,"Ministry of Justice, Korea Immigration Service",https://www.immigration.go.kr/immigration/1570/subview.do,124928,5e120c750440d655cf4c5ebd1f9236e47210cbdd433a41a16a4cd5e3952c1656
01_raw_data,출입국통계연보/2002_출입국통계연보/v. 2002년도 출입국자 통계표/04. 행선국 및 직업별 국민출국자(승무원제외).xls,Korea Immigration Service Statistical Yearbook,"Ministry of Justice, Korea Immigration Service",https://www.immigration.go.kr/immigration/1570/subview.do,134144,e2c61bdc5aa11af7ae8f4e1ec23fd3f4cbe11135cb9186953215c3459401a646
01_raw_data,출입국통계연보/2002_출입국통계연보/v. 2002년도 출입국자 통계표/05. 행선국 및 나이별 국민출국자(승무원제외).xls,Korea Immigration Service Statistical Yearbook,"Ministry of Justice, Korea Immigration Service",https://www.immigration.go.kr/immigration/1570/subview.do,103936,6d8e6dfb85be3b48d540fad380320881dcc59f94baafc3c066d5e501da46a655
01_raw_data,출입국통계연보/2002_출입국통계연보/v. 2002년도 출입국자 통계표/06. 행선국 및 월별국민출국자.xls,Korea Immigration Service Statistical Yearbook,"Ministry of Justice, Korea Immigration Service",https://www.immigration.go.kr/immigration/1570/subview.do,107008,24c780ed0cd1779e3329d090c33904732ebb72756f37c0a89002373e340e2909
01_raw_data,출입국통계연보/2002_출입국통계연보/v. 2002년도 출입국자 통계표/07. 국적 및 체류자격별 외국인입국자.xls,Korea Immigration Service Statistical Yearbook,"Ministry of Justice, Korea Immigration Service",https://www.immigration.go.kr/immigration/1570/subview.do,199168,40cac3aaea8cfebf19f8a2ab29e36c336d2ab9614291f70586f87ef3c7808b29
01_raw_data,출입국통계연보/2002_출입국통계연보/v. 2002년도 출입국자 통계표/08. 국적 및 년령별 외국인입국자.xls,Korea Immigration Service Statistical Yearbook,"Ministry of Justice, Korea Immigration Service",https://www.immigration.go.kr/immigration/1570/subview.do,107008,d1f09df4d02bd68e2754c5d43e81076931af7dfdb6662ce052bc341a9a8e8b9b
01_raw_data,출입국통계연보/2002_출입국통계연보/v. 2002년도 출입국자 통계표/09. 국적 및 월별외국입국자.xls,Korea Immigration Service Statistical Yearbook,"Ministry of Justice, Korea Immigration Service",https://www.immigration.go.kr/immigration/1570/subview.do,104448,56f322d15a975267ba7bdb7ee5153618c5ae56e0d21bd26b313fafc2364d6971
01_raw_data,출입국통계연보/2002_출입국통계연보/v. 2002년도 출입국자 통계표/10. 국적 및 체류기간별 외국인출국자.xls,Korea Immigration Service Statistical Yearbook,"Ministry of Justice, Korea Immigration Service",https://www.immigration.go.kr/immigration/1570/subview.do,114688,74ac2b2e7cadcb27d63fc6f86809a8cf05801ff29fb3f7be0978a135d17833f1
01_raw_data,출입국통계연보/2002_출입국통계연보/v. 2002년도 출입국자 통계표/11. 국적별상륙허가자현황.xls,Korea Immigration Service Statistical Yearbook,"Ministry of Justice, Korea Immigration Service",https://www.immigration.go.kr/immigration/1570/subview.do,37888,01a61a9ef756994a53a42c77066e7ab76bfd0b0db38946cd3505ac1377af2cec
01_raw_data,출입국통계연보/2002_출입국통계연보/v. 2002년도 출입국자 통계표/12. 항구별승무원상륙 및 상륙허가자 출국.xls,Korea Immigration Service Statistical Yearbook,"Ministry of Justice, Korea Immigration Service",https://www.immigration.go.kr/immigration/1570/subview.do,16896,ed83b4a7928a9480946e2c09c8cfae29b3a0c5b173ae6991638d05b092c37434
01_raw_data,출입국통계연보/2002_출입국통계연보/v. 2002년도 출입국자 통계표/13(14). 항구별 입출항 선박 및 선원현황.xls,Korea Immigration Service Statistical Yearbook,"Ministry of Justice, Korea Immigration Service",https://www.immigration.go.kr/immigration/1570/subview.do,19456,da5a20ae65ffe674be0298432105d3e293cf4731eddec9c5923d1aabb3e17e9b
01_raw_data,출입국통계연보/2002_출입국통계연보/v. 2002년도 출입국자 통계표/15. 국적별 입출항 선박 및 선원.xls,Korea Immigration Service Statistical Yearbook,"Ministry of Justice, Korea Immigration Service",https://www.immigration.go.kr/immigration/1570/subview.do,27648,847aa3a48147527d1c85e76494bf817811ce219b1feed5dbb29b3f7646a10e33
01_raw_data,출입국통계연보/2002_출입국통계연보/v. 2002년도 출입국자 통계표/16. 국적별 입출항 항공기 및 승무원.xls,Korea Immigration Service Statistical Yearbook,"Ministry of Justice, Korea Immigration Service",https://www.immigration.go.kr/immigration/1570/subview.do,25088,210dd4736393ef432d4695e4ac16db21e28364c560ebad6818011c8aa0f7a844
01_raw_data,출입국통계연보/2002_출입국통계연보/vi. 2002년도 등록외국인 통계표/(편집)01.국적및체류자격별.xls,Korea Immigration Service Statistical Yearbook,"Ministry of Justice, Korea Immigration Service",https://www.immigration.go.kr/immigration/1570/subview.do,143360,e52017bb101d5303cad750eda80428d48017f9920d449bbacfad062b5d660e88
01_raw_data,출입국통계연보/2002_출입국통계연보/vi. 2002년도 등록외국인 통계표/(편집)02.지역및국적별.xls,Korea Immigration Service Statistical Yearbook,"Ministry of Justice, Korea Immigration Service",https://www.immigration.go.kr/immigration/1570/subview.do,25088,6079dc2a9ddb33093ab62c040926c11bbd4eae2f7397d1c503a4230dd5e367f1
01_raw_data,출입국통계연보/2002_출입국통계연보/vi. 2002년도 등록외국인 통계표/(편집)03-2.출입국관리법위반자처리현황(국적및조치별).xls,Korea Immigration Service Statistical Yearbook,"Ministry of Justice, Korea Immigration Service",https://www.immigration.go.kr/immigration/1570/subview.do,39424,64c844d1ac776e3426ab306f7881b35b7b7646afc3e9c169eb4d503cc3c64b52
01_raw_data,출입국통계연보/2002_출입국통계연보/vi. 2002년도 등록외국인 통계표/(편집)03-3.출입국관리법위반자처리현황(사무소및조치별).xls,Korea Immigration Service Statistical Yearbook,"Ministry of Justice, Korea Immigration Service",https://www.immigration.go.kr/immigration/1570/subview.do,20992,beab300bfbbca7f00a9cd09fe1c8a79797980813ad46e0cb7de1d565ea7989ab
01_raw_data,출입국통계연보/2002_출입국통계연보/vi. 2002년도 등록외국인 통계표/(편집)03-4.출입국관리법위반자처리현황(사무소및유형별).xls,Korea Immigration Service Statistical Yearbook,"Ministry of Justice, Korea Immigration Service",https://www.immigration.go.kr/immigration/1570/subview.do,30720,0b96eed4f70876d42d30dcb2000dfe4b4d6e1717724e6f12c11d94c427f47e7a
01_raw_data,출입국통계연보/2002_출입국통계연보/vi. 2002년도 등록외국인 통계표/(편집)03-5.위반법조항별.xls,Korea Immigration Service Statistical Yearbook,"Ministry of Justice, Korea Immigration Service",https://www.immigration.go.kr/immigration/1570/subview.do,24576,c2caa7bfa0d7292ba15874d447add4595d5d8cbecc0983e131915bb2435e4747
01_raw_data,출입국통계연보/2002_출입국통계연보/vi. 2002년도 등록외국인 통계표/(편집)03.출입국관리법위반자처리현황(국적및유형별).xls,Korea Immigration Service Statistical Yearbook,"Ministry of Justice, Korea Immigration Service",https://www.immigration.go.kr/immigration/1570/subview.do,80896,708d15273cd89846e6762487060e8e76a0e7080de0780ad47a7079c77912e4aa
01_raw_data,출입국통계연보/2002_출입국통계연보/vi. 2002년도 등록외국인 통계표/(편집)04.등록외국인 불법체류 현황.xls,Korea Immigration Service Statistical Yearbook,"Ministry of Justice, Korea Immigration Service",https://www.immigration.go.kr/immigration/1570/subview.do,162304,381bed2592f8fa5925fdf763e0126963fb81ecaea8baf08211ac9d91a0e6793a
01_raw_data,출입국통계연보/2002_출입국통계연보/vi. 2002년도 등록외국인 통계표/(편집)05.체류허가및신고.xls,Korea Immigration Service Statistical Yearbook,"Ministry of Justice, Korea Immigration Service",https://www.immigration.go.kr/immigration/1570/subview.do,20992,db9b51c8139c03338e1abec6fdf1f1eaedf7f514812f455b415975b71336ba81
01_raw_data,출입국통계연보/2002_출입국통계연보/vi. 2002년도 등록외국인 통계표/(편집)06. 불법취업우려 외국인 입국불허.xls,Korea Immigration Service Statistical Yearbook,"Ministry of Justice, Korea Immigration Service",https://www.immigration.go.kr/immigration/1570/subview.do,50688,01e7840ab4fe9bb789ae84791cc6d2eef99889d92949a98375ff85be1c893bf4
01_raw_data,출입국통계연보/2002_출입국통계연보/vi. 2002년도 등록외국인 통계표/(편집)07.외국국적동포 거소신고자 현황.xls,Korea Immigration Service Statistical Yearbook,"Ministry of Justice, Korea Immigration Service",https://www.immigration.go.kr/immigration/1570/subview.do,18432,b397c286ffd27e2375a79323067ccd7e3ff194d9c33d074841c730f0476eedf9
01_raw_data,출입국통계연보/2002_출입국통계연보/vi. 2002년도 등록외국인 통계표/(편집)08.단기체류자격별.xls,Korea Immigration Service Statistical Yearbook,"Ministry of Justice, Korea Immigration Service",https://www.immigration.go.kr/immigration/1570/subview.do,173056,73594a996d740ab517561202e51d0d8bdf6b1a1e55790769a0b782d290d8c5ef
01_raw_data,출입국통계연보/2002_출입국통계연보/vi. 2002년도 등록외국인 통계표/(편집)09.단기체류 연령별.xls,Korea Immigration Service Statistical Yearbook,"Ministry of Justice, Korea Immigration Service",https://www.immigration.go.kr/immigration/1570/subview.do,94720,5fa31b138bcd126fcd1d731a4c9db774b57aa3eb53079e7b0bf2e501589680c2
01_raw_data,출입국통계연보/2002_출입국통계연보/vi. 2002년도 등록외국인 통계표/(편집)10.단기불법체류자.xls,Korea Immigration Service Statistical Yearbook,"Ministry of Justice, Korea Immigration Service",https://www.immigration.go.kr/immigration/1570/subview.do,129024,132cfd9083f9456240424a32a020ed7947d16027be9d16f5e24ad35ae93decb3
01_raw_data,출입국통계연보/2002_출입국통계연보/vi. 2002년도 등록외국인 통계표/(편집)11.단기불법체류자(기간별).xls,Korea Immigration Service Statistical Yearbook,"Ministry of Justice, Korea Immigration Service",https://www.immigration.go.kr/immigration/1570/subview.do,79872,fb37a64002b04efa318aa9cc266d5ac17a780d97b83146073ffe943b55306138
01_raw_data,출입국통계연보/2002_출입국통계연보/vi. 2002년도 등록외국인 통계표/(편집)12.단기불법체류자(연령별).xls,Korea Immigration Service Statistical Yearbook,"Ministry of Justice, Korea Immigration Service",https://www.immigration.go.kr/immigration/1570/subview.do,86016,12b300d8c17771fb6d79e3fa1145b1fde0011f6df8ba2943c92c4557e7ff2983
01_raw_data,출입국통계연보/2002_출입국통계연보/vi. 2002년도 등록외국인 통계표/(편집)13.장단기체류외국인(자격별).xls,Korea Immigration Service Statistical Yearbook,"Ministry of Justice, Korea Immigration Service",https://www.immigration.go.kr/immigration/1570/subview.do,356352,58a1e71c523064a9e58efb5fb121116948057b5a0f35f0717769c1d47c1c7a8f
01_raw_data,출입국통계연보/2002_출입국통계연보/vi. 2002년도 등록외국인 통계표/(편집)14.장단기불체자(자격별).xls,Korea Immigration Service Statistical Yearbook,"Ministry of Justice, Korea Immigration Service",https://www.immigration.go.kr/immigration/1570/subview.do,166912,978fd845dc3fd49c3609ad3a81eb48177afed45b1c43961534f37af2d2aa1b9a
01_raw_data,출입국통계연보/2002_출입국통계연보/vii. 2002년도 사증발급 통계표/(편집)1.사증발급허가자현황.xls,Korea Immigration Service Statistical Yearbook,"Ministry of Justice, Korea Immigration Service",https://www.immigration.go.kr/immigration/1570/subview.do,58880,5af1866f279474403435f70fd36b23a5bfb0d76d3c61bfd4852c1272920a63a0
01_raw_data,출입국통계연보/2002_출입국통계연보/vii. 2002년도 사증발급 통계표/(편집)2.사증발급인정서발급현황.xls,Korea Immigration Service Statistical Yearbook,"Ministry of Justice, Korea Immigration Service",https://www.immigration.go.kr/immigration/1570/subview.do,115200,f7a3d4246f836b409448d6a04a238187066028ce6344ff43eeb7d822544d1f5c
01_raw_data,출입국통계연보/2002_출입국통계연보/vii. 2002년도 사증발급 통계표/(편집)3.산업연수사증발급인정서.xls,Korea Immigration Service Statistical Yearbook,"Ministry of Justice, Korea Immigration Service",https://www.immigration.go.kr/immigration/1570/subview.do,29184,c5ed90a98e75609e874039554224c23fac9ae594846f571c507fa0e44c50580b
01_raw_data,출입국통계연보/2002_출입국통계연보/viii. 2002年度 南北往來者 統計/(편집)1. 항구별 입항(도착) 내.외국인.xls,Korea Immigration Service Statistical Yearbook,"Ministry of Justice, Korea Immigration Service",https://www.immigration.go.kr/immigration/1570/subview.do,41472,fe180ff4c6678b48bcce2fccbfab20440ef06e8476ad221e8310355e8625043e
01_raw_data,출입국통계연보/2002_출입국통계연보/viii. 2002年度 南北往來者 統計/(편집)2. 항구별 출항(출항) 내.외국인.xls,Korea Immigration Service Statistical Yearbook,"Ministry of Justice, Korea Immigration Service",https://www.immigration.go.kr/immigration/1570/subview.do,39424,4d979e1e741175ef80c8db11c6a26cd1a09547538022bc57d65c7841d94a7a2f
01_raw_data,출입국통계연보/2002_출입국통계연보/viii. 2002年度 南北往來者 統計/(편집)3. 목적별 국민방북자.xls,Korea Immigration Service Statistical Yearbook,"Ministry of Justice, Korea Immigration Service",https://www.immigration.go.kr/immigration/1570/subview.do,15360,6d87de5b2cb50251eda9b57ed020fbb10babcde74dac0266df0e55b334c928a1
01_raw_data,출입국통계연보/2002_출입국통계연보/viii. 2002年度 南北往來者 統計/(편집)4. 직업별 국민방북자.xls,Korea Immigration Service Statistical Yearbook,"Ministry of Justice, Korea Immigration Service",https://www.immigration.go.kr/immigration/1570/subview.do,16384,5df69ebd5013726407fdb9a5932a627b00fa087372016d14c78577ef0dba6430
01_raw_data,출입국통계연보/2002_출입국통계연보/viii. 2002年度 南北往來者 統計/(편집)5. 연령별 국민방북자.xls,Korea Immigration Service Statistical Yearbook,"Ministry of Justice, Korea Immigration Service",https://www.immigration.go.kr/immigration/1570/subview.do,15872,952b728c2e66cf61aa39d209225380ecd3ea2566c5b4734e49d58d55d6de9125
01_raw_data,출입국통계연보/2002_출입국통계연보/viii. 2002年度 南北往來者 統計/(편집)6. 국적 및 체류자격별 입항(도착)  외국인.xls,Korea Immigration Service Statistical Yearbook,"Ministry of Justice, Korea Immigration Service",https://www.immigration.go.kr/immigration/1570/subview.do,44544,29ff0ec7e15c877b412c54631fce459f84a449f5108c6f41873eda42e503993c
01_raw_data,출입국통계연보/2002_출입국통계연보/viii. 2002年度 南北往來者 統計/ⅦI.2001년도 남북왕래자~.hwp,Korea Immigration Service Statistical Yearbook,"Ministry of Justice, Korea Immigration Service",https://www.immigration.go.kr/immigration/1570/subview.do,28757,550661f7e2461a19035f1c8bdcbc8aff0d4b32e047ba13033d4706c21e7fb00e
01_raw_data,출입국통계연보/2002_출입국통계연보/viii. 2002年度 南北往來者 統計/인쇄안함(편집)7. 나이별입항외국인.xls,Korea Immigration Service Statistical Yearbook,"Ministry of Justice, Korea Immigration Service",https://www.immigration.go.kr/immigration/1570/subview.do,39424,cb8f732aa15ec465e761799fb33700724c0a30e84ee23ea6244644c1b1b91e7d
01_raw_data,출입국통계연보/2003_출입국통계연보/iv. 2003년도 출입국자 통계표/1. 港口別 內·外國人 入國者.xls,Korea Immigration Service Statistical Yearbook,"Ministry of Justice, Korea Immigration Service",https://www.immigration.go.kr/immigration/1570/subview.do,145408,d2600fd5d303169289df0c0b447615a680cf98f37422853cf6e603bb744f84fb
01_raw_data,출입국통계연보/2003_출입국통계연보/iv. 2003년도 출입국자 통계표/10. 국적 및 체류기간별 외국인 출국자.xls,Korea Immigration Service Statistical Yearbook,"Ministry of Justice, Korea Immigration Service",https://www.immigration.go.kr/immigration/1570/subview.do,125952,bb7a8747e78e76a7f01e3624db5294fce1c792b0ed006afd56d6e67ae71c3f23
01_raw_data,출입국통계연보/2003_출입국통계연보/iv. 2003년도 출입국자 통계표/11. 국적별 상륙허가자.xls,Korea Immigration Service Statistical Yearbook,"Ministry of Justice, Korea Immigration Service",https://www.immigration.go.kr/immigration/1570/subview.do,41472,06e5e17419e0dd57d19c2d1836c8a3e97b0a9ea3203ea7ed3b692d79199a2505
01_raw_data,출입국통계연보/2003_출입국통계연보/iv. 2003년도 출입국자 통계표/12. 항구별 승무원 상륙 및 상륙허가자 출국.xls,Korea Immigration Service Statistical Yearbook,"Ministry of Justice, Korea Immigration Service",https://www.immigration.go.kr/immigration/1570/subview.do,18432,78a413a4085234fc9d3e46ccb701077d384484bc789217e500bd832967e7740b
01_raw_data,출입국통계연보/2003_출입국통계연보/iv. 2003년도 출입국자 통계표/13-14. 항구별 입.출항 선박 및 선원.xls,Korea Immigration Service Statistical Yearbook,"Ministry of Justice, Korea Immigration Service",https://www.immigration.go.kr/immigration/1570/subview.do,22016,8497803ab1e7e45157ecfe286df76949bb6cce06d845312e2c980a6d5f00e1a6
01_raw_data,출입국통계연보/2003_출입국통계연보/iv. 2003년도 출입국자 통계표/15. 국적별 입.출항 선박 및 선원.xls,Korea Immigration Service Statistical Yearbook,"Ministry of Justice, Korea Immigration Service",https://www.immigration.go.kr/immigration/1570/subview.do,28672,b7b36cc8d5042c3d29d43a6f6116a4aa4a2a1a2d9b70e6ede0dfe466841ad467
01_raw_data,출입국통계연보/2003_출입국통계연보/iv. 2003년도 출입국자 통계표/16. 국적별 입.출항 항공기 및 승무원.xls,Korea Immigration Service Statistical Yearbook,"Ministry of Justice, Korea Immigration Service",https://www.immigration.go.kr/immigration/1570/subview.do,26112,f222ef4a690e4b23cb5ffd50d29726bd6fa270aeee60c5b7c200df94600c46f9
01_raw_data,출입국통계연보/2003_출입국통계연보/iv. 2003년도 출입국자 통계표/2. 港口別 內·外國人 出國者.xls,Korea Immigration Service Statistical Yearbook,"Ministry of Justice, Korea Immigration Service",https://www.immigration.go.kr/immigration/1570/subview.do,142336,39019a47cf3a0bc0572fa8e06972417034bb7842bcb6e70a0d4a7ee3ff9bbe1d
01_raw_data,출입국통계연보/2003_출입국통계연보/iv. 2003년도 출입국자 통계표/3. 行先國 및 出國目的別 國民 出國者.xls,Korea Immigration Service Statistical Yearbook,"Ministry of Justice, Korea Immigration Service",https://www.immigration.go.kr/immigration/1570/subview.do,250368,d8a4f35e4dc2507a6034f8d3114640fc239206d6d8fcee7536ba0db1dc7ad123
01_raw_data,출입국통계연보/2003_출입국통계연보/iv. 2003년도 출입국자 통계표/4. 行先國 및 職業別 國民 出國者.xls,Korea Immigration Service Statistical Yearbook,"Ministry of Justice, Korea Immigration Service",https://www.immigration.go.kr/immigration/1570/subview.do,116736,4029344766e3a647375e52c5222136452225010cb2ea5529da9385b2359ea01f
01_raw_data,출입국통계연보/2003_출입국통계연보/iv. 2003년도 출입국자 통계표/5.행선국 및 연령별 국민 출국자.xls,Korea Immigration Service Statistical Yearbook,"Ministry of Justice, Korea Immigration Service",https://www.immigration.go.kr/immigration/1570/subview.do,99840,efd0d64d196f29986e31112d6f475752bf7cb72ad1b77cb1d5bc5925cad4be82
01_raw_data,출입국통계연보/2003_출입국통계연보/iv. 2003년도 출입국자 통계표/6.행선국 및 월별 국민 출국자.xls,Korea Immigration Service Statistical Yearbook,"Ministry of Justice, Korea Immigration Service",https://www.immigration.go.kr/immigration/1570/subview.do,99328,4e8ac1bab740904abd01a764474003e85b2bca0411013aff0724328c95387f22
01_raw_data,출입국통계연보/2003_출입국통계연보/iv. 2003년도 출입국자 통계표/7.국적 및 체류자격별 외국인 입국자.xls,Korea Immigration Service Statistical Yearbook,"Ministry of Justice, Korea Immigration Service",https://www.immigration.go.kr/immigration/1570/subview.do,560640,b0db67b49a94aa0aba8a3e67c7e33a5a3f940f351da3b22744b8a012e054f980
01_raw_data,출입국통계연보/2003_출입국통계연보/iv. 2003년도 출입국자 통계표/8. 국적 및 년령별 외국인 입국자.xls,Korea Immigration Service Statistical Yearbook,"Ministry of Justice, Korea Immigration Service",https://www.immigration.go.kr/immigration/1570/subview.do,92160,78db74307407609df9fa6164edee33804e446bc91b7f01e290cbaa00d2402de5
01_raw_data,출입국통계연보/2003_출입국통계연보/iv. 2003년도 출입국자 통계표/9. 국적 및 월별 외국인 입국자.xls,Korea Immigration Service Statistical Yearbook,"Ministry of Justice, Korea Immigration Service",https://www.immigration.go.kr/immigration/1570/subview.do,99328,2a7d031431dc473f0b37eca724eb1351b0714a158a9ba85908f8ab17c8ca7b7d
01_raw_data,출입국통계연보/2003_출입국통계연보/iv. 2003년도 출입국자 통계표/간지-Ⅳ. 2003年度 出入國者 統計表.hwp,Korea Immigration Service Statistical Yearbook,"Ministry of Justice, Korea Immigration Service",https://www.immigration.go.kr/immigration/1570/subview.do,22095,88057fc7304eabcb0297e433ffedaeef41b1816f1d9b9e7b135231ccf2fcdbdf
01_raw_data,"출입국통계연보/2003_출입국통계연보/i~iii 목차 등/i~iii(표지,목차.내용)(103%).hwp",Korea Immigration Service Statistical Yearbook,"Ministry of Justice, Korea Immigration Service",https://www.immigration.go.kr/immigration/1570/subview.do,81178,2d4ece38d8e37554be4c183d9b96947c0ba84286f4c7ffb639978cd8782de504
01_raw_data,"출입국통계연보/2003_출입국통계연보/i~iii 목차 등/로마(IV,V,VI)쪽자.hwp",Korea Immigration Service Statistical Yearbook,"Ministry of Justice, Korea Immigration Service",https://www.immigration.go.kr/immigration/1570/subview.do,22341,b4098a1593cab23c0da7bddb671277d591a94fdd070653ae5266948ee9141552
01_raw_data,출입국통계연보/2003_출입국통계연보/v. 등록외국인 통계표/(01)국적 및 체류자격별 등록외국인.xls,Korea Immigration Service Statistical Yearbook,"Ministry of Justice, Korea Immigration Service",https://www.immigration.go.kr/immigration/1570/subview.do,177664,16cc4256f976afa6bdf6b8dd68850985073cd1e2f459fe06265012017fa70416
01_raw_data,출입국통계연보/2003_출입국통계연보/v. 등록외국인 통계표/(02)지역 및 국적별 등록외국인.xls,Korea Immigration Service Statistical Yearbook,"Ministry of Justice, Korea Immigration Service",https://www.immigration.go.kr/immigration/1570/subview.do,22016,758c659b82783bd1fe807395515f812bde97aefb4bc25da18b32602d9ac63179
01_raw_data,출입국통계연보/2003_출입국통계연보/v. 등록외국인 통계표/(03-1)출입국관리법 위반자 처리(국적 및 유형별).xls,Korea Immigration Service Statistical Yearbook,"Ministry of Justice, Korea Immigration Service",https://www.immigration.go.kr/immigration/1570/subview.do,80896,156b3b71c0cbe5470c927af8674a4fdc9b7d40ca25bc259007eacd767226486f
01_raw_data,출입국통계연보/2003_출입국통계연보/v. 등록외국인 통계표/(03-2)출입국관리법 위반자 처리(국적 및 조치별).xls,Korea Immigration Service Statistical Yearbook,"Ministry of Justice, Korea Immigration Service",https://www.immigration.go.kr/immigration/1570/subview.do,72192,f8c7642aab90e695a20bca0e08917a16206b0e4e04b10f4647430fd22865393c
01_raw_data,출입국통계연보/2003_출입국통계연보/v. 등록외국인 통계표/(03-3)출입국관리법 위반자 처리(사무소 및 조치별).xls,Korea Immigration Service Statistical Yearbook,"Ministry of Justice, Korea Immigration Service",https://www.immigration.go.kr/immigration/1570/subview.do,22528,16c9bbc700f41c8f259937d750e83d47f805d3535d43c4cca3f1a09192631a0a
01_raw_data,출입국통계연보/2003_출입국통계연보/v. 등록외국인 통계표/(03-4)출입국관리법 위반자 처리(사무소 및 유형별).xls,Korea Immigration Service Statistical Yearbook,"Ministry of Justice, Korea Immigration Service",https://www.immigration.go.kr/immigration/1570/subview.do,31744,79e37a93e461e6527d16356d94cd9004c778061b26d51ecb6b8117e8e5a13315
01_raw_data,"출입국통계연보/2003_출입국통계연보/v. 등록외국인 통계표/(03-5)출입국관리법 위반자 처리(법조항,조치별).xls",Korea Immigration Service Statistical Yearbook,"Ministry of Justice, Korea Immigration Service",https://www.immigration.go.kr/immigration/1570/subview.do,27136,3ecb351eadb5b5e231d5c102fa34f4e0496a8b83676620d3e6a244c0f036a32b
01_raw_data,출입국통계연보/2003_출입국통계연보/v. 등록외국인 통계표/(04)등록외국인 불법체류 현황.xls,Korea Immigration Service Statistical Yearbook,"Ministry of Justice, Korea Immigration Service",https://www.immigration.go.kr/immigration/1570/subview.do,123904,6650b5456bbb0760ee289c3c14e487d8c62770346ffa5581d169041b2f81ac5e
01_raw_data,출입국통계연보/2003_출입국통계연보/v. 등록외국인 통계표/(04-1)등록외국인 불법체류 현황(전체).xls,Korea Immigration Service Statistical Yearbook,"Ministry of Justice, Korea Immigration Service",https://www.immigration.go.kr/immigration/1570/subview.do,132608,c3872bd9ad62bd485d6985bb4b2e6771293358d1f703d849d51e778f194ca1ea
01_raw_data,출입국통계연보/2003_출입국통계연보/v. 등록외국인 통계표/(05)체류허가 및 신고 수리.xls,Korea Immigration Service Statistical Yearbook,"Ministry of Justice, Korea Immigration Service",https://www.immigration.go.kr/immigration/1570/subview.do,23040,bcdfc01d061e6e87fe61f6f004109519daaeddd49772ada86d5a58709d7f72ce
01_raw_data,출입국통계연보/2003_출입국통계연보/v. 등록외국인 통계표/(06)불법취업우려 외국인 입국불허.xls,Korea Immigration Service Statistical Yearbook,"Ministry of Justice, Korea Immigration Service",https://www.immigration.go.kr/immigration/1570/subview.do,29184,7d1afeae34fcae9e3ae55d5c4df594a439a849f6038269cb133a831da49b84b2
01_raw_data,출입국통계연보/2003_출입국통계연보/v. 등록외국인 통계표/(07)외국국적동포 거소신고 현황.xls,Korea Immigration Service Statistical Yearbook,"Ministry of Justice, Korea Immigration Service",https://www.immigration.go.kr/immigration/1570/subview.do,30208,14e0eb3eb3992d6a8d2440e4a6a6670d952cbf879f6aff2eaf2bbfb201950729
01_raw_data,출입국통계연보/2003_출입국통계연보/v. 등록외국인 통계표/(08)단기 체류외국인 체류자격별 현황.xls,Korea Immigration Service Statistical Yearbook,"Ministry of Justice, Korea Immigration Service",https://www.immigration.go.kr/immigration/1570/subview.do,165888,7ed4d0cf79b20818dc1fd72c131c23eaef1871032c5432fd9372ea89132cdf37
01_raw_data,출입국통계연보/2003_출입국통계연보/v. 등록외국인 통계표/(09)단기 체류외국인 연령별 현황.xls,Korea Immigration Service Statistical Yearbook,"Ministry of Justice, Korea Immigration Service",https://www.immigration.go.kr/immigration/1570/subview.do,92160,5225175c0e8f530a21646386f995ecd9eb952946e7a4059e3dd081ad397ed12c
01_raw_data,출입국통계연보/2003_출입국통계연보/v. 등록외국인 통계표/(10)단기 불법체류외국인 체류자격별 현황.xls,Korea Immigration Service Statistical Yearbook,"Ministry of Justice, Korea Immigration Service",https://www.immigration.go.kr/immigration/1570/subview.do,140800,7351de45ec92d0701118459691f1a212ac879d8528f50e2f220fda6d71a92d5f
01_raw_data,출입국통계연보/2003_출입국통계연보/v. 등록외국인 통계표/(10-1)단기 불법체류외국인 체류자격별 현황.xls,Korea Immigration Service Statistical Yearbook,"Ministry of Justice, Korea Immigration Service",https://www.immigration.go.kr/immigration/1570/subview.do,144896,253d91647599220a0077825edec6e2c35d63a601817cf1885fb327388b427c6d
01_raw_data,출입국통계연보/2003_출입국통계연보/v. 등록외국인 통계표/(11)단기 불법체류외국인 체류기간별 현황.xls,Korea Immigration Service Statistical Yearbook,"Ministry of Justice, Korea Immigration Service",https://www.immigration.go.kr/immigration/1570/subview.do,76288,5a9302c96f5ff83c775c4b24ee25b0a3a4830d3637764ed54e4e74780a0a76f7
01_raw_data,출입국통계연보/2003_출입국통계연보/v. 등록외국인 통계표/(11-1)단기 불법체류외국인 체류기간별 현황.xls,Korea Immigration Service Statistical Yearbook,"Ministry of Justice, Korea Immigration Service",https://www.immigration.go.kr/immigration/1570/subview.do,81408,f9104f98417ede5e759d69569f332ceabe91d7bad7b58f1d4935150ea155b32c
01_raw_data,출입국통계연보/2003_출입국통계연보/v. 등록외국인 통계표/(12)단기 불법체류외국인 연령별 현황.xls,Korea Immigration Service Statistical Yearbook,"Ministry of Justice, Korea Immigration Service",https://www.immigration.go.kr/immigration/1570/subview.do,72192,9dc583b41488a5b0c16a35cf3340aa915addc67b43c064356f42a47c63c0f914
01_raw_data,출입국통계연보/2003_출입국통계연보/v. 등록외국인 통계표/(12-1)단기 불법체류외국인 연령별 현황.xls,Korea Immigration Service Statistical Yearbook,"Ministry of Justice, Korea Immigration Service",https://www.immigration.go.kr/immigration/1570/subview.do,74240,c772c4dfe89e010b14639d6a8dbd5f99e29a12ce2000325f1809c808c2cbfb21
01_raw_data,"출입국통계연보/2003_출입국통계연보/v. 등록외국인 통계표/(13)장,단기 체류외국인 국적 및 체류자격별 현황.xls",Korea Immigration Service Statistical Yearbook,"Ministry of Justice, Korea Immigration Service",https://www.immigration.go.kr/immigration/1570/subview.do,216064,9b645da928930778dba9b1788b0581f691ba7fbf2d9fa556586103b977427196
01_raw_data,"출입국통계연보/2003_출입국통계연보/v. 등록외국인 통계표/(14)장,단기 불법체류외국인 국적 및 체류자격별 현황.xls",Korea Immigration Service Statistical Yearbook,"Ministry of Justice, Korea Immigration Service",https://www.immigration.go.kr/immigration/1570/subview.do,285696,111ab4298ce38cc3cb581f57da0a5a10eac4976edfdd526a90dd5135da13d0af
01_raw_data,"출입국통계연보/2003_출입국통계연보/v. 등록외국인 통계표/(14-1)장,단기 불법체류외국인 국적 및 ~.xls",Korea Immigration Service Statistical Yearbook,"Ministry of Justice, Korea Immigration Service",https://www.immigration.go.kr/immigration/1570/subview.do,430592,8b5403b80d4aa7e24865a2336c10751c8eb5d5e9729a6cca8f04963a69d7d9a4
01_raw_data,출입국통계연보/2003_출입국통계연보/vi. 사증발급 통계표/01.사증발급허가자 현황.xls,Korea Immigration Service Statistical Yearbook,"Ministry of Justice, Korea Immigration Service",https://www.immigration.go.kr/immigration/1570/subview.do,75264,0585f532fa936b432da3b6aff5ccc74768e39d6118e591208a5a8fbfed5725e6
01_raw_data,출입국통계연보/2003_출입국통계연보/vi. 사증발급 통계표/02.사증발급인정서 발급 현황.xls,Korea Immigration Service Statistical Yearbook,"Ministry of Justice, Korea Immigration Service",https://www.immigration.go.kr/immigration/1570/subview.do,204288,3cd38395a9b577519ebaf58fa9352512bc89794aa51af40b73e200f18a8f8aad
01_raw_data,출입국통계연보/2003_출입국통계연보/vi. 사증발급 통계표/03.산업연수사증발급인정서 업종별 발급 현황.xls,Korea Immigration Service Statistical Yearbook,"Ministry of Justice, Korea Immigration Service",https://www.immigration.go.kr/immigration/1570/subview.do,36864,5dd386f15f56dc9da16aec5884b57d3a9b41cdd95f5a83216a67843b9c978e42
01_raw_data,출입국통계연보/2004_출입국통계연보/(03-1)간지(337).xls,Korea Immigration Service Statistical Yearbook,"Ministry of Justice, Korea Immigration Service",https://www.immigration.go.kr/immigration/1570/subview.do,38912,e5c94e6660852b4fd1acd9147e4fbd35d1233da92e4dc032696c69bed600fbc9
01_raw_data,출입국통계연보/2004_출입국통계연보/6-(1)사증발급허가자현황(674~679).xls,Korea Immigration Service Statistical Yearbook,"Ministry of Justice, Korea Immigration Service",https://www.immigration.go.kr/immigration/1570/subview.do,90624,4de81e4e0b2f9b868a21d9ef48dca0d9e40e876ed94976aec74d8fb440cbc5d8
01_raw_data,출입국통계연보/2004_출입국통계연보/6-(2)사증발급인정서발급현황(680~703).xls,Korea Immigration Service Statistical Yearbook,"Ministry of Justice, Korea Immigration Service",https://www.immigration.go.kr/immigration/1570/subview.do,217088,6c55819fdcd4c4b0ef2500dc59845308195f08b6993ef9d100a9b592718b6bfd
01_raw_data,출입국통계연보/2004_출입국통계연보/6-(3)사증발급인정서업종별발급현황(704~705).xls,Korea Immigration Service Statistical Yearbook,"Ministry of Justice, Korea Immigration Service",https://www.immigration.go.kr/immigration/1570/subview.do,35840,370dfd0c065d5adef4daf5d8420827b8bd6153d4f68eb5adc3f390d0db36f091
01_raw_data,출입국통계연보/2004_출입국통계연보/7-(1)항구별입항(도착)내.외국인(707~710).xls,Korea Immigration Service Statistical Yearbook,"Ministry of Justice, Korea Immigration Service",https://www.immigration.go.kr/immigration/1570/subview.do,46592,86bc61a6110c7a84f90d4a07199659dbdb7550696e28054b0464dea9c92c5907
01_raw_data,출입국통계연보/2004_출입국통계연보/7-(2)항구별출항(출발)내.외국인(711~714).xls,Korea Immigration Service Statistical Yearbook,"Ministry of Justice, Korea Immigration Service",https://www.immigration.go.kr/immigration/1570/subview.do,45056,5143e743e4a02c4fecc3d5307e87d12837ac476e40d50db7871f609a8d24c1f8
01_raw_data,출입국통계연보/2004_출입국통계연보/7-(6)국적및체류자격별입항(도착)외국인(716~721).xls,Korea Immigration Service Statistical Yearbook,"Ministry of Justice, Korea Immigration Service",https://www.immigration.go.kr/immigration/1570/subview.do,124416,68e12e52d82d8824ed49b84fa4573fcbb4ead255fab5c1f8e6fdbb6aa5d3c60c
01_raw_data,출입국통계연보/2004_출입국통계연보/VII.간추림2005년도(706)(106%).hwp,Korea Immigration Service Statistical Yearbook,"Ministry of Justice, Korea Immigration Service",https://www.immigration.go.kr/immigration/1570/subview.do,12800,f33368ea3befa01597bd206dc57c41c114c0a787fe7b8b98bc0ae8fba11703c3
01_raw_data,출입국통계연보/2004_출입국통계연보/[01]국적및체류자격별등록외국인(282~335).xls,Korea Immigration Service Statistical Yearbook,"Ministry of Justice, Korea Immigration Service",https://www.immigration.go.kr/immigration/1570/subview.do,218624,2ba239e1a6410bd4ab36a3beabf96b2ddd2a8ad0453e61898669a1f190e45e33
01_raw_data,출입국통계연보/2004_출입국통계연보/[02]지역및국적별등록외국인(336).xls,Korea Immigration Service Statistical Yearbook,"Ministry of Justice, Korea Immigration Service",https://www.immigration.go.kr/immigration/1570/subview.do,26624,207e330df17d346f0b78e7290aeba7e992af7d6010d663ddf00acbea02ab0810
01_raw_data,출입국통계연보/2004_출입국통계연보/[03-1]국적및유형별(338~361).xls,Korea Immigration Service Statistical Yearbook,"Ministry of Justice, Korea Immigration Service",https://www.immigration.go.kr/immigration/1570/subview.do,131584,9630d42760988b63a1b6ab533f2c7b55f1bbe6ef2a7e15d03200b7f56ab4ed6d
01_raw_data,출입국통계연보/2004_출입국통계연보/[03-2]국적및조치별(362~373).xls,Korea Immigration Service Statistical Yearbook,"Ministry of Justice, Korea Immigration Service",https://www.immigration.go.kr/immigration/1570/subview.do,48128,837bc21660e1f9fe0e2205279fcb4227f18e0c8e6de8b1b642da3532704375d5
01_raw_data,출입국통계연보/2004_출입국통계연보/[03-3]사무소및조치별(374~375).xls,Korea Immigration Service Statistical Yearbook,"Ministry of Justice, Korea Immigration Service",https://www.immigration.go.kr/immigration/1570/subview.do,23552,868774c4849bed660db0227bf05dd7b1400adfc15510e567a402fca91723a51d
01_raw_data,출입국통계연보/2004_출입국통계연보/[03-4]사무소및유형별(376~379).xls,Korea Immigration Service Statistical Yearbook,"Ministry of Justice, Korea Immigration Service",https://www.immigration.go.kr/immigration/1570/subview.do,47616,f978ae56e205d6d36a147d84d4f7afdfa9475bbc8da40a0538c5f3932bda0298
01_raw_data,출입국통계연보/2004_출입국통계연보/[03-5]법조항.조치별(380~381).xls,Korea Immigration Service Statistical Yearbook,"Ministry of Justice, Korea Immigration Service",https://www.immigration.go.kr/immigration/1570/subview.do,27648,bc773860ea68d7cb62134ed75cf0336d7aa8be269c22a5cf7051f02684226155
01_raw_data,출입국통계연보/2004_출입국통계연보/[04-1]불법체류현황(16-60세)(382~401).xls,Korea Immigration Service Statistical Yearbook,"Ministry of Justice, Korea Immigration Service",https://www.immigration.go.kr/immigration/1570/subview.do,195584,ba4f1df0b06924021faffd51e20776991d082bf8dcd421f0a1767851a4d51deb
01_raw_data,출입국통계연보/2004_출입국통계연보/[04-2]불법체류현황(전체)(402~421).xls,Korea Immigration Service Statistical Yearbook,"Ministry of Justice, Korea Immigration Service",https://www.immigration.go.kr/immigration/1570/subview.do,201728,2f42d32b2a320588d0e04740b9b913ae612ea285502cee5d80f24333bb2d2ca2
01_raw_data,출입국통계연보/2004_출입국통계연보/[05]체류허가및신고수리(422~423).xls,Korea Immigration Service Statistical Yearbook,"Ministry of Justice, Korea Immigration Service",https://www.immigration.go.kr/immigration/1570/subview.do,24064,228ba29b27f896a8247551a8b1cc0ed4c9dda9a22be6f61087595ccc14a9a31c
01_raw_data,출입국통계연보/2004_출입국통계연보/[06]불법취업우려외국인입국불허(424~426).xls,Korea Immigration Service Statistical Yearbook,"Ministry of Justice, Korea Immigration Service",https://www.immigration.go.kr/immigration/1570/subview.do,28160,f6b7a0e68d024152a03108417af0c7ac80647b308bd35e3fd1e53a758e9b0496
01_raw_data,출입국통계연보/2004_출입국통계연보/[07]외국국적동포거소신고현황(427).xls,Korea Immigration Service Statistical Yearbook,"Ministry of Justice, Korea Immigration Service",https://www.immigration.go.kr/immigration/1570/subview.do,30208,d47bf873d41eed42ee165ec967204f961a771af6506634ac178f36446e73aa95
01_raw_data,출입국통계연보/2004_출입국통계연보/[08]단기체류외국인체류자격별현황(428~463).xls,Korea Immigration Service Statistical Yearbook,"Ministry of Justice, Korea Immigration Service",https://www.immigration.go.kr/immigration/1570/subview.do,320512,96045cbf9fe012bf8ba3780c46362a26273799d367973f3d0a7bf70df0a2b477
01_raw_data,출입국통계연보/2004_출입국통계연보/[09]단기체류외국인연령별현황(464~481).xls,Korea Immigration Service Statistical Yearbook,"Ministry of Justice, Korea Immigration Service",https://www.immigration.go.kr/immigration/1570/subview.do,153088,ddf113130d57b6703964ee3893d4fcba0adf3d3b135bbf3f2c621a4737687d1a
01_raw_data,출입국통계연보/2004_출입국통계연보/[10-1]단기~외국인체류자격별현황(16-60세)(482~497).xls,Korea Immigration Service Statistical Yearbook,"Ministry of Justice, Korea Immigration Service",https://www.immigration.go.kr/immigration/1570/subview.do,251904,8cb65d2733b0da0521c8f10e99c322d9b2c70a419c60746b9ae725801db812f0
01_raw_data,출입국통계연보/2004_출입국통계연보/[10-2]단기~외국인체류자격별현황(전체)(498~513).xls,Korea Immigration Service Statistical Yearbook,"Ministry of Justice, Korea Immigration Service",https://www.immigration.go.kr/immigration/1570/subview.do,249344,9d86f2b94828863e4d9e628a9f1d8684b69c03fbaf773ef761c2c9cb7bfcfb01
01_raw_data,출입국통계연보/2004_출입국통계연보/[11-1]단기~외국인체류기간별현황(16-60세)(514~521).xls,Korea Immigration Service Statistical Yearbook,"Ministry of Justice, Korea Immigration Service",https://www.immigration.go.kr/immigration/1570/subview.do,153088,1c49a0001908d4486b9f088ff110993b5cdf618ced7f226d9d2a5f2433d937e6
01_raw_data,출입국통계연보/2004_출입국통계연보/[11-2]단기~외국인체류기간별현황(전체)(522~529).xls,Korea Immigration Service Statistical Yearbook,"Ministry of Justice, Korea Immigration Service",https://www.immigration.go.kr/immigration/1570/subview.do,145408,a99bb52eecf7c3be800961398f99dcd95877c4842bf01afd7c645c7675f5fdd4
01_raw_data,출입국통계연보/2004_출입국통계연보/[12-1]단기~외국인연령별현황(16-60세)(530~537).xls,Korea Immigration Service Statistical Yearbook,"Ministry of Justice, Korea Immigration Service",https://www.immigration.go.kr/immigration/1570/subview.do,126464,398223a50385b9e176aa4a149b2d38a86e8ac9b354155fd150713c76217da5d6
01_raw_data,출입국통계연보/2004_출입국통계연보/[12-2]단기~외국인연령별현황(전체)(538~545).xls,Korea Immigration Service Statistical Yearbook,"Ministry of Justice, Korea Immigration Service",https://www.immigration.go.kr/immigration/1570/subview.do,129536,66cc4bd9eb549bf7f519eca9c2516082de3d4e2a853c7f9d831b471bcc9f4d47
01_raw_data,출입국통계연보/2004_출입국통계연보/[13]장.단기~국적및체류자격별현황(546~605).xls,Korea Immigration Service Statistical Yearbook,"Ministry of Justice, Korea Immigration Service",https://www.immigration.go.kr/immigration/1570/subview.do,536576,0be460a6d2b262dc595f1b104703fe98d85b376e0022e8de436b59f287211b46
01_raw_data,"출입국통계연보/2004_출입국통계연보/[14-1]장,단기불법체류외국인~(16~60세)(606~637).xls",Korea Immigration Service Statistical Yearbook,"Ministry of Justice, Korea Immigration Service",https://www.immigration.go.kr/immigration/1570/subview.do,320000,e01a6395beb00871bed82dc9b9924341cb835727f373802c428cbc4978767db3
01_raw_data,"출입국통계연보/2004_출입국통계연보/[14-2]장,단기불법체류외국인~(전체)(638~673).xls",Korea Immigration Service Statistical Yearbook,"Ministry of Justice, Korea Immigration Service",https://www.immigration.go.kr/immigration/1570/subview.do,330240,65059d7ef8d6495c1a091739c8d33eaacb0d6901923e862133767909da74b090
01_raw_data,"출입국통계연보/2004_출입국통계연보/i~iii(표지,목차)(103%).hwp",Korea Immigration Service Statistical Yearbook,"Ministry of Justice, Korea Immigration Service",https://www.immigration.go.kr/immigration/1570/subview.do,109056,65e60da71eb2453fdcd5d68486c9d64963fb1d147ffd397579ddb93dd5087b01
01_raw_data,출입국통계연보/2004_출입국통계연보/●  목      차  ●.hwp,Korea Immigration Service Statistical Yearbook,"Ministry of Justice, Korea Immigration Service",https://www.immigration.go.kr/immigration/1570/subview.do,11776,a73e74d5096710033342f694f0afdad4980a659545307aa131e935bb39b63d22
01_raw_data,"출입국통계연보/2004_출입국통계연보/로마(IV,V,VI)쪽자.hwp",Korea Immigration Service Statistical Yearbook,"Ministry of Justice, Korea Immigration Service",https://www.immigration.go.kr/immigration/1570/subview.do,12800,c71cfdb1a13567b50435771aaac57a4ef7db50a7bae432e3e3452d874fb20e13
01_raw_data,출입국통계연보/2004_출입국통계연보/판권.h30,Korea Immigration Service Statistical Yearbook,"Ministry of Justice, Korea Immigration Service",https://www.immigration.go.kr/immigration/1570/subview.do,23113,46af90262d063bc35e1a40c6ef8247c3abab46b635cdaf8671b0ab01a48a145c
01_raw_data,출입국통계연보/2004_출입국통계연보/판권.hwp,Korea Immigration Service Statistical Yearbook,"Ministry of Justice, Korea Immigration Service",https://www.immigration.go.kr/immigration/1570/subview.do,13824,065c860ce6cbff228d1ab0d83d0d18d08187aa26d1ffebff8f88a105edc5ccfa
01_raw_data,출입국통계연보/2005_출입국통계연보/제1장/(00)로마I(p.1~22)로마II 간지(p.23)(103%).hwp,Korea Immigration Service Statistical Yearbook,"Ministry of Justice, Korea Immigration Service",https://www.immigration.go.kr/immigration/1570/subview.do,327680,a7de9d79679ac7d4cb89d7d32f3d3b155a936fecb3b091f7a81058c2fb88bb1a
01_raw_data,출입국통계연보/2005_출입국통계연보/제1장/(01)로마II 가.항구별내외국인입국자(p.24~45).xls,Korea Immigration Service Statistical Yearbook,"Ministry of Justice, Korea Immigration Service",https://www.immigration.go.kr/immigration/1570/subview.do,150528,913c44256d7b7d94f88798176df28c4eaa0fd6710e9704fee3d45bc35853e20d
01_raw_data,출입국통계연보/2005_출입국통계연보/제1장/(02)로마II  나.항구별내외국인출국자(p.46~69).xls,Korea Immigration Service Statistical Yearbook,"Ministry of Justice, Korea Immigration Service",https://www.immigration.go.kr/immigration/1570/subview.do,149504,b44bb186d9860dc69ed6046ba2d5c9e0f02ad7343ade07fbdb6207c06c6ee89f
01_raw_data,출입국통계연보/2005_출입국통계연보/제1장/(03)로마III 가.행선국및출국목적별국민출국자(p.70~93).xls,Korea Immigration Service Statistical Yearbook,"Ministry of Justice, Korea Immigration Service",https://www.immigration.go.kr/immigration/1570/subview.do,120320,cb9fd08147531ac446fa0e4784430f7c650ddacc41287fc36422a71f404a8732
01_raw_data,출입국통계연보/2005_출입국통계연보/제1장/(04)로마III 나.행선국및직업별국민출국자(p.94~117).xls,Korea Immigration Service Statistical Yearbook,"Ministry of Justice, Korea Immigration Service",https://www.immigration.go.kr/immigration/1570/subview.do,122880,559b6e3cfcc3c325baf717afd2144a5d596617d3742cdc8b9c66312c939807d2
01_raw_data,출입국통계연보/2005_출입국통계연보/제1장/(05)로마III 다.행선국및연령별국민출국자(p.118~141).xls,Korea Immigration Service Statistical Yearbook,"Ministry of Justice, Korea Immigration Service",https://www.immigration.go.kr/immigration/1570/subview.do,116736,43a0f7e0cff1966886362450e4d5aabe022a9b2ea5388ebbef3c93a47ee5871e
01_raw_data,출입국통계연보/2005_출입국통계연보/제1장/(06)로마III 라.행선국및월별국민출국자(p.142~165).xls,Korea Immigration Service Statistical Yearbook,"Ministry of Justice, Korea Immigration Service",https://www.immigration.go.kr/immigration/1570/subview.do,104448,fba4c0ca9db29eefec1f12383fbcc83b49fd12ef1e71ad039e39d485034a3d19
01_raw_data,출입국통계연보/2005_출입국통계연보/제1장/(07)로마IV 가.국적및체류자격별외국인입국자(p.166~231).xls,Korea Immigration Service Statistical Yearbook,"Ministry of Justice, Korea Immigration Service",https://www.immigration.go.kr/immigration/1570/subview.do,268288,0a45f4761327859a5af5830229309661c9a9662d50406bcb0014f304e4c6b519
01_raw_data,출입국통계연보/2005_출입국통계연보/제1장/(08)로마IV 나.국적및연령별외국인입국자(p.232~253).xls,Korea Immigration Service Statistical Yearbook,"Ministry of Justice, Korea Immigration Service",https://www.immigration.go.kr/immigration/1570/subview.do,107008,69da7d3d77792ddb5d41d3f73b598f48d6f87c71506212f4d63857a895834535
01_raw_data,출입국통계연보/2005_출입국통계연보/제1장/(09)로마IV 다.국적및월별외국인입국자(p.254~275).xls,Korea Immigration Service Statistical Yearbook,"Ministry of Justice, Korea Immigration Service",https://www.immigration.go.kr/immigration/1570/subview.do,99840,78cfb71e98f4b36ae7b017d6f8cf720af04a095cf4315f713723e76198f6454e
01_raw_data,출입국통계연보/2005_출입국통계연보/제1장/(10)로마IV 라.국적및체류기간별외국인출국자(p.276~297).xls,Korea Immigration Service Statistical Yearbook,"Ministry of Justice, Korea Immigration Service",https://www.immigration.go.kr/immigration/1570/subview.do,114176,f6259c0e4fc1a9cbfafe4a965be619924f719616ab76cd67d2bd5de94e3b2598
01_raw_data,출입국통계연보/2005_출입국통계연보/제1장/(11)로마V 가.국적별상륙허가자(p.298~304).xls,Korea Immigration Service Statistical Yearbook,"Ministry of Justice, Korea Immigration Service",https://www.immigration.go.kr/immigration/1570/subview.do,38912,7f1ef8131fc461e26afc8b2c75c8afe319ebb44d3d7fdaf4b9fd92a71aa017e6
01_raw_data,출입국통계연보/2005_출입국통계연보/제1장/(12)로마V 나.항구별승무원상륙및상륙허가자출국(p.305).xls,Korea Immigration Service Statistical Yearbook,"Ministry of Justice, Korea Immigration Service",https://www.immigration.go.kr/immigration/1570/subview.do,18944,dd9e6df55eef8f269fe1c5ce3040c9652d78ddd71720307bec8f5243013c2c18
01_raw_data,출입국통계연보/2005_출입국통계연보/제1장/(13)로마V 다.항구별~라.공항별(p.306).xls,Korea Immigration Service Statistical Yearbook,"Ministry of Justice, Korea Immigration Service",https://www.immigration.go.kr/immigration/1570/subview.do,23552,9844087be841888b33e7995901aed4f996568e90cece4b8659fa367e3f80b666
01_raw_data,출입국통계연보/2005_출입국통계연보/제1장/(14)로마V 마.국적별입출항선박및선원(p.307~310).xls,Korea Immigration Service Statistical Yearbook,"Ministry of Justice, Korea Immigration Service",https://www.immigration.go.kr/immigration/1570/subview.do,31232,36be2f76791713687b4fb7ee98aaf106d3fd04c00f32fdad38e2458ba50a0f4c
01_raw_data,출입국통계연보/2005_출입국통계연보/제1장/(15)로마V 바.국적별입출항항공기및승무원(p.311~314).xls,Korea Immigration Service Statistical Yearbook,"Ministry of Justice, Korea Immigration Service",https://www.immigration.go.kr/immigration/1570/subview.do,29184,f441ab8cd0f1dc4bfe130d24c1f47cd60de00c8373676e88a14ba3ce86c7d2cc
01_raw_data,출입국통계연보/2005_출입국통계연보/제1장/(16)로마VI 불법취업우려외국인입국불허현황(p.315~317).xls,Korea Immigration Service Statistical Yearbook,"Ministry of Justice, Korea Immigration Service",https://www.immigration.go.kr/immigration/1570/subview.do,45056,0b265810e62a552f29c4b5215aab6bac1d9440bb39926fa74ddc372abe4a4006
01_raw_data,출입국통계연보/2005_출입국통계연보/제1장/(17)로마VII 가.사증발급허가자현황(p.318~323).xls,Korea Immigration Service Statistical Yearbook,"Ministry of Justice, Korea Immigration Service",https://www.immigration.go.kr/immigration/1570/subview.do,89088,2342556784a8d997408c7138b79da73c2bc243a3baa9c8d49d49085c59f88f8f
01_raw_data,출입국통계연보/2005_출입국통계연보/제1장/(18)로마vii 나.사증발급인정서발급현황(p.324~351).xls,Korea Immigration Service Statistical Yearbook,"Ministry of Justice, Korea Immigration Service",https://www.immigration.go.kr/immigration/1570/subview.do,226816,79edf21a99c0643695980d054330418904e45d6b71c8f77b7e6322bccabb1b01
01_raw_data,출입국통계연보/2005_출입국통계연보/제1장/(19)로마vVII 다.산업연수사증발급인정서~(p.352~353).xls,Korea Immigration Service Statistical Yearbook,"Ministry of Justice, Korea Immigration Service",https://www.immigration.go.kr/immigration/1570/subview.do,36864,59a4e8496d38b66f9c7be7c8110ec2a4241a5af9e58556cf8e5ebaa5e129fc36
01_raw_data,출입국통계연보/2005_출입국통계연보/제2장/(01)로마I(p.354~358)로마II간지(p.359).hwp,Korea Immigration Service Statistical Yearbook,"Ministry of Justice, Korea Immigration Service",https://www.immigration.go.kr/immigration/1570/subview.do,79872,cbe32ec32f9c515828a0e29495833368f6f3424fc37da5fc89d6a13358bb93d1
01_raw_data,출입국통계연보/2005_출입국통계연보/제2장/(02)로마II 체류외국인현황(p.360~419).xls,Korea Immigration Service Statistical Yearbook,"Ministry of Justice, Korea Immigration Service",https://www.immigration.go.kr/immigration/1570/subview.do,238592,09d3362a10bd551f69c1750ba0ef2846c90f2c3a3e2d10e31961e56bbd054028
01_raw_data,출입국통계연보/2005_출입국통계연보/제2장/(03)로마III 가.국적및체류자격별(p.420~473).xls,Korea Immigration Service Statistical Yearbook,"Ministry of Justice, Korea Immigration Service",https://www.immigration.go.kr/immigration/1570/subview.do,237568,5d5fe436a6173e8cd02f07d655b712955d1098ba5ad9833f94cde1b10469dd97
01_raw_data,출입국통계연보/2005_출입국통계연보/제2장/(04)로마III 나.국적및지역별(p.474).xls,Korea Immigration Service Statistical Yearbook,"Ministry of Justice, Korea Immigration Service",https://www.immigration.go.kr/immigration/1570/subview.do,23040,ec08b98fbf7e1482265714c252b7d7826758ac8e74fa60cf81d773ae310fa885
01_raw_data,출입국통계연보/2005_출입국통계연보/제2장/(05)로마III 다.국적및연령별(p.475~493).xls,Korea Immigration Service Statistical Yearbook,"Ministry of Justice, Korea Immigration Service",https://www.immigration.go.kr/immigration/1570/subview.do,76288,a166f7ed47b1df1356506faf2ff9102e1a2abb08f204d713b2a419b5c69b83ad
01_raw_data,출입국통계연보/2005_출입국통계연보/제2장/(06)로마IV 가.국적및체류자별(p.494~533).xls,Korea Immigration Service Statistical Yearbook,"Ministry of Justice, Korea Immigration Service",https://www.immigration.go.kr/immigration/1570/subview.do,207872,50694d9388be4bf876d63ad4fcfdb45c833696f23e4c9b3996f280e77e450a83
01_raw_data,출입국통계연보/2005_출입국통계연보/제2장/(07)로마IV  나.국적및연령별(p.534~553).xls,Korea Immigration Service Statistical Yearbook,"Ministry of Justice, Korea Immigration Service",https://www.immigration.go.kr/immigration/1570/subview.do,159744,57751eb666915cd89eb0843cd07ed5c460176636dc37a265d51e211aa9251779
01_raw_data,출입국통계연보/2005_출입국통계연보/제2장/(08)로마V 체류허가및신고수리현황(p.554~555).xls,Korea Immigration Service Statistical Yearbook,"Ministry of Justice, Korea Immigration Service",https://www.immigration.go.kr/immigration/1570/subview.do,24064,c576d7bc508da10b9d27204d06a2bb2b574817f92062dd42df02a7e77822d2ed
01_raw_data,출입국통계연보/2005_출입국통계연보/제3장/(01)로마I(p.556~561).hwp,Korea Immigration Service Statistical Yearbook,"Ministry of Justice, Korea Immigration Service",https://www.immigration.go.kr/immigration/1570/subview.do,70144,49a1d7d6bdf67fdf00de00f01e61b851ad7c4ecbe3f9d989bc0c84068dc59781
01_raw_data,출입국통계연보/2005_출입국통계연보/제3장/(02)로마II 가.연도별추이(p.562~563)).xls,Korea Immigration Service Statistical Yearbook,"Ministry of Justice, Korea Immigration Service",https://www.immigration.go.kr/immigration/1570/subview.do,17408,25f63ee1669bf30d14c21309fce04eea201aee60a885abd50ff8c8ee5352ef6b
01_raw_data,출입국통계연보/2005_출입국통계연보/제3장/(03)로마II 나.국가및취득유형별(p.564~567)).xls,Korea Immigration Service Statistical Yearbook,"Ministry of Justice, Korea Immigration Service",https://www.immigration.go.kr/immigration/1570/subview.do,35328,8d01d09169e9586818768ae8cfe546432ff4ab0b710f11be517a2d63a317fca6
01_raw_data,출입국통계연보/2005_출입국통계연보/제3장/(04)로마II 다.연령별 취득유형별(p.568).xls,Korea Immigration Service Statistical Yearbook,"Ministry of Justice, Korea Immigration Service",https://www.immigration.go.kr/immigration/1570/subview.do,16896,f1f85fc0125f3c4358d00aa9490ea94665dcaa7ce5f109e406927efb44f82b96
01_raw_data,출입국통계연보/2005_출입국통계연보/제3장/(05)로마III 연도별불허처리현황(p.569).xls,Korea Immigration Service Statistical Yearbook,"Ministry of Justice, Korea Immigration Service",https://www.immigration.go.kr/immigration/1570/subview.do,14848,beeca304b286c642e3ebefba6f43c9530800b757717d8be2aaef0c3d55e8ae38
01_raw_data,"출입국통계연보/2005_출입국통계연보/제4장/(01)로마I, 로마II(p.570~585).hwp",Korea Immigration Service Statistical Yearbook,"Ministry of Justice, Korea Immigration Service",https://www.immigration.go.kr/immigration/1570/subview.do,121856,34d355940a008b75926ead69788341bb3d8c75efac1ded2009d237c2ed0feb36
01_raw_data,출입국통계연보/2005_출입국통계연보/제4장/(02)로마III 가.외국국적동포거소신고현황(p.586).xls,Korea Immigration Service Statistical Yearbook,"Ministry of Justice, Korea Immigration Service",https://www.immigration.go.kr/immigration/1570/subview.do,22016,3cf27fb90386b5d4c0ce019d8234b177cbd7767b26a6ed2260b64af2115ea794
01_raw_data,출입국통계연보/2005_출입국통계연보/제4장/(03)로마III 나.재외국민거소신고현황(p.587).xls,Korea Immigration Service Statistical Yearbook,"Ministry of Justice, Korea Immigration Service",https://www.immigration.go.kr/immigration/1570/subview.do,18432,55190a7384b028a35bc4c3c6e03ef61aeac2628a9dafe5c23c1369b119f0e87c
01_raw_data,출입국통계연보/2005_출입국통계연보/제5장/(01)로마I(p.588~592).hwp,Korea Immigration Service Statistical Yearbook,"Ministry of Justice, Korea Immigration Service",https://www.immigration.go.kr/immigration/1570/subview.do,58368,237566eb33ecfa3e12c93bc0d0a4b571f6e767aef9fe22c158da8a3729bcf4ea
01_raw_data,출입국통계연보/2005_출입국통계연보/제5장/(02)로마II 가.연도별현황(p.593).xls,Korea Immigration Service Statistical Yearbook,"Ministry of Justice, Korea Immigration Service",https://www.immigration.go.kr/immigration/1570/subview.do,17408,c31052fbd160ecdb74bddb8138f2c4ef2e14d5abf64ef594b1b43db02e6f9e69
01_raw_data,출입국통계연보/2005_출입국통계연보/제5장/(03)로마II 나.국적및처리현황(p.594).xls,Korea Immigration Service Statistical Yearbook,"Ministry of Justice, Korea Immigration Service",https://www.immigration.go.kr/immigration/1570/subview.do,21504,202ebfa35d694d4ada33b381e377e0ea4ab9ff793e9e255e47aab2eb6b8f3060
01_raw_data,출입국통계연보/2005_출입국통계연보/제5장/(04)로마II 다.국적및신청사유별현황(p.595).xls,Korea Immigration Service Statistical Yearbook,"Ministry of Justice, Korea Immigration Service",https://www.immigration.go.kr/immigration/1570/subview.do,22016,8c8eed0ec354839c13cb76473cf48c9c2d981b4f326a8e3e541ba0bc723fc74c
01_raw_data,출입국통계연보/2005_출입국통계연보/제6장/(01)로마I(p.596~599).hwp,Korea Immigration Service Statistical Yearbook,"Ministry of Justice, Korea Immigration Service",https://www.immigration.go.kr/immigration/1570/subview.do,44544,4694205ead3a042231843025d9d29b2cdb0eaebed69dd08e854aba8d1348f790
01_raw_data,"출입국통계연보/2005_출입국통계연보/제7장/(01)로마I,로마II간지(p.600~605).hwp",Korea Immigration Service Statistical Yearbook,"Ministry of Justice, Korea Immigration Service",https://www.immigration.go.kr/immigration/1570/subview.do,116736,c09478ada178e648f745f27f30c69440a84f9f8a8ed74172f3530d961095c5a5
01_raw_data,출입국통계연보/2005_출입국통계연보/제7장/(02)로마II 가.국적및체류자격별(p.606~641)).xls,Korea Immigration Service Statistical Yearbook,"Ministry of Justice, Korea Immigration Service",https://www.immigration.go.kr/immigration/1570/subview.do,185856,74d35a0c09f2a711040cdbc6793b94aaad971b7b867872d86b6d36a42328b67a
01_raw_data,출입국통계연보/2005_출입국통계연보/제7장/(03)로마II 나.국적및체류기간별(16~60세)(p.642~659).xls,Korea Immigration Service Statistical Yearbook,"Ministry of Justice, Korea Immigration Service",https://www.immigration.go.kr/immigration/1570/subview.do,89088,43471ade64e4600182033d875664648887395b2996a876c4d810f9a35468dfc4
01_raw_data,출입국통계연보/2005_출입국통계연보/제7장/(04)로마II 나.국적및체류기간별(전체)(p.660~677).xls,Korea Immigration Service Statistical Yearbook,"Ministry of Justice, Korea Immigration Service",https://www.immigration.go.kr/immigration/1570/subview.do,92160,c5045be1677ea08c4140edce6ebbdb24c59aeb742f401f87e1253543851ce9f0
01_raw_data,출입국통계연보/2005_출입국통계연보/제7장/(05)로마III 가.국적및체류자격별(16-60세)(p.678~701).xls,Korea Immigration Service Statistical Yearbook,"Ministry of Justice, Korea Immigration Service",https://www.immigration.go.kr/immigration/1570/subview.do,157184,6cc1a4598c93d4c1b94365b659fb5f751ff3016b374de7f49a93cd495ed9db8f
01_raw_data,출입국통계연보/2005_출입국통계연보/제7장/(06)로마III 가.국적및체류자격별(전체)(p.702~725).xls,Korea Immigration Service Statistical Yearbook,"Ministry of Justice, Korea Immigration Service",https://www.immigration.go.kr/immigration/1570/subview.do,251392,cb0cd4c35de6f6dbd7fb81c5bba7fee29a11dc7d0daeb1e0aa503e616426689e
01_raw_data,출입국통계연보/2005_출입국통계연보/제7장/(07)로마III 나.국적및체류기간별(16~60)(p.726~737).xls,Korea Immigration Service Statistical Yearbook,"Ministry of Justice, Korea Immigration Service",https://www.immigration.go.kr/immigration/1570/subview.do,63488,5c62d5ac2e8f9384ba1b5f3f849857877e0a0f6e19c95638b393b23c5e44c587
01_raw_data,출입국통계연보/2005_출입국통계연보/제7장/(08)로마III 나.국적및체류기간별(전체)(p.738~749).xls,Korea Immigration Service Statistical Yearbook,"Ministry of Justice, Korea Immigration Service",https://www.immigration.go.kr/immigration/1570/subview.do,69632,005db0eb12de26d1c1c1db6cd107e4f20ef75b718494193202330f3df01401c4
01_raw_data,출입국통계연보/2005_출입국통계연보/제7장/(09)로마IV 가.국적및체류자격별(16-60세)(p.750~767).xls,Korea Immigration Service Statistical Yearbook,"Ministry of Justice, Korea Immigration Service",https://www.immigration.go.kr/immigration/1570/subview.do,254976,ec3783965abc3e5d5b6b7e0c134651452cafba12ae59a2061352ec4702cdaebb
01_raw_data,출입국통계연보/2005_출입국통계연보/제7장/(10)로마IV 가.국적및체류자격별현황(전체)(p.768~785).xls,Korea Immigration Service Statistical Yearbook,"Ministry of Justice, Korea Immigration Service",https://www.immigration.go.kr/immigration/1570/subview.do,250368,73f97ce4557c02d982d7e48b2bcc446c6eeb1c36e4017e897e3512f2877b95d9
01_raw_data,출입국통계연보/2005_출입국통계연보/제7장/(11)로마IV 나.국적및체류기간별(16-60세)(p.786~794).xls,Korea Immigration Service Statistical Yearbook,"Ministry of Justice, Korea Immigration Service",https://www.immigration.go.kr/immigration/1570/subview.do,96256,5a4c0e9a706c9eb5604ca0d35849100813a23fc99006b5f53112fad422e411a6
01_raw_data,출입국통계연보/2005_출입국통계연보/제7장/(12)로마IV 나.국적및체류기간별(전체)(p.795~803).xls,Korea Immigration Service Statistical Yearbook,"Ministry of Justice, Korea Immigration Service",https://www.immigration.go.kr/immigration/1570/subview.do,163840,34e4aadef8dd70d49d612f67630377e70fd5fdfa6a67fee93161c3b7becdcca4
01_raw_data,출입국통계연보/2005_출입국통계연보/제8장/(01)로마I(p.804~809).hwp,Korea Immigration Service Statistical Yearbook,"Ministry of Justice, Korea Immigration Service",https://www.immigration.go.kr/immigration/1570/subview.do,94720,7f4f9bc2ddda10d8e4058603c2bb1acf205355ac6565e182f1d998bfc8d8c24e
01_raw_data,출입국통계연보/2005_출입국통계연보/제8장/(02)로마II 가.국적및유형별(p.810~833).xls,Korea Immigration Service Statistical Yearbook,"Ministry of Justice, Korea Immigration Service",https://www.immigration.go.kr/immigration/1570/subview.do,88576,e605ef7a019ff1e845088ff407a4a5c2d874fe5df96e524629212d9758e5f619
01_raw_data,출입국통계연보/2005_출입국통계연보/제8장/(03)로마II 나.국적및조치별(p.834~845).xls,Korea Immigration Service Statistical Yearbook,"Ministry of Justice, Korea Immigration Service",https://www.immigration.go.kr/immigration/1570/subview.do,49664,78b6000abbff51d378d5b2efe5fd0ccb7df894aa4c3d173fe91c9f9d503892e1
01_raw_data,출입국통계연보/2005_출입국통계연보/제8장/(04)로마II 다.사무소및조치별(p.846~847).xls,Korea Immigration Service Statistical Yearbook,"Ministry of Justice, Korea Immigration Service",https://www.immigration.go.kr/immigration/1570/subview.do,23552,0010cf42b89ae922bda4aed3006e76dd7ba0edc607714882780cc9ae9f95904f
01_raw_data,출입국통계연보/2005_출입국통계연보/제8장/(05)로마II 라.사무소및유형별(p.848~851).xls,Korea Immigration Service Statistical Yearbook,"Ministry of Justice, Korea Immigration Service",https://www.immigration.go.kr/immigration/1570/subview.do,34304,abb611beef612c8297c6ac540bb06846973c5000989f240f0c9966f2e94c95c6
01_raw_data,출입국통계연보/2005_출입국통계연보/제8장/(06)로마II 마.법조항및조치별(p.852~858).xls,Korea Immigration Service Statistical Yearbook,"Ministry of Justice, Korea Immigration Service",https://www.immigration.go.kr/immigration/1570/subview.do,28160,ec25e2c948904aa6638ca38ea577befd2ee7c15faee8e9a23f4d915c8552cbcf
01_raw_data,출입국통계연보/2005_출입국통계연보/제9장/(01)로마I(p.854~855).hwp,Korea Immigration Service Statistical Yearbook,"Ministry of Justice, Korea Immigration Service",https://www.immigration.go.kr/immigration/1570/subview.do,51712,88ce5c4efd1cea2b5822d0a35e76f3b49eacf690f84779e249987e9ed69cbc32
01_raw_data,출입국통계연보/2005_출입국통계연보/제9장/(02)로마II 가.항구별입항내외국인(p.856~859).xls,Korea Immigration Service Statistical Yearbook,"Ministry of Justice, Korea Immigration Service",https://www.immigration.go.kr/immigration/1570/subview.do,51712,3ca559741c6cee888faaa0f6a369cced9190d3c6041a6202c03ecdf3cb41e3f0
01_raw_data,출입국통계연보/2005_출입국통계연보/제9장/(03)로마II 나.항구별출항내외국인(p.860~863).xls,Korea Immigration Service Statistical Yearbook,"Ministry of Justice, Korea Immigration Service",https://www.immigration.go.kr/immigration/1570/subview.do,83968,630eb3736dfd0da228d165415b6d565e08830b0d3fb1a91ea751f7a280c04edd
01_raw_data,출입국통계연보/2005_출입국통계연보/제9장/(04)로마II 다.목적별국민방북자(p.864).xls,Korea Immigration Service Statistical Yearbook,"Ministry of Justice, Korea Immigration Service",https://www.immigration.go.kr/immigration/1570/subview.do,16896,307dde68e3c71352fd6c83a90ae896020be15d174b57f83313a86c6ba4cdb7a0
01_raw_data,출입국통계연보/2005_출입국통계연보/제9장/(05)로마II 라.직업별국민방북자(p.864).xls,Korea Immigration Service Statistical Yearbook,"Ministry of Justice, Korea Immigration Service",https://www.immigration.go.kr/immigration/1570/subview.do,18432,b1e139bcb0cfdbad2c4ca15a48fb9717560f1daae8a4e8d23b3c968765c2196b
01_raw_data,출입국통계연보/2005_출입국통계연보/제9장/(06)로마II 마.연령별국민방북자(p.864).xls,Korea Immigration Service Statistical Yearbook,"Ministry of Justice, Korea Immigration Service",https://www.immigration.go.kr/immigration/1570/subview.do,18944,8a18c59c100eab1a857cc7dc388d023d80fc062e05af1fbdcf5680a21b47248d
01_raw_data,출입국통계연보/2005_출입국통계연보/제9장/(07)로마II 바.국적및체류자격별입항외국인(p.865~881).xls,Korea Immigration Service Statistical Yearbook,"Ministry of Justice, Korea Immigration Service",https://www.immigration.go.kr/immigration/1570/subview.do,103424,1bfccc070b758a53d9bab3384e834d4f24edfc1ea472bdf5967a5ef69b163867
01_raw_data,출입국통계연보/2005_출입국통계연보/제9장/(08)판권.hwp,Korea Immigration Service Statistical Yearbook,"Ministry of Justice, Korea Immigration Service",https://www.immigration.go.kr/immigration/1570/subview.do,10240,e86b5e31a6aab3ef6611f597dd10767da515cc05b81caffa1597149b9538e0b8
01_raw_data,출입국통계연보/2005_출입국통계연보/표지목차/표지목차(i~iii)(103%).hwp,Korea Immigration Service Statistical Yearbook,"Ministry of Justice, Korea Immigration Service",https://www.immigration.go.kr/immigration/1570/subview.do,18944,bc8fc2faad97e013193b488c22810b932ab18049dbf327c1881497d5c8155c00
01_raw_data,"출입국통계연보/2006_출입국통계연보/i~iii(표지,목차)(103%).hwp",Korea Immigration Service Statistical Yearbook,"Ministry of Justice, Korea Immigration Service",https://www.immigration.go.kr/immigration/1570/subview.do,735232,dd9fb6533ad00d50c7989a038f100379f1175cf93316c81c6d71a1f49ab8e245
01_raw_data,출입국통계연보/2006_출입국통계연보/판권.hwp,Korea Immigration Service Statistical Yearbook,"Ministry of Justice, Korea Immigration Service",https://www.immigration.go.kr/immigration/1570/subview.do,7680,fdae98e67c6cb610166bacf4a0cdb5b52da5d2fb071a041b6f47369bee942470
01_raw_data,출입국통계연보/2006_출입국통계연보/1장/Ⅱ/2-가[1].항구별내.외국인입국자.xls,Korea Immigration Service Statistical Yearbook,"Ministry of Justice, Korea Immigration Service",https://www.immigration.go.kr/immigration/1570/subview.do,162304,ea2b8a2a60c30da6207fae98b48531a0eeaa32504c6c6094902dc3c1bf2942b6
01_raw_data,출입국통계연보/2006_출입국통계연보/1장/Ⅱ/2-나[1].항구별내.외국인출국자.xls,Korea Immigration Service Statistical Yearbook,"Ministry of Justice, Korea Immigration Service",https://www.immigration.go.kr/immigration/1570/subview.do,163840,735b9dd9896896f14aa5294f82cfdad0e50efd96174ed33beb783d0bb23edcd6
01_raw_data,출입국통계연보/2006_출입국통계연보/1장/Ⅲ/4-가[1].국적및체류자격별외국인입국자(승무원.상륙허가자제외).xls,Korea Immigration Service Statistical Yearbook,"Ministry of Justice, Korea Immigration Service",https://www.immigration.go.kr/immigration/1570/subview.do,336384,4be45d9350fe63c4d64bc5cfd3c1d878f9277402b1c3801686c403f28d4666c2
01_raw_data,출입국통계연보/2006_출입국통계연보/1장/Ⅲ/4-나[1].국적및연령별외국인입국자.xls,Korea Immigration Service Statistical Yearbook,"Ministry of Justice, Korea Immigration Service",https://www.immigration.go.kr/immigration/1570/subview.do,107008,f1a9f180ab62105b74be4080bd0da0c23315487eb2a7a2fdd0ccbca60b0460ec
01_raw_data,출입국통계연보/2006_출입국통계연보/1장/Ⅲ/4-다[1].국적및월별외국인입국자.xls,Korea Immigration Service Statistical Yearbook,"Ministry of Justice, Korea Immigration Service",https://www.immigration.go.kr/immigration/1570/subview.do,102400,7fa4270b1ba67ac5b25c6824595aa96b6dff9f92e2e75b62e0b609a4fcee073d
01_raw_data,출입국통계연보/2006_출입국통계연보/1장/Ⅲ/4-라[1].국적및체류기간별외국인출국자.xls,Korea Immigration Service Statistical Yearbook,"Ministry of Justice, Korea Immigration Service",https://www.immigration.go.kr/immigration/1570/subview.do,105472,d009d471e39830d24c769c111340ff7b1b3d0ce7feae9e2fb1ffe9ba0b49ac41
01_raw_data,출입국통계연보/2006_출입국통계연보/1장/Ⅳ/5-가(1).국적별상륙허가자.xls,Korea Immigration Service Statistical Yearbook,"Ministry of Justice, Korea Immigration Service",https://www.immigration.go.kr/immigration/1570/subview.do,63488,f0b82731fcf8642679c9ad98cd7553356b9584097aa5c3dd312e24936454fdd5
01_raw_data,출입국통계연보/2006_출입국통계연보/1장/Ⅳ/5-나(1).항구별승무원상륙및상륙허가자출국.xls,Korea Immigration Service Statistical Yearbook,"Ministry of Justice, Korea Immigration Service",https://www.immigration.go.kr/immigration/1570/subview.do,20480,7a54fbed37ef75e105b4874233055567ce97608a7c26322ff10624c8a1060af2
01_raw_data,"출입국통계연보/2006_출입국통계연보/1장/Ⅳ/5-다, 라(1).항구별입.출항선박및선원.xls",Korea Immigration Service Statistical Yearbook,"Ministry of Justice, Korea Immigration Service",https://www.immigration.go.kr/immigration/1570/subview.do,22528,ea2b01cb240bc76f739b5dda97ad557d435b3b6f9cb261ec4b621fda098cb071
01_raw_data,출입국통계연보/2006_출입국통계연보/1장/Ⅳ/5-마(1).국적별입.출항선박및선원.xls,Korea Immigration Service Statistical Yearbook,"Ministry of Justice, Korea Immigration Service",https://www.immigration.go.kr/immigration/1570/subview.do,33792,4fe58009a740fcb0420c8f9dac27499cf5162d54e59e1ab4125ae4636f3782f2
01_raw_data,출입국통계연보/2006_출입국통계연보/1장/Ⅳ/5-바(1).국적별입.출항항공기및승무원.xls,Korea Immigration Service Statistical Yearbook,"Ministry of Justice, Korea Immigration Service",https://www.immigration.go.kr/immigration/1570/subview.do,30208,261d90c629916f46d61191fcd6f5289ad0dc510b281511a5c3271bf899fb5565
01_raw_data,출입국통계연보/2006_출입국통계연보/1장/Ⅴ/6-불법취업우려외국인입국불허현황.xls,Korea Immigration Service Statistical Yearbook,"Ministry of Justice, Korea Immigration Service",https://www.immigration.go.kr/immigration/1570/subview.do,31232,6eb6a14a187bc23f8bd563501d9368b27305b9ad37edebc4066b995cf57d155a
01_raw_data,출입국통계연보/2006_출입국통계연보/1장/Ⅶ/7-가[1].사증발급허가승인현황.xls,Korea Immigration Service Statistical Yearbook,"Ministry of Justice, Korea Immigration Service",https://www.immigration.go.kr/immigration/1570/subview.do,52736,742cb2380ee15973b4c4a1f364e9e32e98f6c2c4c680b75ac0f50e031f0e899c
01_raw_data,출입국통계연보/2006_출입국통계연보/1장/Ⅶ/7-나[1].사증발급인정서발급현황.xls,Korea Immigration Service Statistical Yearbook,"Ministry of Justice, Korea Immigration Service",https://www.immigration.go.kr/immigration/1570/subview.do,121856,2d3368b4ed687b60c64e70f38ae0318355d29f934cecd8688ebbe9a6e311768e
01_raw_data,출입국통계연보/2006_출입국통계연보/1장/Ⅶ/7-다[1].산업연수사증발급인정서업종별발급현황.xls,Korea Immigration Service Statistical Yearbook,"Ministry of Justice, Korea Immigration Service",https://www.immigration.go.kr/immigration/1570/subview.do,23552,ef422e45975666fe32f116da0c22866b67b0c2192f50feab30b29de1c0f247ea
01_raw_data,출입국통계연보/2006_출입국통계연보/2장/2-체류외국인현황.xls,Korea Immigration Service Statistical Yearbook,"Ministry of Justice, Korea Immigration Service",https://www.immigration.go.kr/immigration/1570/subview.do,302080,5a595765255cbdb5f30391336dc6bd7955026b435896c326392f6f1124b1322d
01_raw_data,출입국통계연보/2006_출입국통계연보/2장/3-가[1].국적및체류자격별.xls,Korea Immigration Service Statistical Yearbook,"Ministry of Justice, Korea Immigration Service",https://www.immigration.go.kr/immigration/1570/subview.do,233472,e001a3ec160976cb94c22a7d76ec283adf82c593cc5ec961e8bca62c70c45899
01_raw_data,출입국통계연보/2006_출입국통계연보/2장/3-나[1].국적및지역별.xls,Korea Immigration Service Statistical Yearbook,"Ministry of Justice, Korea Immigration Service",https://www.immigration.go.kr/immigration/1570/subview.do,21504,0e661322f81af7459f366c33acddb9eda749affbc22501f12a8e01bd3631ddd1
01_raw_data,출입국통계연보/2006_출입국통계연보/2장/3-다[1].국적및연령별.xls,Korea Immigration Service Statistical Yearbook,"Ministry of Justice, Korea Immigration Service",https://www.immigration.go.kr/immigration/1570/subview.do,143360,15971c63a61207d0d1332790fb8d19d8b97f732835a4f2f8c85dc305588740c9
01_raw_data,출입국통계연보/2006_출입국통계연보/2장/4-가[1].국적및체류자격별.xls,Korea Immigration Service Statistical Yearbook,"Ministry of Justice, Korea Immigration Service",https://www.immigration.go.kr/immigration/1570/subview.do,183296,12dda29613b13b287e16ea3a9bcf90cecda3f59011278d0b4a08b31af0adafa8
01_raw_data,출입국통계연보/2006_출입국통계연보/2장/4-나[1].국적및연령별.xls,Korea Immigration Service Statistical Yearbook,"Ministry of Justice, Korea Immigration Service",https://www.immigration.go.kr/immigration/1570/subview.do,89088,9cf1affd6ed260fe81307bbbec2e9507431f8e35413ebc55358ba8b2cebc86b3
01_raw_data,출입국통계연보/2006_출입국통계연보/2장/5-체류허가및신고수리현황.xls,Korea Immigration Service Statistical Yearbook,"Ministry of Justice, Korea Immigration Service",https://www.immigration.go.kr/immigration/1570/subview.do,25600,7dbea6af9b79ce61e6583325278e6325658ac125e442408a11abf952af6124ef
01_raw_data,출입국통계연보/2006_출입국통계연보/3장/3-가 연도별 추이.xls,Korea Immigration Service Statistical Yearbook,"Ministry of Justice, Korea Immigration Service",https://www.immigration.go.kr/immigration/1570/subview.do,17408,29ddb18330007acb65a637b987538114608535de1351b212689f397066ff55a4
01_raw_data,출입국통계연보/2006_출입국통계연보/3장/3-나. 국가 및 취득유형별.xls,Korea Immigration Service Statistical Yearbook,"Ministry of Justice, Korea Immigration Service",https://www.immigration.go.kr/immigration/1570/subview.do,35328,39aaeb3208a9c420969e49f4511a5f2532fdff795b6ea6c5fa4d0a376b779bda
01_raw_data,출입국통계연보/2006_출입국통계연보/3장/3-다. 연령 및 취득유형별.xls,Korea Immigration Service Statistical Yearbook,"Ministry of Justice, Korea Immigration Service",https://www.immigration.go.kr/immigration/1570/subview.do,16384,de34b3511abdc502a4961339703243379a3b04abbe7638f9e68d7ca9f6c457d1
01_raw_data,출입국통계연보/2006_출입국통계연보/3장/3[1].연도별불허처리현황.xls,Korea Immigration Service Statistical Yearbook,"Ministry of Justice, Korea Immigration Service",https://www.immigration.go.kr/immigration/1570/subview.do,15872,a12c724506c775e24a18b799d0b92db341c3f20d6d7c111b68e7bc90a72d9131
01_raw_data,출입국통계연보/2006_출입국통계연보/4장/가. 외국국적동포 거소신고 현황.xls,Korea Immigration Service Statistical Yearbook,"Ministry of Justice, Korea Immigration Service",https://www.immigration.go.kr/immigration/1570/subview.do,19456,32766d2c65c1feea371f7db7ff224e672c6208c30ba38eca53c059e53b0693d8
01_raw_data,출입국통계연보/2006_출입국통계연보/4장/나. 재외국민 거소신고 현황.xls,Korea Immigration Service Statistical Yearbook,"Ministry of Justice, Korea Immigration Service",https://www.immigration.go.kr/immigration/1570/subview.do,17408,73fa7ee97a49e0b4d6ed41ec9c38134dd60fbfd93e346425ffaa6d12ecfa5bbf
01_raw_data,출입국통계연보/2006_출입국통계연보/7장/2-가. 국적 및 체류자격별(거소포함).xls,Korea Immigration Service Statistical Yearbook,"Ministry of Justice, Korea Immigration Service",https://www.immigration.go.kr/immigration/1570/subview.do,207872,9052fdd7e4213c143dee0fd5e6e69b57dd5495a6028fe419e4cb7839b9efde49
01_raw_data,출입국통계연보/2006_출입국통계연보/7장/2.나[1].(전체)-자료수정.xls,Korea Immigration Service Statistical Yearbook,"Ministry of Justice, Korea Immigration Service",https://www.immigration.go.kr/immigration/1570/subview.do,92160,c526a9a200fb5f3f911bdf469ca38690f1829c516f407cec34e1a88c83e6ac5b
01_raw_data,출입국통계연보/2006_출입국통계연보/7장/2.나[1].국적및체류기간별(16-60세)-자료수정.xls,Korea Immigration Service Statistical Yearbook,"Ministry of Justice, Korea Immigration Service",https://www.immigration.go.kr/immigration/1570/subview.do,91648,6b0222c3c6d132357cd71294c93d7adee3786145a8500cfb9a3e8a8dcc0ee91f
01_raw_data,출입국통계연보/2006_출입국통계연보/7장/3-가. 국적 및 체류자격별(전체).xls,Korea Immigration Service Statistical Yearbook,"Ministry of Justice, Korea Immigration Service",https://www.immigration.go.kr/immigration/1570/subview.do,135680,2f1d6ebfbe7b952286bd82c8677ae06e8f5f76f3a359fc2070f8746ffac48902
01_raw_data,출입국통계연보/2006_출입국통계연보/7장/3-가.국적 및 체류자격별(16-60세).xls,Korea Immigration Service Statistical Yearbook,"Ministry of Justice, Korea Immigration Service",https://www.immigration.go.kr/immigration/1570/subview.do,133632,b4c4a1937ef2c76d7b8a123d677d52ed12ad4aa994f21d8d9e0dc5b64a634355
01_raw_data,출입국통계연보/2006_출입국통계연보/7장/3-나. 국적 및 체류기간별(16-60세).xls,Korea Immigration Service Statistical Yearbook,"Ministry of Justice, Korea Immigration Service",https://www.immigration.go.kr/immigration/1570/subview.do,61440,29749275be34375c40cb01c15ffaa9477b060f35d704626134a40aa1fc7bd6f1
01_raw_data,출입국통계연보/2006_출입국통계연보/7장/3-나. 국적 및 체류기간별(전체).xls,Korea Immigration Service Statistical Yearbook,"Ministry of Justice, Korea Immigration Service",https://www.immigration.go.kr/immigration/1570/subview.do,61952,20ec8bac2ac0311a1a38fd029bef4ac75a456a833896a4a856bc69fcfb1ebefa
01_raw_data,출입국통계연보/2006_출입국통계연보/7장/4-가. 국적 및 체류자격별(16-60세).xls,Korea Immigration Service Statistical Yearbook,"Ministry of Justice, Korea Immigration Service",https://www.immigration.go.kr/immigration/1570/subview.do,126464,68e647a0b00c9ca8b4151934e09bd759ec7d3aba0b3dd05fc301847b0f41cf5c
01_raw_data,출입국통계연보/2006_출입국통계연보/7장/4-가. 국적 및 체류자격별(전체).xls,Korea Immigration Service Statistical Yearbook,"Ministry of Justice, Korea Immigration Service",https://www.immigration.go.kr/immigration/1570/subview.do,123904,db3ca63a527d6a448c3483f27182dc52144ab572554d2a212a8c3fc95ab683bf
01_raw_data,출입국통계연보/2006_출입국통계연보/7장/4-나. 국적 및 체류기간별(16-60세).xls,Korea Immigration Service Statistical Yearbook,"Ministry of Justice, Korea Immigration Service",https://www.immigration.go.kr/immigration/1570/subview.do,95744,2ece631d2f1e15443029f8774d5f37f2b6e31f6e0c54f7e0a5f6823549b205e5
01_raw_data,출입국통계연보/2006_출입국통계연보/7장/4-나. 국적 및 체류기간별(전체).xls,Korea Immigration Service Statistical Yearbook,"Ministry of Justice, Korea Immigration Service",https://www.immigration.go.kr/immigration/1570/subview.do,87040,3c7d0c47c5958b333e04f7cc95e3eae857a623a388d10d07a4b4d6541ec1077e
01_raw_data,출입국통계연보/2006_출입국통계연보/8장/가[1].국적및유형별.xls,Korea Immigration Service Statistical Yearbook,"Ministry of Justice, Korea Immigration Service",https://www.immigration.go.kr/immigration/1570/subview.do,86016,e0296198aa09f17a55d12d7d68fd1185baf13f1e1fa8587135d8461311ac7ec6
01_raw_data,출입국통계연보/2006_출입국통계연보/8장/나[1].국적및조치별.xls,Korea Immigration Service Statistical Yearbook,"Ministry of Justice, Korea Immigration Service",https://www.immigration.go.kr/immigration/1570/subview.do,49664,78daa1897faa9d5acbea520e60217dc41b163d2c34af4f63d8dc6c08a03454cf
01_raw_data,출입국통계연보/2006_출입국통계연보/8장/다[1].사무소및조치별.xls,Korea Immigration Service Statistical Yearbook,"Ministry of Justice, Korea Immigration Service",https://www.immigration.go.kr/immigration/1570/subview.do,25088,75b3f2f38466f0a4c26bfc2186e9f15f79eb583db6f9a3b7c3bad4f748fd4e50
01_raw_data,출입국통계연보/2006_출입국통계연보/8장/라[1].사무소및유형별.xls,Korea Immigration Service Statistical Yearbook,"Ministry of Justice, Korea Immigration Service",https://www.immigration.go.kr/immigration/1570/subview.do,34816,0ff514ba8fae45e7dd23a6727eab068d6c691220319a545cc9aeb80cbcd3964f
01_raw_data,출입국통계연보/2006_출입국통계연보/8장/마[1].법조항및조치별.xls,Korea Immigration Service Statistical Yearbook,"Ministry of Justice, Korea Immigration Service",https://www.immigration.go.kr/immigration/1570/subview.do,29696,4c9c0246fdc3ca3568dcb4ce9ff262f0a2efa857bdd3d98c452a3659abf2335c
01_raw_data,출입국통계연보/2006_출입국통계연보/9장/가. 항구별 입항(도착) 내.외국인.xls,Korea Immigration Service Statistical Yearbook,"Ministry of Justice, Korea Immigration Service",https://www.immigration.go.kr/immigration/1570/subview.do,79360,1e8e3c79a292b719662ce5e720e61d8cf486da1ce18db5ec470d585a09aa7180
01_raw_data,출입국통계연보/2006_출입국통계연보/9장/나. 항구별 출항(출발) 내.외국인.xls,Korea Immigration Service Statistical Yearbook,"Ministry of Justice, Korea Immigration Service",https://www.immigration.go.kr/immigration/1570/subview.do,70144,c3f96509f41d48887b4e0c57b4eb4f3f914bd4228897660e1ec8b0a48017667c
01_raw_data,"출입국통계연보/2006_출입국통계연보/9장/다-라, 국민방북자(목적,직업,연령별).xls",Korea Immigration Service Statistical Yearbook,"Ministry of Justice, Korea Immigration Service",https://www.immigration.go.kr/immigration/1570/subview.do,20992,6704e06d4c5ef7e52824269ac1f7c5e2f4c468bbc733aca25435c853dba299ef
01_raw_data,출입국통계연보/2006_출입국통계연보/9장/바. 국적 및 체류자격별 입항(도착) 외국인.xls,Korea Immigration Service Statistical Yearbook,"Ministry of Justice, Korea Immigration Service",https://www.immigration.go.kr/immigration/1570/subview.do,166912,13b0cb5a62e5dfc474375e3bfe8368741d07acaf8c683fb8edb32117f212ee8e
01_raw_data,출입국통계연보/2007_출입국통계연보/1-Ⅱ-1.국적및체류자격별 외국인입국자(승무원.상륙허가자 제외).xls,Korea Immigration Service Statistical Yearbook,"Ministry of Justice, Korea Immigration Service",https://www.immigration.go.kr/immigration/1570/subview.do,324096,b94cd1ae7a8fd4e8085b7fdefa462d43993e65e0dd6c13b9bcb7071ded47724d
01_raw_data,출입국통계연보/2007_출입국통계연보/1-Ⅱ-2.국적및연령별외국인입국자(승무원.상륙허가자제외).xls,Korea Immigration Service Statistical Yearbook,"Ministry of Justice, Korea Immigration Service",https://www.immigration.go.kr/immigration/1570/subview.do,91136,6255a9d8c5d7f70e8126db89026cafbda533034f65a05a76b18d80111223d690
01_raw_data,출입국통계연보/2007_출입국통계연보/1-Ⅱ-3.국적및월별외국인입국자(승무원.상륙허가자제외).xls,Korea Immigration Service Statistical Yearbook,"Ministry of Justice, Korea Immigration Service",https://www.immigration.go.kr/immigration/1570/subview.do,87552,713cee1aad130464194ce0fbc661c8b604f004444a36fa6c2f142724849f756c
01_raw_data,출입국통계연보/2007_출입국통계연보/1-Ⅱ-4.국적및체류기간별외국인출국자(승무원.상륙허가자제외).xls,Korea Immigration Service Statistical Yearbook,"Ministry of Justice, Korea Immigration Service",https://www.immigration.go.kr/immigration/1570/subview.do,101888,65926d8825199a057912b03978c7735dc6f4d025cb3709ae13f884b529477151
01_raw_data,출입국통계연보/2007_출입국통계연보/1-Ⅲ-1.항구별 내외국인 입국자.xls,Korea Immigration Service Statistical Yearbook,"Ministry of Justice, Korea Immigration Service",https://www.immigration.go.kr/immigration/1570/subview.do,141312,16e64fa1d8b7fb7255708b49db47b6ff7f53bdf265d7cc8845acfcfac4ede5a2
01_raw_data,출입국통계연보/2007_출입국통계연보/1-Ⅲ-2.항구별 내외국인 출국자.xls,Korea Immigration Service Statistical Yearbook,"Ministry of Justice, Korea Immigration Service",https://www.immigration.go.kr/immigration/1570/subview.do,141824,3fea86df29bb72faf835283a7503c02daa0ca446cc08a15fe2a016b3de0c196d
01_raw_data,출입국통계연보/2007_출입국통계연보/1-Ⅳ-1.국적별상륙허가자.xls,Korea Immigration Service Statistical Yearbook,"Ministry of Justice, Korea Immigration Service",https://www.immigration.go.kr/immigration/1570/subview.do,38912,f68643ecabbc4d735b046a7215dd9ce14e3c9251e9501074422b3ec9f80c74a6
01_raw_data,출입국통계연보/2007_출입국통계연보/1-Ⅳ-2.항구별승무원상륙및상륙허가자출국.xls,Korea Immigration Service Statistical Yearbook,"Ministry of Justice, Korea Immigration Service",https://www.immigration.go.kr/immigration/1570/subview.do,18432,70284240a1b2f8c27d9aba54277b7e49bcbeaac3ac7544ed5a59d2714e2e13f1
01_raw_data,출입국통계연보/2007_출입국통계연보/1-Ⅳ-3.항구별 출입항선박및선원.xls,Korea Immigration Service Statistical Yearbook,"Ministry of Justice, Korea Immigration Service",https://www.immigration.go.kr/immigration/1570/subview.do,17408,84ed70f1cbc6a1723291b9030657d591242c79546139d91cb817362a558e1b2a
01_raw_data,출입국통계연보/2007_출입국통계연보/1-Ⅳ-4.공항별 출입항항공기및승무원.xls,Korea Immigration Service Statistical Yearbook,"Ministry of Justice, Korea Immigration Service",https://www.immigration.go.kr/immigration/1570/subview.do,17408,50ec5d2f8e55c3c5f9c71a68d372ded9a00a1656eb304a9fd33aa77ffcc0d5ef
01_raw_data,출입국통계연보/2007_출입국통계연보/1-Ⅳ-5.국적별 출입항선박및선원.xls,Korea Immigration Service Statistical Yearbook,"Ministry of Justice, Korea Immigration Service",https://www.immigration.go.kr/immigration/1570/subview.do,28160,8c081b72a2d7543f779295f1ba725096d69c0178dc6219f7e3cc4be7a6e311c0
01_raw_data,출입국통계연보/2007_출입국통계연보/1-Ⅳ-6.국적별 입출항항공기및승무원.xls,Korea Immigration Service Statistical Yearbook,"Ministry of Justice, Korea Immigration Service",https://www.immigration.go.kr/immigration/1570/subview.do,23552,5891c040f7054df6d1c76fbb8b09c5a2369bd3ce3baa30b7ff542eb4ab883e5e
01_raw_data,출입국통계연보/2007_출입국통계연보/1-Ⅴ.불법취업우려외국인입국불허현황.xls,Korea Immigration Service Statistical Yearbook,"Ministry of Justice, Korea Immigration Service",https://www.immigration.go.kr/immigration/1570/subview.do,26624,6bf953af7a78b96e7b82faaa6d8adab3c97c6fe5bb6c91b90f45c587f521025e
01_raw_data,출입국통계연보/2007_출입국통계연보/1-Ⅵ-1.사증발급허가승인현황.xls,Korea Immigration Service Statistical Yearbook,"Ministry of Justice, Korea Immigration Service",https://www.immigration.go.kr/immigration/1570/subview.do,47616,4c9811f12490ddbc99b0aae09b646ee0603c89c70af0d70f725f7f391a43933b
01_raw_data,출입국통계연보/2007_출입국통계연보/1-Ⅵ-2.사증발급인정서 발급현황.xls,Korea Immigration Service Statistical Yearbook,"Ministry of Justice, Korea Immigration Service",https://www.immigration.go.kr/immigration/1570/subview.do,146944,2022cccc4cd89316c3127471f101c1aef4dd0932374004e9989b98af21922aba
01_raw_data,출입국통계연보/2007_출입국통계연보/1-Ⅵ-3.고용허가제 사증발급인정서 발급현황.xls,Korea Immigration Service Statistical Yearbook,"Ministry of Justice, Korea Immigration Service",https://www.immigration.go.kr/immigration/1570/subview.do,19968,0985182c29457ade3cd38afdf7f90c39662b6f27645ae6d9c0b80cc39f2cb6b9
01_raw_data,출입국통계연보/2007_출입국통계연보/2-Ⅱ.체류외국인현황.xls,Korea Immigration Service Statistical Yearbook,"Ministry of Justice, Korea Immigration Service",https://www.immigration.go.kr/immigration/1570/subview.do,321536,aef96d56ae4a42a2ae2dc22e29196561c4c3a648e36c487d859c982d60468199
01_raw_data,출입국통계연보/2007_출입국통계연보/2-Ⅲ-1.국적및체류자격별.xls,Korea Immigration Service Statistical Yearbook,"Ministry of Justice, Korea Immigration Service",https://www.immigration.go.kr/immigration/1570/subview.do,256000,66dabb288511a678154804b1379313a601a6414d7159227771f4428125067f15
01_raw_data,출입국통계연보/2007_출입국통계연보/2-Ⅲ-2.국적및지역별.xls,Korea Immigration Service Statistical Yearbook,"Ministry of Justice, Korea Immigration Service",https://www.immigration.go.kr/immigration/1570/subview.do,16896,374574e44eeebe8e4cdc9116ca8c32b4d1c4f55c9e15b3e8526fa8b1ded07dce
01_raw_data,출입국통계연보/2007_출입국통계연보/2-Ⅲ-3.국적및연령별.xls,Korea Immigration Service Statistical Yearbook,"Ministry of Justice, Korea Immigration Service",https://www.immigration.go.kr/immigration/1570/subview.do,78848,53de654f094967d80a3486c2868b858d66b680aa2f68af8d37aeea168a5898a5
01_raw_data,출입국통계연보/2007_출입국통계연보/2-Ⅳ-1.국적및체류자격별.xls,Korea Immigration Service Statistical Yearbook,"Ministry of Justice, Korea Immigration Service",https://www.immigration.go.kr/immigration/1570/subview.do,180224,9a840153db9266c1134605a633e6b78ad4c9ddf9bbd4eeeaac3afde108ca41d3
01_raw_data,출입국통계연보/2007_출입국통계연보/2-Ⅳ-2.국적및연령별.xls,Korea Immigration Service Statistical Yearbook,"Ministry of Justice, Korea Immigration Service",https://www.immigration.go.kr/immigration/1570/subview.do,81408,4df152b4152dc4da7ad75d88b854c89a771cb19542e2e0e43227085176a4a286
01_raw_data,출입국통계연보/2007_출입국통계연보/2-Ⅵ.유학생관련통계.xls,Korea Immigration Service Statistical Yearbook,"Ministry of Justice, Korea Immigration Service",https://www.immigration.go.kr/immigration/1570/subview.do,44032,a3d9c6f702877608453de5b9af4f2eefcb97ccf3aafe5828fd36af156b3f4700
01_raw_data,출입국통계연보/2007_출입국통계연보/2-Ⅶ.체류허가및신고 수리현황.xls,Korea Immigration Service Statistical Yearbook,"Ministry of Justice, Korea Immigration Service",https://www.immigration.go.kr/immigration/1570/subview.do,24064,f54bd0f789fe7f3371a4b592929e93aee64e48c30a54ed8196524a338f7533f4
01_raw_data,출입국통계연보/2007_출입국통계연보/4-Ⅱ-1.연도별 추이.xls,Korea Immigration Service Statistical Yearbook,"Ministry of Justice, Korea Immigration Service",https://www.immigration.go.kr/immigration/1570/subview.do,17408,8399e6989f91836d951d781977b62253c3d30dd0faa68d1d11be2b8614d59f82
01_raw_data,출입국통계연보/2007_출입국통계연보/4-Ⅱ-2.국가 및 취득유형별.xls,Korea Immigration Service Statistical Yearbook,"Ministry of Justice, Korea Immigration Service",https://www.immigration.go.kr/immigration/1570/subview.do,34816,0b58df6c93734124b8f547495589560843c2c8c62a111f380537b1a1811850a8
01_raw_data,출입국통계연보/2007_출입국통계연보/4-Ⅱ-3.연령 및 취득유형별.xls,Korea Immigration Service Statistical Yearbook,"Ministry of Justice, Korea Immigration Service",https://www.immigration.go.kr/immigration/1570/subview.do,15872,b8a0325a44917ea8af449f7b5675704b2a10b4915f9ade59777a14599375b0d8
01_raw_data,출입국통계연보/2007_출입국통계연보/4-Ⅲ. 연도별불허처리현황.xls,Korea Immigration Service Statistical Yearbook,"Ministry of Justice, Korea Immigration Service",https://www.immigration.go.kr/immigration/1570/subview.do,14336,2f594e41ea7e6ddc7596881dfcd8a14925de48c29e5c7295b07a1f5afc2ad24d
01_raw_data,출입국통계연보/2007_출입국통계연보/5-Ⅲ-1.외국적동포거소신고현황.xls,Korea Immigration Service Statistical Yearbook,"Ministry of Justice, Korea Immigration Service",https://www.immigration.go.kr/immigration/1570/subview.do,19456,b64326031db492e83385f2f4d0174b2fa612282d01c859f51189e7034eb9cbc2
01_raw_data,출입국통계연보/2007_출입국통계연보/5-Ⅲ-2.재외국민거소신고현황.xls,Korea Immigration Service Statistical Yearbook,"Ministry of Justice, Korea Immigration Service",https://www.immigration.go.kr/immigration/1570/subview.do,16896,0c7839214310ec2802cdfe9b00ff97f0a4f6616b25d8d3d5344099ba87c94eb3
01_raw_data,출입국통계연보/2007_출입국통계연보/7-Ⅱ-1.국적및체류자격별.xls,Korea Immigration Service Statistical Yearbook,"Ministry of Justice, Korea Immigration Service",https://www.immigration.go.kr/immigration/1570/subview.do,225792,03ec867fabf3d19f501b27c9d23d3ae2f356fefce2698853b9531944fed129f1
01_raw_data,출입국통계연보/2007_출입국통계연보/7-Ⅱ-2.국적및체류기간별.xls,Korea Immigration Service Statistical Yearbook,"Ministry of Justice, Korea Immigration Service",https://www.immigration.go.kr/immigration/1570/subview.do,86528,38608e7c81cc28bbe3eb611b75e712680e439f83225389038d100132d3111ca4
01_raw_data,출입국통계연보/2007_출입국통계연보/7-Ⅲ-1.국적및체류자격별.xls,Korea Immigration Service Statistical Yearbook,"Ministry of Justice, Korea Immigration Service",https://www.immigration.go.kr/immigration/1570/subview.do,149504,e15fe93105f9c7189c222e88d41f1fa11bd58f70fa0bd23b8134d75902d3aa65
01_raw_data,출입국통계연보/2007_출입국통계연보/7-Ⅲ-2.국적및체류기간별.xls,Korea Immigration Service Statistical Yearbook,"Ministry of Justice, Korea Immigration Service",https://www.immigration.go.kr/immigration/1570/subview.do,65024,5308a1007a9520e364f488b123ac478c2bd88c734c461b56851a25d901e2436a
01_raw_data,출입국통계연보/2007_출입국통계연보/7-Ⅳ-1.국적및체류자격별.xls,Korea Immigration Service Statistical Yearbook,"Ministry of Justice, Korea Immigration Service",https://www.immigration.go.kr/immigration/1570/subview.do,118272,6074bb4d7ee7d2a500ff08ad8496d826470008fffefe0c8629e2775c76bacc40
01_raw_data,출입국통계연보/2007_출입국통계연보/7-Ⅳ-2.국적및체류기간별.xls,Korea Immigration Service Statistical Yearbook,"Ministry of Justice, Korea Immigration Service",https://www.immigration.go.kr/immigration/1570/subview.do,83968,82de474905008d21e6383fde3a2f052522f9a655273ed4f9dca4405f1a9a696b
01_raw_data,출입국통계연보/2007_출입국통계연보/8-Ⅱ-1.국적및유형별.xls,Korea Immigration Service Statistical Yearbook,"Ministry of Justice, Korea Immigration Service",https://www.immigration.go.kr/immigration/1570/subview.do,67072,7deefd0425f69b88e27ec31aaae8433a645a7b9e1ed866d85a1e6a830ee80be6
01_raw_data,출입국통계연보/2007_출입국통계연보/8-Ⅱ-2.국적및조치별.xls,Korea Immigration Service Statistical Yearbook,"Ministry of Justice, Korea Immigration Service",https://www.immigration.go.kr/immigration/1570/subview.do,44544,11801177d06956e7634ec1e5dc09afef315014039f2574c5c67e8c223005ad57
01_raw_data,출입국통계연보/2007_출입국통계연보/8-Ⅱ-3.사무소및조치별.xls,Korea Immigration Service Statistical Yearbook,"Ministry of Justice, Korea Immigration Service",https://www.immigration.go.kr/immigration/1570/subview.do,22528,47f6bf24413ba25d0c8178a5203046caa5ea6b6302a3d02502974d4f46f33650
01_raw_data,출입국통계연보/2007_출입국통계연보/8-Ⅱ-4.사무소및유형별.xls,Korea Immigration Service Statistical Yearbook,"Ministry of Justice, Korea Immigration Service",https://www.immigration.go.kr/immigration/1570/subview.do,30208,437b262b6d931ce1a636e202b89d79e4bc51d60852a7e706de26912d88901d7d
01_raw_data,출입국통계연보/2007_출입국통계연보/8-Ⅱ-5.법조항및조치별.xls,Korea Immigration Service Statistical Yearbook,"Ministry of Justice, Korea Immigration Service",https://www.immigration.go.kr/immigration/1570/subview.do,25600,a06f3d745fccc41fa2d4f9b07db03d8516db35727a24006577f7faf39542c3d6
01_raw_data,출입국통계연보/2008_출입국통계연보/1장_Ⅱ_1.외국인입국자(국적.자격별).xls,Korea Immigration Service Statistical Yearbook,"Ministry of Justice, Korea Immigration Service",https://www.immigration.go.kr/immigration/1570/subview.do,160256,bb4af663c2194e397cb011c37ddb045fe7ffbd65b36a5954dcb9010d5df1765e
01_raw_data,출입국통계연보/2008_출입국통계연보/1장_Ⅱ_2.외국인입국자(국적.연령별).xls,Korea Immigration Service Statistical Yearbook,"Ministry of Justice, Korea Immigration Service",https://www.immigration.go.kr/immigration/1570/subview.do,93696,9f6a9a0ae03fdc2d0edd6cf9d5a2e8f7c5fbb49eebe2a4c6b21c810638eb142b
01_raw_data,출입국통계연보/2008_출입국통계연보/1장_Ⅱ_3.외국인입국자(국적.월별).xls,Korea Immigration Service Statistical Yearbook,"Ministry of Justice, Korea Immigration Service",https://www.immigration.go.kr/immigration/1570/subview.do,92672,2be8b7463d267e1cb9e1e05435a17671b948fffbfa0bb47af3d6183ae99ecbf9
01_raw_data,출입국통계연보/2008_출입국통계연보/1장_Ⅱ_4.외국인출국자(국적.체류기간별).xls,Korea Immigration Service Statistical Yearbook,"Ministry of Justice, Korea Immigration Service",https://www.immigration.go.kr/immigration/1570/subview.do,105472,50c758319b3e74067c1632e5b0d4178725a53369653923bd0e5217cf0560de7e
01_raw_data,출입국통계연보/2008_출입국통계연보/1장_Ⅲ_1.내외국인입국자(국적.항구별).xls,Korea Immigration Service Statistical Yearbook,"Ministry of Justice, Korea Immigration Service",https://www.immigration.go.kr/immigration/1570/subview.do,144384,48922678ac3e42942a078d8fd0e50b42a05cfb971a45bcf30e80999e8618f1be
01_raw_data,출입국통계연보/2008_출입국통계연보/1장_Ⅲ_2.내외국인출국자(국적.항구별).xls,Korea Immigration Service Statistical Yearbook,"Ministry of Justice, Korea Immigration Service",https://www.immigration.go.kr/immigration/1570/subview.do,140800,9329b46429fb13617256fd035aaf6e1929de02b7cd94d8b7756feaded684c1b6
01_raw_data,출입국통계연보/2008_출입국통계연보/1장_Ⅳ_1.국적별 상륙허가자.xls,Korea Immigration Service Statistical Yearbook,"Ministry of Justice, Korea Immigration Service",https://www.immigration.go.kr/immigration/1570/subview.do,41472,bf8dcb10ac873433d55e9575982db1cf2aee75727982ce2d9ce2b12cb6b52248
01_raw_data,출입국통계연보/2008_출입국통계연보/1장_Ⅳ_2.항구별 상륙허가자.xls,Korea Immigration Service Statistical Yearbook,"Ministry of Justice, Korea Immigration Service",https://www.immigration.go.kr/immigration/1570/subview.do,22016,523243cc9e37b2039895066f24504e74583078012128626b5a1a8f89b6c53b9e
01_raw_data,출입국통계연보/2008_출입국통계연보/1장_Ⅳ_3.항구별 출입항 선박및선원.xls,Korea Immigration Service Statistical Yearbook,"Ministry of Justice, Korea Immigration Service",https://www.immigration.go.kr/immigration/1570/subview.do,20480,42788b9982ddc81c7ea49adbde60a1654edb2a219dca83b2d694ebeece85aa55
01_raw_data,출입국통계연보/2008_출입국통계연보/1장_Ⅳ_4.항구별 출입항 항공기및승무원.xls,Korea Immigration Service Statistical Yearbook,"Ministry of Justice, Korea Immigration Service",https://www.immigration.go.kr/immigration/1570/subview.do,20480,2baa7e15b48fd7c40622d77eafb2f6006dc738d8acf0975f3f72915628b6220a
01_raw_data,출입국통계연보/2008_출입국통계연보/1장_Ⅳ_5.국적별 출입항 선박및선원.xls,Korea Immigration Service Statistical Yearbook,"Ministry of Justice, Korea Immigration Service",https://www.immigration.go.kr/immigration/1570/subview.do,32768,44e6880f44f62c9c7b55d7e5523f7e74a1a90c3c343928beb500327a573f9a0a
01_raw_data,출입국통계연보/2008_출입국통계연보/1장_Ⅳ_6.국적별 출입항 항공기및승무원.xls,Korea Immigration Service Statistical Yearbook,"Ministry of Justice, Korea Immigration Service",https://www.immigration.go.kr/immigration/1570/subview.do,28672,b806550b9b2b6f7c676d1031f19d4b709b0415de07dedc618b2487fce3ef8866
01_raw_data,출입국통계연보/2008_출입국통계연보/1장_Ⅴ_1.사증발급허가승인 현황.xls,Korea Immigration Service Statistical Yearbook,"Ministry of Justice, Korea Immigration Service",https://www.immigration.go.kr/immigration/1570/subview.do,53760,e017e19059a876607dfea0071e3ea8415720dd3ad268e83734336ae7d9875640
01_raw_data,출입국통계연보/2008_출입국통계연보/1장_Ⅴ_2.사증발급인정서 발급 현황.xls,Korea Immigration Service Statistical Yearbook,"Ministry of Justice, Korea Immigration Service",https://www.immigration.go.kr/immigration/1570/subview.do,157184,d00f678f0f360b29ef09d306affebc17077c2e486e0fae9504832b9354c33421
01_raw_data,출입국통계연보/2008_출입국통계연보/1장_Ⅴ_3.고용허가제 사증발급인정서 발급 현황.xls,Korea Immigration Service Statistical Yearbook,"Ministry of Justice, Korea Immigration Service",https://www.immigration.go.kr/immigration/1570/subview.do,23040,df2503810f1cb5d89738e7445e02acecda5b83223dac3c4136bec463bff5fa69
01_raw_data,출입국통계연보/2008_출입국통계연보/2장_V.유학생관련 현황.xls,Korea Immigration Service Statistical Yearbook,"Ministry of Justice, Korea Immigration Service",https://www.immigration.go.kr/immigration/1570/subview.do,50688,1764c68c9b51da218463343d0e5863f6eff9ba75ccfacf41408b5ae629d6a7d4
01_raw_data,출입국통계연보/2008_출입국통계연보/2장_Ⅱ_체류외국인현황.xls,Korea Immigration Service Statistical Yearbook,"Ministry of Justice, Korea Immigration Service",https://www.immigration.go.kr/immigration/1570/subview.do,330752,e20d8934593f5e24d4299f96ec3718344be0699358d789f9831418ab1750ffb1
01_raw_data,출입국통계연보/2008_출입국통계연보/2장_Ⅲ_1.국적및체류자격별 등록외국인현황.xls,Korea Immigration Service Statistical Yearbook,"Ministry of Justice, Korea Immigration Service",https://www.immigration.go.kr/immigration/1570/subview.do,265728,aecac96d65e3a10bfa133cc41323ff1b36a3f32b90d34c60d420073003f769b4
01_raw_data,출입국통계연보/2008_출입국통계연보/2장_Ⅲ_2.국적및연령별 등록외국인현황.xls,Korea Immigration Service Statistical Yearbook,"Ministry of Justice, Korea Immigration Service",https://www.immigration.go.kr/immigration/1570/subview.do,83456,3d59910b5a1e26d9a0bdf643a982ef30f32433789b6627502c7bd3ffc68a4993
01_raw_data,출입국통계연보/2008_출입국통계연보/2장_Ⅲ_3.지역및국적별 등록외국인현황.xls,Korea Immigration Service Statistical Yearbook,"Ministry of Justice, Korea Immigration Service",https://www.immigration.go.kr/immigration/1570/subview.do,105472,27e5413076bd1af281f2fdee35c43eacf8b8cc248837cc3a4e228c55024ff9ac
01_raw_data,출입국통계연보/2008_출입국통계연보/2장_Ⅲ_4.지역및연령별 등록외국인현황.xls,Korea Immigration Service Statistical Yearbook,"Ministry of Justice, Korea Immigration Service",https://www.immigration.go.kr/immigration/1570/subview.do,179712,964c0b1f25967520000b4d2a4a03334a2f3eab85bcde25e950979afd142c5fbb
01_raw_data,출입국통계연보/2008_출입국통계연보/2장_Ⅲ_5.지역및체류자격별 등록외국인현황.xls,Korea Immigration Service Statistical Yearbook,"Ministry of Justice, Korea Immigration Service",https://www.immigration.go.kr/immigration/1570/subview.do,172544,76236ceab92b0bf36f3793cc35b80aec31ddbce99dbdad86139f9c4f5a42e78e
01_raw_data,출입국통계연보/2008_출입국통계연보/2장_Ⅳ_1.국적및체류자격별 단기체류외국인현황.xls,Korea Immigration Service Statistical Yearbook,"Ministry of Justice, Korea Immigration Service",https://www.immigration.go.kr/immigration/1570/subview.do,196096,8e935b3314e3ed8415789e85cea41135293a4d4302c92ececce1ab9f216b53ad
01_raw_data,출입국통계연보/2008_출입국통계연보/2장_Ⅳ_2.국적및연령별 단기체류외국인현황.xls,Korea Immigration Service Statistical Yearbook,"Ministry of Justice, Korea Immigration Service",https://www.immigration.go.kr/immigration/1570/subview.do,85504,c19e1d01f9b96ab2cfc74c34945d972781e193d2c50a841b08f637aea24036fd
01_raw_data,출입국통계연보/2008_출입국통계연보/2장_Ⅵ.체류허가및신고 수리현황.xls,Korea Immigration Service Statistical Yearbook,"Ministry of Justice, Korea Immigration Service",https://www.immigration.go.kr/immigration/1570/subview.do,27136,bb062132b3206e0dc5450effba7b53931916dcafa62a9d97033a1feb7ea5ca64
01_raw_data,출입국통계연보/2008_출입국통계연보/5장_Ⅲ_1.외국적동포거소신고현황.xls,Korea Immigration Service Statistical Yearbook,"Ministry of Justice, Korea Immigration Service",https://www.immigration.go.kr/immigration/1570/subview.do,22528,b26d780aa603aef1193bf4864b4ae94318600dbd4d19d9321789e8f8d2c538a6
01_raw_data,출입국통계연보/2008_출입국통계연보/5장_Ⅲ_2.재외국민 거소신고 현황.xls,Korea Immigration Service Statistical Yearbook,"Ministry of Justice, Korea Immigration Service",https://www.immigration.go.kr/immigration/1570/subview.do,20992,f7c078cd3a58213a5fdddafcb21ebc90f1269a09e6af23d6868cfc9b3a0eaca4
01_raw_data,출입국통계연보/2008_출입국통계연보/7장_Ⅱ_1.국적및체류자격별 장딘기불체현황.xls,Korea Immigration Service Statistical Yearbook,"Ministry of Justice, Korea Immigration Service",https://www.immigration.go.kr/immigration/1570/subview.do,228352,c1ae894c201581d67c560390acecc9f90c8237590b4d1717cf40843ded2b3c76
01_raw_data,출입국통계연보/2008_출입국통계연보/7장_Ⅱ_2.국적및체류기간별 장단기불체현황.xls,Korea Immigration Service Statistical Yearbook,"Ministry of Justice, Korea Immigration Service",https://www.immigration.go.kr/immigration/1570/subview.do,89600,bdac0e3b20b5ab7985a3136f150a4507971f2a4af988f537ef524795ff736332
01_raw_data,출입국통계연보/2008_출입국통계연보/8장_Ⅱ.위반자처리현황.xls,Korea Immigration Service Statistical Yearbook,"Ministry of Justice, Korea Immigration Service",https://www.immigration.go.kr/immigration/1570/subview.do,52224,f551bf37b3003808f4a639d3158f75f3691576205bbc322a808aefdd0af036c8
01_raw_data,출입국통계연보/2009_출입국통계연보/1장_Ⅱ_1.외국인입국자(국적.자격별).xls,Korea Immigration Service Statistical Yearbook,"Ministry of Justice, Korea Immigration Service",https://www.immigration.go.kr/immigration/1570/subview.do,163328,5e97db5784a2c4cb30cf4ffa73e700eb493f5ca3708a44adc92bb1862d0a0f37
01_raw_data,출입국통계연보/2009_출입국통계연보/1장_Ⅱ_2.외국인입국자(국적.연령별).xls,Korea Immigration Service Statistical Yearbook,"Ministry of Justice, Korea Immigration Service",https://www.immigration.go.kr/immigration/1570/subview.do,95744,cb6dd6d00231b93dda775cb003e1ca3854233bb29815f7e8b334209810457176
01_raw_data,출입국통계연보/2009_출입국통계연보/1장_Ⅱ_3.외국인입국자(국적.월별).xls,Korea Immigration Service Statistical Yearbook,"Ministry of Justice, Korea Immigration Service",https://www.immigration.go.kr/immigration/1570/subview.do,92160,cb2f2f589af0b4105d73ade6a397213271f054c77ba71164f8cb6c5917b6c1e1
01_raw_data,출입국통계연보/2009_출입국통계연보/1장_Ⅱ_4.외국인출국자(국적.체류기간별).xls,Korea Immigration Service Statistical Yearbook,"Ministry of Justice, Korea Immigration Service",https://www.immigration.go.kr/immigration/1570/subview.do,105984,842fd2a8c65efa15bc85241b1e9da31a4aee21fc247d4043f88938f2ad389074
01_raw_data,출입국통계연보/2009_출입국통계연보/1장_Ⅲ_1.내외국인입국자(국적.항구별).xls,Korea Immigration Service Statistical Yearbook,"Ministry of Justice, Korea Immigration Service",https://www.immigration.go.kr/immigration/1570/subview.do,144896,fff45cc099677158ccfaad61a2c3f85ebb3d7a64b5083a412e1c23f2eed8fd21
01_raw_data,출입국통계연보/2009_출입국통계연보/1장_Ⅲ_2.내외국인출국자(국적.항구별).xls,Korea Immigration Service Statistical Yearbook,"Ministry of Justice, Korea Immigration Service",https://www.immigration.go.kr/immigration/1570/subview.do,141312,137a7cfc60184f26aa697ed7e4c67124672c9259795a1edc7b63fb7da9958ebc
01_raw_data,출입국통계연보/2009_출입국통계연보/1장_Ⅳ_1.국적별 상륙허가자.xls,Korea Immigration Service Statistical Yearbook,"Ministry of Justice, Korea Immigration Service",https://www.immigration.go.kr/immigration/1570/subview.do,43520,96c15468f583b93cbf900184dd26fdeb4ddf8443b7e9e5c73502e5f8c91f4bfa
01_raw_data,출입국통계연보/2009_출입국통계연보/1장_Ⅳ_2.항구별 상륙허가자.xls,Korea Immigration Service Statistical Yearbook,"Ministry of Justice, Korea Immigration Service",https://www.immigration.go.kr/immigration/1570/subview.do,23040,558915cb397edd5ccf896a76ea828b35b9bf3abb1ff89e38338c08e7f0ac173d
01_raw_data,출입국통계연보/2009_출입국통계연보/1장_Ⅳ_3.항구별 출입항 선박및선원.xls,Korea Immigration Service Statistical Yearbook,"Ministry of Justice, Korea Immigration Service",https://www.immigration.go.kr/immigration/1570/subview.do,22016,9273a7dfe5b709b075c57638a6f6828ec8179bbc850cad7821b9f3fd1bffca1a
01_raw_data,출입국통계연보/2009_출입국통계연보/1장_Ⅳ_4.항구별 출입항 항공기및승무원.xls,Korea Immigration Service Statistical Yearbook,"Ministry of Justice, Korea Immigration Service",https://www.immigration.go.kr/immigration/1570/subview.do,20992,18792e8957cced721ff237e673ebe3c5f00661811ce6504adf69b9fb039d49ae
01_raw_data,출입국통계연보/2009_출입국통계연보/1장_Ⅳ_5.국적별 출입항 선박및선원.xls,Korea Immigration Service Statistical Yearbook,"Ministry of Justice, Korea Immigration Service",https://www.immigration.go.kr/immigration/1570/subview.do,33280,5a287436cf83856b77ddf5f50138e661a29ad9c08a77d676a9ba13589926df8c
01_raw_data,출입국통계연보/2009_출입국통계연보/1장_Ⅳ_6.국적별 출입항 항공기및승무원.xls,Korea Immigration Service Statistical Yearbook,"Ministry of Justice, Korea Immigration Service",https://www.immigration.go.kr/immigration/1570/subview.do,29696,23287c98cbac9a18085f74c9adcb608fb64e7036818141eb1489ddc56451686c
01_raw_data,출입국통계연보/2009_출입국통계연보/1장_Ⅴ_1.사증발급허가승인 현황.xls,Korea Immigration Service Statistical Yearbook,"Ministry of Justice, Korea Immigration Service",https://www.immigration.go.kr/immigration/1570/subview.do,50176,f819b0ce18a56f47440aa8eeb1c54726c565fbdb2d00a93ead1e3ef980d37f53
01_raw_data,출입국통계연보/2009_출입국통계연보/1장_Ⅴ_2.사증발급인정서 발급 현황.xls,Korea Immigration Service Statistical Yearbook,"Ministry of Justice, Korea Immigration Service",https://www.immigration.go.kr/immigration/1570/subview.do,115200,812390029de8da6344606305cb95763cdf328bb73374e2f9bbce05a62c3c0950
01_raw_data,출입국통계연보/2009_출입국통계연보/1장_Ⅴ_3 고용허가제 사증발급인정서 발급현황.xls,Korea Immigration Service Statistical Yearbook,"Ministry of Justice, Korea Immigration Service",https://www.immigration.go.kr/immigration/1570/subview.do,22016,9b135c93cfa73a28c38fb475eca51f99ddcf808928e08a1f36617a1cc78d4ffd
01_raw_data,출입국통계연보/2009_출입국통계연보/2장_V.유학생관련 현황.xls,Korea Immigration Service Statistical Yearbook,"Ministry of Justice, Korea Immigration Service",https://www.immigration.go.kr/immigration/1570/subview.do,54272,2ab8e4891eab999efa0040d63def925bb110e5810ebea6fec4fa4b1c13287fbf
01_raw_data,출입국통계연보/2009_출입국통계연보/2장_Ⅱ_체류외국인현황.xls,Korea Immigration Service Statistical Yearbook,"Ministry of Justice, Korea Immigration Service",https://www.immigration.go.kr/immigration/1570/subview.do,388096,59ff5eb750c5b70fd0f09d7d81f2c09a31fc4110ba6189e4ac9cb82ea66904f6
01_raw_data,출입국통계연보/2009_출입국통계연보/2장_Ⅲ_1.국적및체류자격별 등록외국인현황.xls,Korea Immigration Service Statistical Yearbook,"Ministry of Justice, Korea Immigration Service",https://www.immigration.go.kr/immigration/1570/subview.do,294912,7afd2c7abc03b3163e5d18b9ee606679799769c020f04ef16add51c5f6479b98
01_raw_data,출입국통계연보/2009_출입국통계연보/2장_Ⅲ_2.국적및연령별 등록외국인현황.xls,Korea Immigration Service Statistical Yearbook,"Ministry of Justice, Korea Immigration Service",https://www.immigration.go.kr/immigration/1570/subview.do,83456,ecd8bcfbf85e0fa30cf5f1b2695ba987f7ca6ee98cea46b17eea51073f5f99af
01_raw_data,출입국통계연보/2009_출입국통계연보/2장_Ⅲ_3.지역및국적별 등록외국인현황.xls,Korea Immigration Service Statistical Yearbook,"Ministry of Justice, Korea Immigration Service",https://www.immigration.go.kr/immigration/1570/subview.do,74752,75ad9c2acb275c733f16039546b119641aa25d8f4a9894b5771a41e9f30c98d5
01_raw_data,출입국통계연보/2009_출입국통계연보/2장_Ⅲ_4.지역및연령별 등록외국인현황.xls,Korea Immigration Service Statistical Yearbook,"Ministry of Justice, Korea Immigration Service",https://www.immigration.go.kr/immigration/1570/subview.do,156672,7ea0fdd523eda869a882531bdfda82641972847d926daddb46c2edb655deefc9
01_raw_data,출입국통계연보/2009_출입국통계연보/2장_Ⅲ_5.지역및체류자격별 등록외국인현황.xls,Korea Immigration Service Statistical Yearbook,"Ministry of Justice, Korea Immigration Service",https://www.immigration.go.kr/immigration/1570/subview.do,195072,d783ccf062df66b0c28531fc0cdcd4b713fa7b0a16e626ce27592e8d072bb0bd
01_raw_data,출입국통계연보/2009_출입국통계연보/2장_Ⅳ_1.국적및체류자격별 단기체류외국인현황.xls,Korea Immigration Service Statistical Yearbook,"Ministry of Justice, Korea Immigration Service",https://www.immigration.go.kr/immigration/1570/subview.do,211968,1a11266a38c7b2b8298829a2651df762234928aa18684141b38fbe064f971a28
01_raw_data,출입국통계연보/2009_출입국통계연보/2장_Ⅳ_2.국적및연령별 단기체류외국인현황.xls,Korea Immigration Service Statistical Yearbook,"Ministry of Justice, Korea Immigration Service",https://www.immigration.go.kr/immigration/1570/subview.do,89088,de28033d4ea88e046ece77839df77e920755cb01ca09d35b6e18a455bc347dff
01_raw_data,출입국통계연보/2009_출입국통계연보/2장_Ⅵ.체류허가및신고 수리현황.xls,Korea Immigration Service Statistical Yearbook,"Ministry of Justice, Korea Immigration Service",https://www.immigration.go.kr/immigration/1570/subview.do,27648,f0cad47a5326a47147d980b957963c4f095fb0bcec93acc32e09916414986161
01_raw_data,출입국통계연보/2009_출입국통계연보/2장_Ⅶ_고충처리 실적 현황(국적별).xls,Korea Immigration Service Statistical Yearbook,"Ministry of Justice, Korea Immigration Service",https://www.immigration.go.kr/immigration/1570/subview.do,23040,4cd3d63f2fd3c1811fdae9563aff21746d058856c935232f18b197bb38a5621b
01_raw_data,출입국통계연보/2009_출입국통계연보/3장_Ⅱ_ 결혼이민자  현황.xls,Korea Immigration Service Statistical Yearbook,"Ministry of Justice, Korea Immigration Service",https://www.immigration.go.kr/immigration/1570/subview.do,39424,79f1db719f8c0c576eb6e4ff424e325d8727912706557ebecf11aa159e69e255
01_raw_data,출입국통계연보/2009_출입국통계연보/4장_Ⅱ_1.국적처리_연도별 추이.xls,Korea Immigration Service Statistical Yearbook,"Ministry of Justice, Korea Immigration Service",https://www.immigration.go.kr/immigration/1570/subview.do,20480,57133e3bbb4aa21befc62906e80e1acd161fe6d41e4ee4ba62d7ebd301fd15db
01_raw_data,출입국통계연보/2009_출입국통계연보/4장_Ⅱ_2.국적처리_국가및취득유형별.xls,Korea Immigration Service Statistical Yearbook,"Ministry of Justice, Korea Immigration Service",https://www.immigration.go.kr/immigration/1570/subview.do,38912,de0737767d8edfd7eae5841c14bc15a6b8e63746ed35cd141bba24d9a21499d9
01_raw_data,출입국통계연보/2009_출입국통계연보/4장_Ⅱ_3.국적처리_연령및취득유형별.xls,Korea Immigration Service Statistical Yearbook,"Ministry of Justice, Korea Immigration Service",https://www.immigration.go.kr/immigration/1570/subview.do,19456,d3a7453d8a11b475ed94299fcb7b84fb2722d259a0f9c8fd3f16c4e0d32eabd3
01_raw_data,출입국통계연보/2009_출입국통계연보/4장_Ⅲ_연도별 불허처리현황.xls,Korea Immigration Service Statistical Yearbook,"Ministry of Justice, Korea Immigration Service",https://www.immigration.go.kr/immigration/1570/subview.do,18432,baae296b3e5963052d120af1ccffa6dfaa6fb0dad098a83ef769db64863fd535
01_raw_data,출입국통계연보/2009_출입국통계연보/5장_Ⅲ_1.외국적동포거소신고현황.xls,Korea Immigration Service Statistical Yearbook,"Ministry of Justice, Korea Immigration Service",https://www.immigration.go.kr/immigration/1570/subview.do,23552,d3378a2c3423ff8349a2651972abfe9882d5be17fd34c85b491a3a50e5e6ac4b
01_raw_data,출입국통계연보/2009_출입국통계연보/5장_Ⅲ_2.재외국민 거소신고 현황.xls,Korea Immigration Service Statistical Yearbook,"Ministry of Justice, Korea Immigration Service",https://www.immigration.go.kr/immigration/1570/subview.do,21504,4b2f521652283f7ba566aed0ade12a53b08330e351d946f33bfd7a3edfae902d
01_raw_data,출입국통계연보/2009_출입국통계연보/7장_Ⅱ_1.국적및체류자격별 장단기불체현황.xls,Korea Immigration Service Statistical Yearbook,"Ministry of Justice, Korea Immigration Service",https://www.immigration.go.kr/immigration/1570/subview.do,269312,ddb8a07e74997602913187ef8ee05a82e8f330d625303f317924461b131fc8db
01_raw_data,출입국통계연보/2009_출입국통계연보/7장_Ⅱ_2.국적및체류기간별 장단기불체현황.xls,Korea Immigration Service Statistical Yearbook,"Ministry of Justice, Korea Immigration Service",https://www.immigration.go.kr/immigration/1570/subview.do,91136,3f161f0fe545aacb9b8cc6300426e3932fb33bc7375a5873a7003c98aff963d1
01_raw_data,출입국통계연보/2009_출입국통계연보/8장_Ⅱ.위반자처리현황.xls,Korea Immigration Service Statistical Yearbook,"Ministry of Justice, Korea Immigration Service",https://www.immigration.go.kr/immigration/1570/subview.do,50688,e3a39ff98082cc493a4e2f2547346e4bff805034b6a657c2a6ed73a20f1d8ca0
01_raw_data,출입국통계연보/2010_출입국통계연보/1장_Ⅱ_1.외국인입국자(국적.자격별).xls,Korea Immigration Service Statistical Yearbook,"Ministry of Justice, Korea Immigration Service",https://www.immigration.go.kr/immigration/1570/subview.do,100385,e4bafa87f641e82cd46fc2215c7a2c476413e05000a20d2c9491a9c97d3bbf53
01_raw_data,출입국통계연보/2010_출입국통계연보/1장_Ⅱ_2.외국인입국자(국적.연령별).xls,Korea Immigration Service Statistical Yearbook,"Ministry of Justice, Korea Immigration Service",https://www.immigration.go.kr/immigration/1570/subview.do,59400,e42f0a02773cee4c81934d43a92c9d0d39d85c46c2e02fe09c6fab560fabc33c
01_raw_data,출입국통계연보/2010_출입국통계연보/1장_Ⅱ_3.외국인입국자(국적.월별).xls,Korea Immigration Service Statistical Yearbook,"Ministry of Justice, Korea Immigration Service",https://www.immigration.go.kr/immigration/1570/subview.do,56746,701bef91e970c9f2470cb06c67ac5673dfbdc710191aa61665905f69964916b5
01_raw_data,출입국통계연보/2010_출입국통계연보/1장_Ⅱ_4.외국인출국자(국적.체류기간별).xls,Korea Immigration Service Statistical Yearbook,"Ministry of Justice, Korea Immigration Service",https://www.immigration.go.kr/immigration/1570/subview.do,77182,087f44d431875a63626294a647a7dd2ee1e5c200ce1672b3c7456edb948e1115
01_raw_data,출입국통계연보/2010_출입국통계연보/1장_Ⅲ_1.내외국인입국자(국적.항구별).xls,Korea Immigration Service Statistical Yearbook,"Ministry of Justice, Korea Immigration Service",https://www.immigration.go.kr/immigration/1570/subview.do,141824,c3778dd6db9ac727f188254e892de4ae57b96c02b7658ae1eed2c397cfe9512a
01_raw_data,출입국통계연보/2010_출입국통계연보/1장_Ⅲ_2.내외국인출국자(국적.항구별).xls,Korea Immigration Service Statistical Yearbook,"Ministry of Justice, Korea Immigration Service",https://www.immigration.go.kr/immigration/1570/subview.do,138752,eb3225cd86760e0eb3c06bab01a3ad9bbfa38ff50ad0cc921d99b102ea90fd7e
01_raw_data,출입국통계연보/2010_출입국통계연보/1장_Ⅳ_1.국적별 상륙허가자.xls,Korea Immigration Service Statistical Yearbook,"Ministry of Justice, Korea Immigration Service",https://www.immigration.go.kr/immigration/1570/subview.do,23018,ad5cbc762c29e918fd160a14676a781ab41c5cd2ac9b322b94679158edafc7f3
01_raw_data,출입국통계연보/2010_출입국통계연보/1장_Ⅳ_2.항구별 상륙허가자.xls,Korea Immigration Service Statistical Yearbook,"Ministry of Justice, Korea Immigration Service",https://www.immigration.go.kr/immigration/1570/subview.do,10667,e82d3d984c4976531f3791de071e8c1231435b9c79a8b7b78c11962c144281d5
01_raw_data,출입국통계연보/2010_출입국통계연보/1장_Ⅳ_3.항구별 출입항 선박및선원.xls,Korea Immigration Service Statistical Yearbook,"Ministry of Justice, Korea Immigration Service",https://www.immigration.go.kr/immigration/1570/subview.do,10068,69a110b5df6f1b73592fc63b3ca2c945f271ae7c96e625f28fd7401fff42f31e
01_raw_data,출입국통계연보/2010_출입국통계연보/1장_Ⅳ_4.공항별 출입항 항공기및승무원.xls,Korea Immigration Service Statistical Yearbook,"Ministry of Justice, Korea Immigration Service",https://www.immigration.go.kr/immigration/1570/subview.do,9568,719dc607df10fa413e00a8d232f7b39a7beb57f2543bcad131c504cd58c485e5
01_raw_data,출입국통계연보/2010_출입국통계연보/1장_Ⅳ_5.국적별 출입항 선박및선원.xls,Korea Immigration Service Statistical Yearbook,"Ministry of Justice, Korea Immigration Service",https://www.immigration.go.kr/immigration/1570/subview.do,17087,654635186106c80e2b26d2cb0168edf9995ea1ee59a06b769c79d426d42e4bf7
01_raw_data,출입국통계연보/2010_출입국통계연보/1장_Ⅳ_6.국적별 출입항 항공기및승무원.xls,Korea Immigration Service Statistical Yearbook,"Ministry of Justice, Korea Immigration Service",https://www.immigration.go.kr/immigration/1570/subview.do,14319,18e7dcf7a65c8f67a0fdc39db66367374525cd84a7542cca4794b464a9714e3b
01_raw_data,출입국통계연보/2010_출입국통계연보/1장_Ⅴ_1.사증발급허가승인 현황.xls,Korea Immigration Service Statistical Yearbook,"Ministry of Justice, Korea Immigration Service",https://www.immigration.go.kr/immigration/1570/subview.do,39424,82d2fac79ab0d74621d41c548e42f3556de80b103bb2fe812bda3efa86082e3a
01_raw_data,출입국통계연보/2010_출입국통계연보/1장_Ⅴ_2.사증발급인정서 발급 현황.xls,Korea Immigration Service Statistical Yearbook,"Ministry of Justice, Korea Immigration Service",https://www.immigration.go.kr/immigration/1570/subview.do,114176,86511a2f893130a61df5f49aa8783e0bc5d58995a8a5443e9e6123bed247e967
01_raw_data,출입국통계연보/2010_출입국통계연보/1장_Ⅴ_3 고용허가제 사증발급인정서 발급현황.xls,Korea Immigration Service Statistical Yearbook,"Ministry of Justice, Korea Immigration Service",https://www.immigration.go.kr/immigration/1570/subview.do,25088,ae357dfd8b4596e184c1dbd384725ff0fb28798a5d59d546b5dfe495a53c30c8
01_raw_data,출입국통계연보/2010_출입국통계연보/2장_V.유학생관련 현황.xls,Korea Immigration Service Statistical Yearbook,"Ministry of Justice, Korea Immigration Service",https://www.immigration.go.kr/immigration/1570/subview.do,28305,e909ece92cb0c41df8eedfeccb35802be8f4b6ec05ecd637ad0d4a93722d4599
01_raw_data,출입국통계연보/2010_출입국통계연보/2장_Ⅱ_체류외국인현황.xls,Korea Immigration Service Statistical Yearbook,"Ministry of Justice, Korea Immigration Service",https://www.immigration.go.kr/immigration/1570/subview.do,169074,5ff3fc85ca418f9a2f894da55b9968a3983172951552f52b4c768ba69b3c3dad
01_raw_data,출입국통계연보/2010_출입국통계연보/2장_Ⅲ_1.국적및체류자격별 등록외국인현황.xls,Korea Immigration Service Statistical Yearbook,"Ministry of Justice, Korea Immigration Service",https://www.immigration.go.kr/immigration/1570/subview.do,129287,8f1a7d006eedeb79fc3ec23dc3eb21df507c1a0cc912f963a8104ff34f4bf4c1
01_raw_data,출입국통계연보/2010_출입국통계연보/2장_Ⅲ_2.국적및연령별 등록외국인현황.xls,Korea Immigration Service Statistical Yearbook,"Ministry of Justice, Korea Immigration Service",https://www.immigration.go.kr/immigration/1570/subview.do,35993,97a47b998a36e428dd28f75038abf95d0b2e8510e6fc634b22b3972c7315fe84
01_raw_data,출입국통계연보/2010_출입국통계연보/2장_Ⅲ_3.지역및국적별 등록외국인현황.xls,Korea Immigration Service Statistical Yearbook,"Ministry of Justice, Korea Immigration Service",https://www.immigration.go.kr/immigration/1570/subview.do,183808,f8c756acbd2193bf11361d67a41c7d968b7c26179a150f881781588bd7b7da73
01_raw_data,출입국통계연보/2010_출입국통계연보/2장_Ⅲ_4.지역및연령별 등록외국인현황.xls,Korea Immigration Service Statistical Yearbook,"Ministry of Justice, Korea Immigration Service",https://www.immigration.go.kr/immigration/1570/subview.do,147456,f2ea626e82033f58c5a90199a99a3169637435d8938cb1c24e0004c5a495602d
01_raw_data,출입국통계연보/2010_출입국통계연보/2장_Ⅲ_5.지역및체류자격별 등록외국인현황.xls,Korea Immigration Service Statistical Yearbook,"Ministry of Justice, Korea Immigration Service",https://www.immigration.go.kr/immigration/1570/subview.do,681984,90e2678c0dbdeac4b8163490b6cb9bfb0c6de1a3afe4305c43f2305eb4add217
01_raw_data,출입국통계연보/2010_출입국통계연보/2장_Ⅳ_1.국적및체류자격별 단기체류외국인현황.xls,Korea Immigration Service Statistical Yearbook,"Ministry of Justice, Korea Immigration Service",https://www.immigration.go.kr/immigration/1570/subview.do,113504,b8d2481a7f38c993f753e691cd573d92b1d32f2a9cd786055902ca1ca3e39833
01_raw_data,출입국통계연보/2010_출입국통계연보/2장_Ⅳ_2.국적및연령별 단기체류외국인현황.xls,Korea Immigration Service Statistical Yearbook,"Ministry of Justice, Korea Immigration Service",https://www.immigration.go.kr/immigration/1570/subview.do,37133,6cf8baf6eef59edf8ccbc702b7e7858059eed9da321789f5a4769dc685acbacf
01_raw_data,출입국통계연보/2010_출입국통계연보/2장_Ⅵ.체류허가및신고 수리현황.xls,Korea Immigration Service Statistical Yearbook,"Ministry of Justice, Korea Immigration Service",https://www.immigration.go.kr/immigration/1570/subview.do,14581,f2e1a3218b1e6825a908f0a64af9952b4aceda5d9e64cc7b491a674343ab2900
01_raw_data,출입국통계연보/2010_출입국통계연보/3장_Ⅱ_1.결혼이민자  현황(국적별).xls,Korea Immigration Service Statistical Yearbook,"Ministry of Justice, Korea Immigration Service",https://www.immigration.go.kr/immigration/1570/subview.do,18073,c431a4a45c2ce15b80f32e7b8a363206eb2842de19ecb7c3830e6b9435b165fb
01_raw_data,출입국통계연보/2010_출입국통계연보/3장_Ⅱ_2.결혼이민자  현황(지역별).xls,Korea Immigration Service Statistical Yearbook,"Ministry of Justice, Korea Immigration Service",https://www.immigration.go.kr/immigration/1570/subview.do,41984,053b3984b0eebd5e4d04e8121abd6eead40b5e0b059734cfcdc9b3b25b8d264f
01_raw_data,출입국통계연보/2010_출입국통계연보/4장_Ⅱ_1.국적처리_연도별 추이.xls,Korea Immigration Service Statistical Yearbook,"Ministry of Justice, Korea Immigration Service",https://www.immigration.go.kr/immigration/1570/subview.do,21504,910f2051b98de86fa26e9111c5f09083fd95b5c27a673d38602edf4de5a4033c
01_raw_data,출입국통계연보/2010_출입국통계연보/4장_Ⅱ_2.국적처리_국가및취득유형별.xls,Korea Immigration Service Statistical Yearbook,"Ministry of Justice, Korea Immigration Service",https://www.immigration.go.kr/immigration/1570/subview.do,36352,2cc05dbb82b11c14acd7580d283d05be94be8a12e6a4c057dfbbc0e77eb3de6c
01_raw_data,출입국통계연보/2010_출입국통계연보/4장_Ⅱ_3.국적처리_연령및취득유형별.xls,Korea Immigration Service Statistical Yearbook,"Ministry of Justice, Korea Immigration Service",https://www.immigration.go.kr/immigration/1570/subview.do,20480,c44bf8a1bce4ddf56769794be39404a9b444088d565ba350309ba3e5e589b76f
01_raw_data,출입국통계연보/2010_출입국통계연보/4장_Ⅲ_연도별 불허처리현황.xls,Korea Immigration Service Statistical Yearbook,"Ministry of Justice, Korea Immigration Service",https://www.immigration.go.kr/immigration/1570/subview.do,18944,fa9a9ee6d02d006727cdf2b1996b9348e3b155de5932cd22a46aa3cbdd610814
01_raw_data,출입국통계연보/2010_출입국통계연보/5장_Ⅲ_1.외국적동포거소신고현황.xls,Korea Immigration Service Statistical Yearbook,"Ministry of Justice, Korea Immigration Service",https://www.immigration.go.kr/immigration/1570/subview.do,25600,5cb329d27a8f8d6f0ced5e9d9f3bbcc02285d24803b78792bbe2f1b9cc72a0ed
01_raw_data,출입국통계연보/2010_출입국통계연보/5장_Ⅲ_2.재외국민 거소신고 현황.xls,Korea Immigration Service Statistical Yearbook,"Ministry of Justice, Korea Immigration Service",https://www.immigration.go.kr/immigration/1570/subview.do,11136,d6393b7181da856bef6e99351bada4f1e850e1d1a028e376309409da99f239ff
01_raw_data,출입국통계연보/2010_출입국통계연보/7장_Ⅱ_1.국적및체류자격별 불법체류외국인 현황.xls,Korea Immigration Service Statistical Yearbook,"Ministry of Justice, Korea Immigration Service",https://www.immigration.go.kr/immigration/1570/subview.do,102475,b4664a0993762fb4cf4d67eecf81146c5d745e9458e77fea5f6a9acb5ce19b13
01_raw_data,출입국통계연보/2010_출입국통계연보/7장_Ⅱ_2.국적및체류기간별 불법체류외국인 현황.xls,Korea Immigration Service Statistical Yearbook,"Ministry of Justice, Korea Immigration Service",https://www.immigration.go.kr/immigration/1570/subview.do,35684,bc793e96241b27c59892309a55d0fa0e7bf582b6da4eb1c47069a438e916eeb1
01_raw_data,출입국통계연보/2010_출입국통계연보/8장_Ⅱ.위반자처리현황.xls,Korea Immigration Service Statistical Yearbook,"Ministry of Justice, Korea Immigration Service",https://www.immigration.go.kr/immigration/1570/subview.do,28397,2f20f80e2ab4fa20cbc3c4f96aa5500acf77a38c850a6a5cf8190e6d862c56fb
01_raw_data,출입국통계연보/2011_출입국통계연보/11_1장_Ⅱ_1.외국인입국자(국적.자격별).xls,Korea Immigration Service Statistical Yearbook,"Ministry of Justice, Korea Immigration Service",https://www.immigration.go.kr/immigration/1570/subview.do,93779,1c88e496836501084302c7db537c9e39e2508166b02e9d0b2a577b0d777692e6
01_raw_data,출입국통계연보/2011_출입국통계연보/11_1장_Ⅱ_2.외국인입국자(국적.연령별).xls,Korea Immigration Service Statistical Yearbook,"Ministry of Justice, Korea Immigration Service",https://www.immigration.go.kr/immigration/1570/subview.do,55971,1383d30ea54d08bf29df55923c982caf1c0fd5577ad84a0e4d9c34a82a3549a6
01_raw_data,출입국통계연보/2011_출입국통계연보/11_1장_Ⅱ_3.외국인입국자(국적.월별).xls,Korea Immigration Service Statistical Yearbook,"Ministry of Justice, Korea Immigration Service",https://www.immigration.go.kr/immigration/1570/subview.do,53007,5a7716d02f19c6d8613834b71b8e0191ce321ffde77b8cd609342b4476c4238e
01_raw_data,출입국통계연보/2011_출입국통계연보/11_1장_Ⅱ_4.외국인출국자(국적.체류기간별).xls,Korea Immigration Service Statistical Yearbook,"Ministry of Justice, Korea Immigration Service",https://www.immigration.go.kr/immigration/1570/subview.do,60584,b2f7f77f3cfe71eb421b021b0efa9af8b4104bd911cf27f6ba0658d3b6640b46
01_raw_data,출입국통계연보/2011_출입국통계연보/11_1장_Ⅲ_1.내외국인입국자(국적.항구별).xls,Korea Immigration Service Statistical Yearbook,"Ministry of Justice, Korea Immigration Service",https://www.immigration.go.kr/immigration/1570/subview.do,76524,addab916abd4404a5152c66d8415258d5cb1eaffcbb8a48eee3044c8ba6751e4
01_raw_data,출입국통계연보/2011_출입국통계연보/11_1장_Ⅲ_2.내외국인출국자(국적.항구별).xls,Korea Immigration Service Statistical Yearbook,"Ministry of Justice, Korea Immigration Service",https://www.immigration.go.kr/immigration/1570/subview.do,75026,e1b4cfb31f7f4ae1d045eab98d06fbd6320589bb96ae0f739f84f7870c16b706
01_raw_data,출입국통계연보/2011_출입국통계연보/11_1장_Ⅳ_1.국적별 상륙허가자.xls,Korea Immigration Service Statistical Yearbook,"Ministry of Justice, Korea Immigration Service",https://www.immigration.go.kr/immigration/1570/subview.do,22530,e59488667317ce7bd3875a73db52dde662a5a53e14d698ef13f6f27dc02335b0
01_raw_data,출입국통계연보/2011_출입국통계연보/11_1장_Ⅳ_2.항구별 상륙허가자.xls,Korea Immigration Service Statistical Yearbook,"Ministry of Justice, Korea Immigration Service",https://www.immigration.go.kr/immigration/1570/subview.do,10238,d6d330d694f64ad51c0adcad13488cc6f805c7272d0f79464f919ceb697f8e1d
01_raw_data,출입국통계연보/2011_출입국통계연보/11_1장_Ⅳ_3.항구별 출입항 선박및선원.xls,Korea Immigration Service Statistical Yearbook,"Ministry of Justice, Korea Immigration Service",https://www.immigration.go.kr/immigration/1570/subview.do,10909,f0d109e13ddfb4d359a4dd2abffe4831434244ba4aabb246b0a7478f2c599aa5
01_raw_data,출입국통계연보/2011_출입국통계연보/11_1장_Ⅳ_4.공항별 출입항 항공기및승무원.xls,Korea Immigration Service Statistical Yearbook,"Ministry of Justice, Korea Immigration Service",https://www.immigration.go.kr/immigration/1570/subview.do,10389,20d3873f61817acb235b893154e6b2b2ac3c498fa883d4feab08b74332effe00
01_raw_data,출입국통계연보/2011_출입국통계연보/11_1장_Ⅳ_5.국적별 출입항 선박및선원.xls,Korea Immigration Service Statistical Yearbook,"Ministry of Justice, Korea Immigration Service",https://www.immigration.go.kr/immigration/1570/subview.do,16755,b0c6c9b432fab40b3f85815dc1f0881505f292208e3dc227ad7cf81ed855e76d
01_raw_data,출입국통계연보/2011_출입국통계연보/11_1장_Ⅳ_6.국적별 출입항 항공기및승무원.xls,Korea Immigration Service Statistical Yearbook,"Ministry of Justice, Korea Immigration Service",https://www.immigration.go.kr/immigration/1570/subview.do,13963,1d9760e6b8decc2cd6780fd77779cc284e9d63d00840b5efbe428294d9e0d008
01_raw_data,출입국통계연보/2011_출입국통계연보/11_1장_Ⅴ_1.사증발급허가승인 현황.xls,Korea Immigration Service Statistical Yearbook,"Ministry of Justice, Korea Immigration Service",https://www.immigration.go.kr/immigration/1570/subview.do,41472,282312d694dab3f8a06b6e233fdb445370cd1cd6f17007056f819ffa62d581a8
01_raw_data,출입국통계연보/2011_출입국통계연보/11_1장_Ⅴ_2.사증발급인정서 발급 현황.xls,Korea Immigration Service Statistical Yearbook,"Ministry of Justice, Korea Immigration Service",https://www.immigration.go.kr/immigration/1570/subview.do,119808,2b3de1af933a827cb04c66b1c0bead4058b0c49eb722194c5c3bd5de20e529cd
01_raw_data,출입국통계연보/2011_출입국통계연보/11_1장_Ⅴ_3 고용허가제 사증발급인정서 발급현황.xls,Korea Immigration Service Statistical Yearbook,"Ministry of Justice, Korea Immigration Service",https://www.immigration.go.kr/immigration/1570/subview.do,25600,5166fe24f38fca9cc97a948bc84848de82f9dbaf41d9188d0275587a48fa1e34
01_raw_data,출입국통계연보/2011_출입국통계연보/11_2장_V.유학생관련 현황.xls,Korea Immigration Service Statistical Yearbook,"Ministry of Justice, Korea Immigration Service",https://www.immigration.go.kr/immigration/1570/subview.do,24829,6d27c32cc271d68bee00d1fa17fe01d786fc9bbff66bd43ec8b3dd59750dd7eb
01_raw_data,출입국통계연보/2011_출입국통계연보/11_2장_Ⅱ_1.국적및체류자격별 체류외국인현황.xls,Korea Immigration Service Statistical Yearbook,"Ministry of Justice, Korea Immigration Service",https://www.immigration.go.kr/immigration/1570/subview.do,174981,fa0fe9578f2bbbb34036dc36cace1af1b866fd62a91ffc01849a225deb88efe9
01_raw_data,출입국통계연보/2011_출입국통계연보/11_2장_Ⅱ_2.국적및연령별 체류외국인현황.xls,Korea Immigration Service Statistical Yearbook,"Ministry of Justice, Korea Immigration Service",https://www.immigration.go.kr/immigration/1570/subview.do,40804,ec4f470a0fbe6ec1bf5f579a926e587a1bd8fcbfca27f6f147f0e8684509f098
01_raw_data,출입국통계연보/2011_출입국통계연보/11_2장_Ⅲ_1.국적및체류자격별 등록외국인현황.xls,Korea Immigration Service Statistical Yearbook,"Ministry of Justice, Korea Immigration Service",https://www.immigration.go.kr/immigration/1570/subview.do,136248,c3bb60a065a4cf2d47848e816502326cf09b5cb7bcbdd1b74eff9b9a5e1615d3
01_raw_data,출입국통계연보/2011_출입국통계연보/11_2장_Ⅲ_2.국적및연령별 등록외국인현황.xls,Korea Immigration Service Statistical Yearbook,"Ministry of Justice, Korea Immigration Service",https://www.immigration.go.kr/immigration/1570/subview.do,37128,5b12fbb3a7e8b011f291ebbda9b1ef992274b48b3c2f2ca2ecb6072d85bffd46
01_raw_data,출입국통계연보/2011_출입국통계연보/11_2장_Ⅲ_3.지역및국적별 등록외국인현황.xls,Korea Immigration Service Statistical Yearbook,"Ministry of Justice, Korea Immigration Service",https://www.immigration.go.kr/immigration/1570/subview.do,168448,b7d01d631d8d81b14d5b0e5aaed3d9b86e12006d016c93b6a0958954c93806e3
01_raw_data,출입국통계연보/2011_출입국통계연보/11_2장_Ⅲ_4.지역및연령별 등록외국인현황.xls,Korea Immigration Service Statistical Yearbook,"Ministry of Justice, Korea Immigration Service",https://www.immigration.go.kr/immigration/1570/subview.do,160256,b24eb1bef8be4c2947085dd54315d0c2c2634a2a2fc92bbf3259f919b8fd34ef
01_raw_data,출입국통계연보/2011_출입국통계연보/11_2장_Ⅲ_5.지역및체류자격별 등록외국인현황.xls,Korea Immigration Service Statistical Yearbook,"Ministry of Justice, Korea Immigration Service",https://www.immigration.go.kr/immigration/1570/subview.do,735232,460b62058b598e84f590149bbf6c6a74c51b437e2515c7a6067aa8dc651ecc74
01_raw_data,출입국통계연보/2011_출입국통계연보/11_2장_Ⅳ_1.국적및체류자격별 단기체류외국인현황.xls,Korea Immigration Service Statistical Yearbook,"Ministry of Justice, Korea Immigration Service",https://www.immigration.go.kr/immigration/1570/subview.do,128546,95cc253c1b8aaf932f1d8758633fa8fd235003921050ebfb55652da014f71592
01_raw_data,출입국통계연보/2011_출입국통계연보/11_2장_Ⅳ_2.국적및연령별 단기체류외국인현황.xls,Korea Immigration Service Statistical Yearbook,"Ministry of Justice, Korea Immigration Service",https://www.immigration.go.kr/immigration/1570/subview.do,36969,85e869916638c3a8aa4d7c14b999dc7db870db7d0c0d359d5bc20a1618e1af70
01_raw_data,출입국통계연보/2011_출입국통계연보/11_2장_Ⅵ.체류허가및신고 수리현황.xls,Korea Immigration Service Statistical Yearbook,"Ministry of Justice, Korea Immigration Service",https://www.immigration.go.kr/immigration/1570/subview.do,14819,757870545e46859b94f3ca6fda4ac14d191070aec18bc46671547dd6d5a66233
01_raw_data,출입국통계연보/2011_출입국통계연보/11_3장_Ⅱ_1.결혼이민자  현황(국적별).xls,Korea Immigration Service Statistical Yearbook,"Ministry of Justice, Korea Immigration Service",https://www.immigration.go.kr/immigration/1570/subview.do,20805,46c6775beb685e74e300b1885dc3c30c88916cd06809462cce4a2ff4a5a9481d
01_raw_data,출입국통계연보/2011_출입국통계연보/11_3장_Ⅱ_2.결혼이민자  현황(지역별).xls,Korea Immigration Service Statistical Yearbook,"Ministry of Justice, Korea Immigration Service",https://www.immigration.go.kr/immigration/1570/subview.do,43008,eba4a47e03808d7410deebeab9c27edcc5d9d533da24bfde237b7f13bc6a0d24
01_raw_data,출입국통계연보/2011_출입국통계연보/11_4장_Ⅱ_1.국적처리_연도별 추이.xls,Korea Immigration Service Statistical Yearbook,"Ministry of Justice, Korea Immigration Service",https://www.immigration.go.kr/immigration/1570/subview.do,30720,5a27ef7525073a53aeb09d700be9eff9082e6d3ae94259c1f79a699537c22d8e
01_raw_data,출입국통계연보/2011_출입국통계연보/11_4장_Ⅱ_2.국적처리 국가 및 취득유형별 현황.xls,Korea Immigration Service Statistical Yearbook,"Ministry of Justice, Korea Immigration Service",https://www.immigration.go.kr/immigration/1570/subview.do,43008,bce0ef724f2321aee46a6cea43a4082f21d3dc7153d454f1316442711c834f14
01_raw_data,출입국통계연보/2011_출입국통계연보/11_4장_Ⅱ_3.국적처리_연령및취득유형별.xls,Korea Immigration Service Statistical Yearbook,"Ministry of Justice, Korea Immigration Service",https://www.immigration.go.kr/immigration/1570/subview.do,20992,906f9469a198b306fc6a85aaaaa75d3591f3fa7d944158f35e7a362879565e06
01_raw_data,출입국통계연보/2011_출입국통계연보/11_4장_Ⅲ_연도별 불허처리현황.xls,Korea Immigration Service Statistical Yearbook,"Ministry of Justice, Korea Immigration Service",https://www.immigration.go.kr/immigration/1570/subview.do,19456,8958935db591c040d547ff6089b3324b21ea0f0d55d6fda8b9233eddf8a7b377
01_raw_data,출입국통계연보/2011_출입국통계연보/11_5장_Ⅲ_1.외국적동포거소신고현황.xls,Korea Immigration Service Statistical Yearbook,"Ministry of Justice, Korea Immigration Service",https://www.immigration.go.kr/immigration/1570/subview.do,23552,b2708db93d7f4b9be85634d5d2bbb81005a4bf0bcf03a1541dc5ba6acaee49b1
01_raw_data,출입국통계연보/2011_출입국통계연보/11_5장_Ⅲ_2.재외국민 거소신고 현황.xls,Korea Immigration Service Statistical Yearbook,"Ministry of Justice, Korea Immigration Service",https://www.immigration.go.kr/immigration/1570/subview.do,11154,4dd32366e5a6f127a9d6bef9b5338cd5111415383396b1795a932860dca08d1b
01_raw_data,출입국통계연보/2011_출입국통계연보/11_7장_Ⅱ_1.국적및체류자격별 불법체류외국인 현황.xls,Korea Immigration Service Statistical Yearbook,"Ministry of Justice, Korea Immigration Service",https://www.immigration.go.kr/immigration/1570/subview.do,357376,6a7ff83217950c1ebf5d2a81af6ec571bdef3640f72097b9eda6ad1bfdeb4220
01_raw_data,출입국통계연보/2011_출입국통계연보/11_7장_Ⅱ_2.국적및체류기간별 불법체류외국인 현황.xls,Korea Immigration Service Statistical Yearbook,"Ministry of Justice, Korea Immigration Service",https://www.immigration.go.kr/immigration/1570/subview.do,37193,253e6f2eb8077f5312c6c0d7d6ffac99aca7efe805c21f03a08e549ea60a8d3c
01_raw_data,출입국통계연보/2011_출입국통계연보/11_8장_Ⅱ.위반자처리현황.xls,Korea Immigration Service Statistical Yearbook,"Ministry of Justice, Korea Immigration Service",https://www.immigration.go.kr/immigration/1570/subview.do,27834,57f4c291e9f2d9b8d3298257946e610b7ec01906d60f216db3c318792e5ac5f0
01_raw_data,"출입국통계연보/2012_출입국통계연보/12_1장_Ⅱ_1.외국인입국자(국적,자격별).xlsx",Korea Immigration Service Statistical Yearbook,"Ministry of Justice, Korea Immigration Service",https://www.immigration.go.kr/immigration/1570/subview.do,113504,cb0f90c072cb0ce4508cbc77a51e496068b09221e10157ddc065279305a99849
01_raw_data,"출입국통계연보/2012_출입국통계연보/12_1장_Ⅱ_2.외국인입국자(국적,연령별).xlsx",Korea Immigration Service Statistical Yearbook,"Ministry of Justice, Korea Immigration Service",https://www.immigration.go.kr/immigration/1570/subview.do,80784,61132bcb77a482e69dfa9e9df1759ec2211a9497670c28d8fe8e186138822f74
01_raw_data,"출입국통계연보/2012_출입국통계연보/12_1장_Ⅱ_3.외국인입국자(국적,월별).xlsx",Korea Immigration Service Statistical Yearbook,"Ministry of Justice, Korea Immigration Service",https://www.immigration.go.kr/immigration/1570/subview.do,70022,2254ad15eb8eb68ba587c5b6efc5dc86e68fff988218e35ba8c64190622cddcd
01_raw_data,"출입국통계연보/2012_출입국통계연보/12_1장_Ⅱ_4.외국인출국자(국적,체류기간별).xlsx",Korea Immigration Service Statistical Yearbook,"Ministry of Justice, Korea Immigration Service",https://www.immigration.go.kr/immigration/1570/subview.do,74124,d17335ca1bad6da48c277ff6534c88969dba988b237f9829605d8d7a5b5b6b31
01_raw_data,"출입국통계연보/2012_출입국통계연보/12_1장_Ⅲ_1.내외국인입국자(국적,항구별).xlsx",Korea Immigration Service Statistical Yearbook,"Ministry of Justice, Korea Immigration Service",https://www.immigration.go.kr/immigration/1570/subview.do,93436,08f18a1cc498e5fd6d53dda26782a38b2f841680e925ed9594906cb628980a75
01_raw_data,"출입국통계연보/2012_출입국통계연보/12_1장_Ⅲ_2.내외국인출국자(국적,항구별).xlsx",Korea Immigration Service Statistical Yearbook,"Ministry of Justice, Korea Immigration Service",https://www.immigration.go.kr/immigration/1570/subview.do,93225,0761866e7166579d8584139b697360cc68178fe0deee59725733e67dd4d95f37
01_raw_data,출입국통계연보/2012_출입국통계연보/12_1장_Ⅳ_1.국적별_상륙허가자.xlsx,Korea Immigration Service Statistical Yearbook,"Ministry of Justice, Korea Immigration Service",https://www.immigration.go.kr/immigration/1570/subview.do,32692,d8afe5a03ddb049fdc4069ba2326f41c88cd613494c3ac1195656ca39fd79484
01_raw_data,출입국통계연보/2012_출입국통계연보/12_1장_Ⅳ_2.항구별_상륙허가자.xlsx,Korea Immigration Service Statistical Yearbook,"Ministry of Justice, Korea Immigration Service",https://www.immigration.go.kr/immigration/1570/subview.do,11633,77e232adfd417aeef8dbb16ca2571b2b4c91d07b349e221073e175969897240b
01_raw_data,출입국통계연보/2012_출입국통계연보/12_1장_Ⅳ_3.항구별_출입항_선박및선원.xlsx,Korea Immigration Service Statistical Yearbook,"Ministry of Justice, Korea Immigration Service",https://www.immigration.go.kr/immigration/1570/subview.do,11145,35a5983cf873d63c36eac7e23dec8b37ae87aaf2917e86f5266cc9757c166d69
01_raw_data,출입국통계연보/2012_출입국통계연보/12_1장_Ⅳ_4.공항별_출입항_항공기및승무원.xlsx,Korea Immigration Service Statistical Yearbook,"Ministry of Justice, Korea Immigration Service",https://www.immigration.go.kr/immigration/1570/subview.do,10679,96f0371f9bdc259d07078b41281475c5bbff9b5bd74b4baa3a130bfa8bf9372b
01_raw_data,출입국통계연보/2012_출입국통계연보/12_1장_Ⅳ_5.국적별_출입항_선박및선원.xlsx,Korea Immigration Service Statistical Yearbook,"Ministry of Justice, Korea Immigration Service",https://www.immigration.go.kr/immigration/1570/subview.do,27374,f55b860a80cff9021f21300c31b412eac3adda85ff454c08c5b345f9f07125bb
01_raw_data,출입국통계연보/2012_출입국통계연보/12_1장_Ⅳ_6.국적별_출입항_항공기및승무원.xlsx,Korea Immigration Service Statistical Yearbook,"Ministry of Justice, Korea Immigration Service",https://www.immigration.go.kr/immigration/1570/subview.do,25661,adfe55dcc86454f320c71519f02fa7772bd4521eb3f7f671e158577665d6840d
01_raw_data,출입국통계연보/2012_출입국통계연보/12_1장_Ⅴ_1.사증발급허가승인_현황.xlsx,Korea Immigration Service Statistical Yearbook,"Ministry of Justice, Korea Immigration Service",https://www.immigration.go.kr/immigration/1570/subview.do,31534,53098b058a51fd1aa57fe42774041307529ccac744b738ce3d9fb2d655863cf6
01_raw_data,출입국통계연보/2012_출입국통계연보/12_1장_Ⅴ_2.사증발급인정서_발급_현황.xlsx,Korea Immigration Service Statistical Yearbook,"Ministry of Justice, Korea Immigration Service",https://www.immigration.go.kr/immigration/1570/subview.do,81560,3b32b501527cacee0b6015f651f3f34fb4fbb974927fda664e737ca36c397bd9
01_raw_data,출입국통계연보/2012_출입국통계연보/12_1장_Ⅴ_3.고용허가제_사증발급인증서_발급현황.xlsx,Korea Immigration Service Statistical Yearbook,"Ministry of Justice, Korea Immigration Service",https://www.immigration.go.kr/immigration/1570/subview.do,24128,b6b5bb5a9d459898485e9cf315e31d84733ffb331fad807e605a05732518f49b
01_raw_data,출입국통계연보/2012_출입국통계연보/12_2장_Ⅱ_1.국적및체류자격별_체류외국인형황.xlsx,Korea Immigration Service Statistical Yearbook,"Ministry of Justice, Korea Immigration Service",https://www.immigration.go.kr/immigration/1570/subview.do,186038,e29107329825d3eb3dd683dc0f65678b1333dbe2e5f9543911fca97c64f10139
01_raw_data,출입국통계연보/2012_출입국통계연보/12_2장_Ⅱ_2.국적및연령별_체류외국인현황.xlsx,Korea Immigration Service Statistical Yearbook,"Ministry of Justice, Korea Immigration Service",https://www.immigration.go.kr/immigration/1570/subview.do,54100,5a5a45087447b13f1c76fb3e01bd62b2b386183e21a6e1195430271921c4e7f6
01_raw_data,출입국통계연보/2012_출입국통계연보/12_2장_Ⅲ_1.국적및체류자격별_등록외국인현황.xlsx,Korea Immigration Service Statistical Yearbook,"Ministry of Justice, Korea Immigration Service",https://www.immigration.go.kr/immigration/1570/subview.do,62233,1edd38bdb116a7fcab8cb067f2e8a5f91cb47f9f8bdca2f8cad0a787ce032e85
01_raw_data,출입국통계연보/2012_출입국통계연보/12_2장_Ⅲ_2.국적및연령별_등록외국인현황.xlsx,Korea Immigration Service Statistical Yearbook,"Ministry of Justice, Korea Immigration Service",https://www.immigration.go.kr/immigration/1570/subview.do,49585,0b02d90c9d6a51eaddf42a8f6bc50647647c61b349cc79cde612af557fdee6e9
01_raw_data,출입국통계연보/2012_출입국통계연보/12_2장_Ⅲ_3.지역및국적별_등록외국인현황.xlsx,Korea Immigration Service Statistical Yearbook,"Ministry of Justice, Korea Immigration Service",https://www.immigration.go.kr/immigration/1570/subview.do,88187,ad30b636fbf59cd38d5d45f7d62af2e444f130a782e5d63e4326e4e1cdb18b6a
01_raw_data,출입국통계연보/2012_출입국통계연보/12_2장_Ⅲ_4.지역및연령별_등록외국인현황.xlsx,Korea Immigration Service Statistical Yearbook,"Ministry of Justice, Korea Immigration Service",https://www.immigration.go.kr/immigration/1570/subview.do,68336,2608c2063370a9fdcad53b5a1ce641f0b78bdba2a715dcf8ccfc9092c80f2f6d
01_raw_data,출입국통계연보/2012_출입국통계연보/12_2장_Ⅲ_5.지역및체류자격별_등록외국인현황.xlsx,Korea Immigration Service Statistical Yearbook,"Ministry of Justice, Korea Immigration Service",https://www.immigration.go.kr/immigration/1570/subview.do,86458,9063844e6440824a66fa8cf954572e9189b2ac81eb3a09efb8f8474ad228ae6c
01_raw_data,출입국통계연보/2012_출입국통계연보/12_2장_Ⅳ_1.국적및체류자격별_단기체류외국인현황.xlsx,Korea Immigration Service Statistical Yearbook,"Ministry of Justice, Korea Immigration Service",https://www.immigration.go.kr/immigration/1570/subview.do,65961,2a86b2d51476d699df232f6fec5fbbda94b6d89f4606281113668fd6177395a4
01_raw_data,출입국통계연보/2012_출입국통계연보/12_2장_Ⅳ_2.국적및연령별_단기체류외국인현황.xlsx,Korea Immigration Service Statistical Yearbook,"Ministry of Justice, Korea Immigration Service",https://www.immigration.go.kr/immigration/1570/subview.do,50663,8b842ea2c46d7c7a2449e62eea8b95e07a7dbbb9fbd908a8c574fe3ff45d5d56
01_raw_data,출입국통계연보/2012_출입국통계연보/12_2장_Ⅴ.유학생관련_현황.xlsx,Korea Immigration Service Statistical Yearbook,"Ministry of Justice, Korea Immigration Service",https://www.immigration.go.kr/immigration/1570/subview.do,38169,e47930d2e71123df101d41a6778bee7cb8fb76da0e81264345ab33580621731b
01_raw_data,출입국통계연보/2012_출입국통계연보/12_2장_Ⅵ.체류허가및신고_수리현황.xlsx,Korea Immigration Service Statistical Yearbook,"Ministry of Justice, Korea Immigration Service",https://www.immigration.go.kr/immigration/1570/subview.do,20315,867e2df4890ffc3b7d0f84aab404b49adfc3f6ca250aa47d8432c1155f161552
01_raw_data,출입국통계연보/2012_출입국통계연보/12_3장_Ⅱ_1.결혼이민자_현황(국적별).xlsx,Korea Immigration Service Statistical Yearbook,"Ministry of Justice, Korea Immigration Service",https://www.immigration.go.kr/immigration/1570/subview.do,32996,892ef4edf27bdb04914c503ce524e64cbd7debfe7e018a8681d555b35a0c923c
01_raw_data,출입국통계연보/2012_출입국통계연보/12_3장_Ⅱ_2.결혼이민자_현황(지역별).xlsx,Korea Immigration Service Statistical Yearbook,"Ministry of Justice, Korea Immigration Service",https://www.immigration.go.kr/immigration/1570/subview.do,22347,d86ae8501ac6c9fc197bfdac14a14ad86e9ba256b05a71a966eeebe65e618aec
01_raw_data,출입국통계연보/2012_출입국통계연보/12_4장_Ⅱ_1.국적처리_연도별_추이.xlsx,Korea Immigration Service Statistical Yearbook,"Ministry of Justice, Korea Immigration Service",https://www.immigration.go.kr/immigration/1570/subview.do,11924,c8b67d601121115e8f1a52f1165aad69efc87a942441c35a4f3baa158739c779
01_raw_data,출입국통계연보/2012_출입국통계연보/12_4장_Ⅱ_2.국적처리_국가_및_취득유형별_현황.xlsx,Korea Immigration Service Statistical Yearbook,"Ministry of Justice, Korea Immigration Service",https://www.immigration.go.kr/immigration/1570/subview.do,27332,b88ed144903b40ac577461d37358df0944070581628ebe46e987d92c12b562f8
01_raw_data,출입국통계연보/2012_출입국통계연보/12_4장_Ⅱ_3.국적처리_연령_및_취득유형별.xlsx,Korea Immigration Service Statistical Yearbook,"Ministry of Justice, Korea Immigration Service",https://www.immigration.go.kr/immigration/1570/subview.do,11456,1c941e0a90a6ff54a5b0c28286b78138c57b82b9f10fbb22a52d5fd48a94c890
01_raw_data,출입국통계연보/2012_출입국통계연보/12_4장_Ⅲ_연도별_불허처리현황.xlsx,Korea Immigration Service Statistical Yearbook,"Ministry of Justice, Korea Immigration Service",https://www.immigration.go.kr/immigration/1570/subview.do,10601,7e26597f44052f3f4108165e577bd5c1880ee8a5b36f23c95d33d7bf7837eea9
01_raw_data,출입국통계연보/2012_출입국통계연보/12_5장_Ⅲ_1.외국적동포거소신고현황.xlsx,Korea Immigration Service Statistical Yearbook,"Ministry of Justice, Korea Immigration Service",https://www.immigration.go.kr/immigration/1570/subview.do,13743,80b5722dcc47db17a6eede7ff53135b7d515eaa03f643ff197a2bec5501bfff4
01_raw_data,출입국통계연보/2012_출입국통계연보/12_5장_Ⅲ_2.재외국민_거소신고_현황.xlsx,Korea Immigration Service Statistical Yearbook,"Ministry of Justice, Korea Immigration Service",https://www.immigration.go.kr/immigration/1570/subview.do,12672,360315b662f730ab2ac172ecf298661bbd82341448e2c3b8bb641accc4c07ff8
01_raw_data,출입국통계연보/2012_출입국통계연보/12_7장_Ⅱ_1.국적및체류자격별_불법체류외국인_현황.xlsx,Korea Immigration Service Statistical Yearbook,"Ministry of Justice, Korea Immigration Service",https://www.immigration.go.kr/immigration/1570/subview.do,56509,04243300f70640ba886e5e94077ef442a0e60db3d54973d3498a93932687d4dd
01_raw_data,출입국통계연보/2012_출입국통계연보/12_7장_Ⅱ_2.국적및체류기간별_불법체류외국인_현황.xlsx,Korea Immigration Service Statistical Yearbook,"Ministry of Justice, Korea Immigration Service",https://www.immigration.go.kr/immigration/1570/subview.do,39759,aa8101dbf78244de5e7f96bbd6a16ffcdbd0d6dc15849ce1e7df179a8b30c5b0
01_raw_data,출입국통계연보/2012_출입국통계연보/12_8장_Ⅱ.위반자처리현황.xlsx,Korea Immigration Service Statistical Yearbook,"Ministry of Justice, Korea Immigration Service",https://www.immigration.go.kr/immigration/1570/subview.do,43167,e034780586f593ddaf652e8f8bded5fd57d11ddf5060e74cba6679ecdf2ca388
01_raw_data,"출입국통계연보/2013_출입국통계연보/13_1장_Ⅱ_1.외국인입국자(국적,자격별).xlsx",Korea Immigration Service Statistical Yearbook,"Ministry of Justice, Korea Immigration Service",https://www.immigration.go.kr/immigration/1570/subview.do,112471,9c1ec1b26d5fd18cd75d1d70a05ae25922fa3a590df75484721ee278991a803e
01_raw_data,"출입국통계연보/2013_출입국통계연보/13_1장_Ⅱ_2.외국인입국자(국적,연령별).xlsx",Korea Immigration Service Statistical Yearbook,"Ministry of Justice, Korea Immigration Service",https://www.immigration.go.kr/immigration/1570/subview.do,81410,e2db519f55942977c079bd22472773bd5399e40ba35301ccb2ed95c76f41f039
01_raw_data,"출입국통계연보/2013_출입국통계연보/13_1장_Ⅱ_3.외국인입국자(국적,월별).xlsx",Korea Immigration Service Statistical Yearbook,"Ministry of Justice, Korea Immigration Service",https://www.immigration.go.kr/immigration/1570/subview.do,71097,f9bb7efdcf9667a3756960251a5faddf9a890877ee54380cb8bf277833abc1fd
01_raw_data,"출입국통계연보/2013_출입국통계연보/13_1장_Ⅱ_4.외국인출국자(국적,체류기간별).xlsx",Korea Immigration Service Statistical Yearbook,"Ministry of Justice, Korea Immigration Service",https://www.immigration.go.kr/immigration/1570/subview.do,78773,f901482abf15c22cb482b7b3b3dfdbadf07201d60c0a85e934fde271917487c0
01_raw_data,"출입국통계연보/2013_출입국통계연보/13_1장_Ⅲ_1.내외국인입국자(국적,항구별).xlsx",Korea Immigration Service Statistical Yearbook,"Ministry of Justice, Korea Immigration Service",https://www.immigration.go.kr/immigration/1570/subview.do,97682,5529e5ec9217c4932f7fead1492851dfcbdb00fb4596bab114e1ee87da1eb9ca
01_raw_data,"출입국통계연보/2013_출입국통계연보/13_1장_Ⅲ_2.내외국인출국자(국적,항구별).xlsx",Korea Immigration Service Statistical Yearbook,"Ministry of Justice, Korea Immigration Service",https://www.immigration.go.kr/immigration/1570/subview.do,101742,e6d5ee2bbadbbccbd766203510452f9e691e424daaa8030b9c997834699d2c54
01_raw_data,출입국통계연보/2013_출입국통계연보/13_1장_Ⅳ_1.국적별_상륙허가자.xlsx,Korea Immigration Service Statistical Yearbook,"Ministry of Justice, Korea Immigration Service",https://www.immigration.go.kr/immigration/1570/subview.do,32816,91501014478a79268a8175a943c44da48a625c198e8a991bd92078ac8e513617
01_raw_data,출입국통계연보/2013_출입국통계연보/13_1장_Ⅳ_2.항구별_상륙허가자.xlsx,Korea Immigration Service Statistical Yearbook,"Ministry of Justice, Korea Immigration Service",https://www.immigration.go.kr/immigration/1570/subview.do,13740,2aef9becc49a628a4d58e0dcfc1d2d463d0a8bd22e22507586f790a5d0f4eef0
01_raw_data,출입국통계연보/2013_출입국통계연보/13_1장_Ⅳ_3.항구별 출입항 선박및선원.xlsx,Korea Immigration Service Statistical Yearbook,"Ministry of Justice, Korea Immigration Service",https://www.immigration.go.kr/immigration/1570/subview.do,13329,a35f1282adc944126c25139b85eddf6b80313ce481a983208829b56928ae28d9
01_raw_data,출입국통계연보/2013_출입국통계연보/13_1장_Ⅳ_4.공항별 출입항 항공기및승무원.xlsx,Korea Immigration Service Statistical Yearbook,"Ministry of Justice, Korea Immigration Service",https://www.immigration.go.kr/immigration/1570/subview.do,12849,3cf0009655a2a97378cbb41f34a894ebc81bff74560d3efee1d71ff07015c923
01_raw_data,출입국통계연보/2013_출입국통계연보/13_1장_Ⅳ_5.국적별 출입항 선박및선원.xlsx,Korea Immigration Service Statistical Yearbook,"Ministry of Justice, Korea Immigration Service",https://www.immigration.go.kr/immigration/1570/subview.do,27814,37197a68817c6eb979294ec8cd0de9ec2ded0e683b1eac05a22a8d2975ff0edf
01_raw_data,출입국통계연보/2013_출입국통계연보/13_1장_Ⅳ_6.국적별 출입항 항공기및승무원.xlsx,Korea Immigration Service Statistical Yearbook,"Ministry of Justice, Korea Immigration Service",https://www.immigration.go.kr/immigration/1570/subview.do,25147,1e6b61299cf5a9c59272d9aa76daefe6ce057e615125f065cf21317fe686667b
01_raw_data,출입국통계연보/2013_출입국통계연보/13_1장_Ⅴ_1.사증발급허가승인 현황.xlsx,Korea Immigration Service Statistical Yearbook,"Ministry of Justice, Korea Immigration Service",https://www.immigration.go.kr/immigration/1570/subview.do,32897,fba22b02624f8b3a3edc83acfe3173ef58ad831aed63bfaa8a19c8178089f07b
01_raw_data,출입국통계연보/2013_출입국통계연보/13_1장_Ⅴ_2.사증발급인정서 발급 현황.xlsx,Korea Immigration Service Statistical Yearbook,"Ministry of Justice, Korea Immigration Service",https://www.immigration.go.kr/immigration/1570/subview.do,81423,0223b8ff7e51a67142d61bbf01650d88909f93fbb994416c4950596e752f851b
01_raw_data,출입국통계연보/2013_출입국통계연보/13_1장_Ⅴ_3.고용허가제 사증발급인증서 발급현황.xlsx,Korea Immigration Service Statistical Yearbook,"Ministry of Justice, Korea Immigration Service",https://www.immigration.go.kr/immigration/1570/subview.do,24198,27a25fc955b09d2d03c6da99663009c7cb258551fdc79e9cc9f3d0526316a32b
01_raw_data,출입국통계연보/2013_출입국통계연보/13_2장_Ⅱ_1.국적및체류자격별 체류외국인현황.xlsx,Korea Immigration Service Statistical Yearbook,"Ministry of Justice, Korea Immigration Service",https://www.immigration.go.kr/immigration/1570/subview.do,77669,005e69a00db1d01443b2d077780b7d5a611f42d638c360e9603dfee5a60ab7d3
01_raw_data,출입국통계연보/2013_출입국통계연보/13_2장_Ⅱ_2.국적및연령별 체류외국인현황.xlsx,Korea Immigration Service Statistical Yearbook,"Ministry of Justice, Korea Immigration Service",https://www.immigration.go.kr/immigration/1570/subview.do,53331,d9a1fac80da2c1cf366004cd0e4330a386573d1791be35a081395caf81e078e7
01_raw_data,출입국통계연보/2013_출입국통계연보/13_2장_Ⅲ_1.국적및체류자격별 등록외국인현황.xlsx,Korea Immigration Service Statistical Yearbook,"Ministry of Justice, Korea Immigration Service",https://www.immigration.go.kr/immigration/1570/subview.do,63538,ce03027b5f421e195f9923a9ea60c89bedf14e306cdf7a96f756c45ea0becff2
01_raw_data,출입국통계연보/2013_출입국통계연보/13_2장_Ⅲ_2.국적및연령별 등록외국인현황.xlsx,Korea Immigration Service Statistical Yearbook,"Ministry of Justice, Korea Immigration Service",https://www.immigration.go.kr/immigration/1570/subview.do,49731,4071ffc076334293560b69e7663f38be3706ac7f44a0f5b3c8dcb9300118e957
01_raw_data,출입국통계연보/2013_출입국통계연보/13_2장_Ⅲ_3.지역및국적별_등록외국인현황.xlsx,Korea Immigration Service Statistical Yearbook,"Ministry of Justice, Korea Immigration Service",https://www.immigration.go.kr/immigration/1570/subview.do,88477,b1b3d0f69f0ab47bd20bd550687f6a645d3cbee06299720b69492a519f309621
01_raw_data,출입국통계연보/2013_출입국통계연보/13_2장_Ⅲ_4.지역및연령별 등록외국인현황.xlsx,Korea Immigration Service Statistical Yearbook,"Ministry of Justice, Korea Immigration Service",https://www.immigration.go.kr/immigration/1570/subview.do,70518,cbf2abd66ce5d07fa1628585c98d6101475ff545b7ed16e40c881ce03de22924
01_raw_data,출입국통계연보/2013_출입국통계연보/13_2장_Ⅲ_5.지역및체류자격별 등록외국인현황.xlsx,Korea Immigration Service Statistical Yearbook,"Ministry of Justice, Korea Immigration Service",https://www.immigration.go.kr/immigration/1570/subview.do,86754,57398f7afc7437d33ea75884a12f4cee05e20c08e77119cef173a8192f63e469
01_raw_data,출입국통계연보/2013_출입국통계연보/13_2장_Ⅳ_1.국적및체류자격별 단기체류외국인현황.xlsx,Korea Immigration Service Statistical Yearbook,"Ministry of Justice, Korea Immigration Service",https://www.immigration.go.kr/immigration/1570/subview.do,67498,cb8dc65ae4124a97ac7a37f13599ff588bd8b04ce02e6f42e1712952d8124c93
01_raw_data,출입국통계연보/2013_출입국통계연보/13_2장_Ⅳ_2.국적및연령별 단기체류외국인현황.xlsx,Korea Immigration Service Statistical Yearbook,"Ministry of Justice, Korea Immigration Service",https://www.immigration.go.kr/immigration/1570/subview.do,49903,faa82763daa7dfd28ccec2e4aa9ab55d39e3151d0e5daef9c9f94fa5cc31a7f0
01_raw_data,출입국통계연보/2013_출입국통계연보/13_2장_Ⅴ.유학생관련 현황.xlsx,Korea Immigration Service Statistical Yearbook,"Ministry of Justice, Korea Immigration Service",https://www.immigration.go.kr/immigration/1570/subview.do,39953,cc15996d655be9690551f13705159fd0a214f1dfbdaaae759c9f87f8e470288f
01_raw_data,출입국통계연보/2013_출입국통계연보/13_2장_Ⅵ.체류허가및신고 수리현황.xlsx,Korea Immigration Service Statistical Yearbook,"Ministry of Justice, Korea Immigration Service",https://www.immigration.go.kr/immigration/1570/subview.do,19143,781174e2d98a9e1fcc753b7a0db81c151f84ce942ded91c98e7f3b4a216a880c
01_raw_data,출입국통계연보/2013_출입국통계연보/13_3장_Ⅱ_1.결혼이민자 현황(국적별).xlsx,Korea Immigration Service Statistical Yearbook,"Ministry of Justice, Korea Immigration Service",https://www.immigration.go.kr/immigration/1570/subview.do,34927,f88a58b14c83bbb0daeac8ae003fb7d4d38146d5f3af8b50191035d8f6dfe92d
01_raw_data,출입국통계연보/2013_출입국통계연보/13_3장_Ⅱ_2.결혼이민자 현황(지역별).xlsx,Korea Immigration Service Statistical Yearbook,"Ministry of Justice, Korea Immigration Service",https://www.immigration.go.kr/immigration/1570/subview.do,22647,f1fdc508ccac0c2bd6f9d50aeafeed24c52da0d806ddcf1caeb2922be3b77d55
01_raw_data,출입국통계연보/2013_출입국통계연보/13_4장_Ⅱ_1.국적처리 연도별 추이.xlsx,Korea Immigration Service Statistical Yearbook,"Ministry of Justice, Korea Immigration Service",https://www.immigration.go.kr/immigration/1570/subview.do,11626,e2736ad990da3c8ce4f2357e6cd516dc6b8e446f09ec4477cee87cdac5b96ffd
01_raw_data,출입국통계연보/2013_출입국통계연보/13_4장_Ⅱ_2.국적처리 국가 및 취득유형별 현황.xlsx,Korea Immigration Service Statistical Yearbook,"Ministry of Justice, Korea Immigration Service",https://www.immigration.go.kr/immigration/1570/subview.do,28055,1dda08589d4e1ed853d8a0787ae664e381d6fc0ff22d2c1d57882ee7301188e3
01_raw_data,출입국통계연보/2013_출입국통계연보/13_4장_Ⅱ_3.국적처리 연령 및 취득유형별.xlsx,Korea Immigration Service Statistical Yearbook,"Ministry of Justice, Korea Immigration Service",https://www.immigration.go.kr/immigration/1570/subview.do,10389,6f6f00524ed0df81badc9c145cef9abd6dd1f4acca22e7e9681783df5e8a2d59
01_raw_data,출입국통계연보/2013_출입국통계연보/13_4장_Ⅲ_연도별_불허처리현황.xlsx,Korea Immigration Service Statistical Yearbook,"Ministry of Justice, Korea Immigration Service",https://www.immigration.go.kr/immigration/1570/subview.do,10748,539b743903aec3801493e5ca7867cc96c017c5815203bc00fdc76c2b893206a4
01_raw_data,출입국통계연보/2013_출입국통계연보/13_5장_Ⅲ_1.외국적동포거소신고현황.xlsx,Korea Immigration Service Statistical Yearbook,"Ministry of Justice, Korea Immigration Service",https://www.immigration.go.kr/immigration/1570/subview.do,15500,5ef64d47d9217d585b83cb87d461cb803a6b12ebe0ff4778c4c68819b64b5312
01_raw_data,출입국통계연보/2013_출입국통계연보/13_5장_Ⅲ_2.재외국민 거소신고 현황.xlsx,Korea Immigration Service Statistical Yearbook,"Ministry of Justice, Korea Immigration Service",https://www.immigration.go.kr/immigration/1570/subview.do,13970,1ad0875a4e097e5b9e598300a0ed59ac931c6cc4a048e82816838c09abc763ff
01_raw_data,출입국통계연보/2013_출입국통계연보/13_7장_Ⅱ_1.국적및체류자격별 불법체류외국인 현황.xlsx,Korea Immigration Service Statistical Yearbook,"Ministry of Justice, Korea Immigration Service",https://www.immigration.go.kr/immigration/1570/subview.do,57342,dab5c8f4d3f4d865083b4af65b34e77fe2da0640d43ae3217ecb028b0a82c7e5
01_raw_data,출입국통계연보/2013_출입국통계연보/13_7장_Ⅱ_2.국적및체류기간별 불법체류외국인 현황.xlsx,Korea Immigration Service Statistical Yearbook,"Ministry of Justice, Korea Immigration Service",https://www.immigration.go.kr/immigration/1570/subview.do,48236,2e25037045bb02efe593962c4f1edfb88c7a678e3776c155426cd76af54fd3c0
01_raw_data,출입국통계연보/2013_출입국통계연보/13_8장_Ⅱ.위반자처리현황.xlsx,Korea Immigration Service Statistical Yearbook,"Ministry of Justice, Korea Immigration Service",https://www.immigration.go.kr/immigration/1570/subview.do,41495,eb16d6cd2e3432f4a57e339dca166b41e386faafe73bac24d88d2fb2db22223f
01_raw_data,출입국통계연보/2014_출입국통계연보/14_1장_Ⅰ_1.국적_지역 및 항구별 내외국인 입국자.xlsx,Korea Immigration Service Statistical Yearbook,"Ministry of Justice, Korea Immigration Service",https://www.immigration.go.kr/immigration/1570/subview.do,80950,d76f14d0fd297d329abad0ae73c1fdad8d7ac657367babd7c83f100704f56ea7
01_raw_data,출입국통계연보/2014_출입국통계연보/14_1장_Ⅰ_2.국적_지역 및 항구별 내외국인 출국자.xlsx,Korea Immigration Service Statistical Yearbook,"Ministry of Justice, Korea Immigration Service",https://www.immigration.go.kr/immigration/1570/subview.do,80801,1fd2bc5ec27b1bd32571e068cccf91da8302e8fceff785f9eb61414e5d87f830
01_raw_data,출입국통계연보/2014_출입국통계연보/14_1장_Ⅱ_1.국적_지역 및 체류자격별 외국인 입국자.xlsx,Korea Immigration Service Statistical Yearbook,"Ministry of Justice, Korea Immigration Service",https://www.immigration.go.kr/immigration/1570/subview.do,54321,190928a31dd5acad9fe1bace2a712d2e1f2d269f6eca5cf705d57bab59376211
01_raw_data,출입국통계연보/2014_출입국통계연보/14_1장_Ⅱ_2.국적_지역 및 월별 외국인 입국자.xlsx,Korea Immigration Service Statistical Yearbook,"Ministry of Justice, Korea Immigration Service",https://www.immigration.go.kr/immigration/1570/subview.do,49133,fab403b95525b04dede17d15a5bcbe93d584b3f5e7e407c569e51e37841e5d98
01_raw_data,출입국통계연보/2014_출입국통계연보/14_1장_Ⅱ_3.국적_지역 및 연령별 외국인 입국자(승무원 제외).xlsx,Korea Immigration Service Statistical Yearbook,"Ministry of Justice, Korea Immigration Service",https://www.immigration.go.kr/immigration/1570/subview.do,57801,5c442bb0901f2d10fb29d581ebc7c1827f030b8037f4b89ae164e28c28c1accc
01_raw_data,출입국통계연보/2014_출입국통계연보/14_1장_Ⅱ_4.국적_지역 및 체류기간별 외국인 출국자(승무원 제외).xlsx,Korea Immigration Service Statistical Yearbook,"Ministry of Justice, Korea Immigration Service",https://www.immigration.go.kr/immigration/1570/subview.do,57059,ff564dc2cdfe174456dd0d5ac3fb431e9ce5873c522749f15ca1b60e34a984a5
01_raw_data,출입국통계연보/2014_출입국통계연보/14_1장_Ⅲ_1.항구별 상륙허가자.xlsx,Korea Immigration Service Statistical Yearbook,"Ministry of Justice, Korea Immigration Service",https://www.immigration.go.kr/immigration/1570/subview.do,10570,6a961382ed2a0c5516c7dc12741d02de10fad047b2deb4a5bc894564c833ad52
01_raw_data,출입국통계연보/2014_출입국통계연보/14_1장_Ⅲ_2.국적_지역별 상륙허가자.xlsx,Korea Immigration Service Statistical Yearbook,"Ministry of Justice, Korea Immigration Service",https://www.immigration.go.kr/immigration/1570/subview.do,20663,8f35ab24f867c0de58dda5888f4663fb5d29dfe8c62a407d554626a3f0438a94
01_raw_data,출입국통계연보/2014_출입국통계연보/14_1장_Ⅲ_3.항구별 출입항 선박 및 선원.xlsx,Korea Immigration Service Statistical Yearbook,"Ministry of Justice, Korea Immigration Service",https://www.immigration.go.kr/immigration/1570/subview.do,9869,eeb69c7bc7560ed47c8d75eee87ea5d87b8c2dc43f3adfc72e7579a112bd65eb
01_raw_data,출입국통계연보/2014_출입국통계연보/14_1장_Ⅲ_4.공항별 출입항 항공기 및 승무원.xlsx,Korea Immigration Service Statistical Yearbook,"Ministry of Justice, Korea Immigration Service",https://www.immigration.go.kr/immigration/1570/subview.do,9471,70ec55dcd3cfe90d271bb33efaa29b66f6ca1ae0f7802858d3c1086562260216
01_raw_data,출입국통계연보/2014_출입국통계연보/14_1장_Ⅲ_5.국적_지역별 출입항 선박 및 선원.xlsx,Korea Immigration Service Statistical Yearbook,"Ministry of Justice, Korea Immigration Service",https://www.immigration.go.kr/immigration/1570/subview.do,15791,bfb65ef048ea00221d3c2141550ee2c272a596cf5a426580adeb34fdcc11e4d7
01_raw_data,출입국통계연보/2014_출입국통계연보/14_1장_Ⅲ_6.국적_지역별 출입항 항공기 및 승무원.xlsx,Korea Immigration Service Statistical Yearbook,"Ministry of Justice, Korea Immigration Service",https://www.immigration.go.kr/immigration/1570/subview.do,14739,0592c756306c3d1c5a50c954f5437072f308b044b78e74fb1758790a24b05363
01_raw_data,출입국통계연보/2014_출입국통계연보/14_1장_Ⅳ_1.사증발급허가승인 현황.xls,Korea Immigration Service Statistical Yearbook,"Ministry of Justice, Korea Immigration Service",https://www.immigration.go.kr/immigration/1570/subview.do,72704,4d6ea4611dc72673d2a53fdd4e74835999133401a0c6b15ddc77820bfc79fd0a
01_raw_data,출입국통계연보/2014_출입국통계연보/14_1장_Ⅳ_2.사증발급인정서 발급 현황.xls,Korea Immigration Service Statistical Yearbook,"Ministry of Justice, Korea Immigration Service",https://www.immigration.go.kr/immigration/1570/subview.do,121856,aca4f6bf08cb752a7c936826a4cac7c027096345474275b9c4e7ddc3081cef02
01_raw_data,출입국통계연보/2014_출입국통계연보/14_1장_Ⅳ_3.고용허가제 사증발급인증서 발급현황.xls,Korea Immigration Service Statistical Yearbook,"Ministry of Justice, Korea Immigration Service",https://www.immigration.go.kr/immigration/1570/subview.do,28160,0123ec961cc67a6428215f3bebee3fa1c5e0c8fc8bda31fc127fee94d69271f3
01_raw_data,출입국통계연보/2014_출입국통계연보/14_2장_Ⅰ_1.국적_지역 및 체류자격별 체류외국인 현황.xlsx,Korea Immigration Service Statistical Yearbook,"Ministry of Justice, Korea Immigration Service",https://www.immigration.go.kr/immigration/1570/subview.do,83394,68d1c09bb3232c91b78287733890e323d0c2f6271e5182691884b616c3816cdd
01_raw_data,출입국통계연보/2014_출입국통계연보/14_2장_Ⅰ_2.국적_지역 및 연령별 체류외국인 현황.xlsx,Korea Immigration Service Statistical Yearbook,"Ministry of Justice, Korea Immigration Service",https://www.immigration.go.kr/immigration/1570/subview.do,43979,2355e9bf353ca626983b089bc951181ef4925b89c23acd50ad3c687d89feb29a
01_raw_data,출입국통계연보/2014_출입국통계연보/14_2장_Ⅱ_1.국적_지역 및 체류자격별 등록외국인 현황.xlsx,Korea Immigration Service Statistical Yearbook,"Ministry of Justice, Korea Immigration Service",https://www.immigration.go.kr/immigration/1570/subview.do,66364,3ff22c3dbad32c42c4d6e5007ec3ef1c2984cb784722ed69121305dc58ed1de0
01_raw_data,출입국통계연보/2014_출입국통계연보/14_2장_Ⅱ_2.국적_지역 및 연령별 등록외국인 현황.xlsx,Korea Immigration Service Statistical Yearbook,"Ministry of Justice, Korea Immigration Service",https://www.immigration.go.kr/immigration/1570/subview.do,41144,d36c1f1cf6e9c816b7b04b9f6a27a005b96711ca7b290b99cdd2ff7d013fe99b
01_raw_data,출입국통계연보/2014_출입국통계연보/14_2장_Ⅱ_3.지역 및 국적_지역별 등록외국인 현황.xlsx,Korea Immigration Service Statistical Yearbook,"Ministry of Justice, Korea Immigration Service",https://www.immigration.go.kr/immigration/1570/subview.do,588635,24091c64c65810cc97dc8d5cb387f60acaa578311adaf36460d991e617406e3b
01_raw_data,출입국통계연보/2014_출입국통계연보/14_2장_Ⅱ_4.지역 및 연령별 등록외국인 현황.xlsx,Korea Immigration Service Statistical Yearbook,"Ministry of Justice, Korea Immigration Service",https://www.immigration.go.kr/immigration/1570/subview.do,100711,05cbad2ee162b06f570c78c11a21bef91b0f745833d10947393eb35ea86e9fd4
01_raw_data,출입국통계연보/2014_출입국통계연보/14_2장_Ⅱ_5.지역 및 체류자격별 등록외국인 현황.xlsx,Korea Immigration Service Statistical Yearbook,"Ministry of Justice, Korea Immigration Service",https://www.immigration.go.kr/immigration/1570/subview.do,144683,97c9b297483d0ebc475f5e8a491271efb5a377b0f01acc0da6f2bb78052f0bfe
01_raw_data,출입국통계연보/2014_출입국통계연보/14_2장_Ⅲ_1.국적_지역 및 체류자격별 단기체류외국인 현황.xlsx,Korea Immigration Service Statistical Yearbook,"Ministry of Justice, Korea Immigration Service",https://www.immigration.go.kr/immigration/1570/subview.do,70561,a4885efb548ff85e93e9c3c3f7f1eab0a9992822ec07043e7891dd9636825b4a
01_raw_data,출입국통계연보/2014_출입국통계연보/14_2장_Ⅲ_2.국적_지역 및 연령별 단기체류외국인 현황.xlsx,Korea Immigration Service Statistical Yearbook,"Ministry of Justice, Korea Immigration Service",https://www.immigration.go.kr/immigration/1570/subview.do,39263,36ad96f28e7d52d7f2743ad9a2e410c8e9046dbd1a78ce87fdcf9718ef0638c5
01_raw_data,출입국통계연보/2014_출입국통계연보/14_2장_Ⅳ.   유학생관련 현황.xlsx,Korea Immigration Service Statistical Yearbook,"Ministry of Justice, Korea Immigration Service",https://www.immigration.go.kr/immigration/1570/subview.do,39435,8c851d7a520feaabe10fd81adb56da8d1a9ebd7acb0727fa1aaae6cc0459a90a
01_raw_data,출입국통계연보/2014_출입국통계연보/14_2장_Ⅴ.   체류허가 및 신고수리 현황.xlsx,Korea Immigration Service Statistical Yearbook,"Ministry of Justice, Korea Immigration Service",https://www.immigration.go.kr/immigration/1570/subview.do,13942,6e0fee04f52cb7ce99beb3284e02a2a3b65283d429eef1684a3bd6e3f7d0ce7a
01_raw_data,출입국통계연보/2014_출입국통계연보/14_3장_Ⅰ_1.국적_지역별 결혼이민자 현황.xlsx,Korea Immigration Service Statistical Yearbook,"Ministry of Justice, Korea Immigration Service",https://www.immigration.go.kr/immigration/1570/subview.do,29831,d3d6a924592c58280557e116e6501da02578e055bf572489338bd509cc372439
01_raw_data,출입국통계연보/2014_출입국통계연보/14_3장_Ⅰ_2.지역별 결혼이민자 현황.xlsx,Korea Immigration Service Statistical Yearbook,"Ministry of Justice, Korea Immigration Service",https://www.immigration.go.kr/immigration/1570/subview.do,25209,42ed15b5848adb96766e91aa6b5a5ec8a664a74717c9d99786c3dcdebb380d02
01_raw_data,출입국통계연보/2014_출입국통계연보/14_4장_Ⅰ_1.국적처리 연도별 추이.xlsx,Korea Immigration Service Statistical Yearbook,"Ministry of Justice, Korea Immigration Service",https://www.immigration.go.kr/immigration/1570/subview.do,11028,19fd66683093c23804049619586d4474d02c4399ba736a21c8f72a8afea2cbae
01_raw_data,출입국통계연보/2014_출입국통계연보/14_4장_Ⅰ_2.국적처리 국적_지역 및 취득유형별 현황.xlsx,Korea Immigration Service Statistical Yearbook,"Ministry of Justice, Korea Immigration Service",https://www.immigration.go.kr/immigration/1570/subview.do,16704,cab5b3be78f652aef9bea9a304ddbe33d5f6c1544bea6b342a0c6bd291b83b46
01_raw_data,출입국통계연보/2014_출입국통계연보/14_4장_Ⅰ_3.국적처리 연령 및 취득유형별.xlsx,Korea Immigration Service Statistical Yearbook,"Ministry of Justice, Korea Immigration Service",https://www.immigration.go.kr/immigration/1570/subview.do,9300,570c4cc9bbfc7013d82cb8a89caf5ee527d0859db4f439610818f32c882677c2
01_raw_data,출입국통계연보/2014_출입국통계연보/14_4장_Ⅱ_   연도별 불허처리현황.xlsx,Korea Immigration Service Statistical Yearbook,"Ministry of Justice, Korea Immigration Service",https://www.immigration.go.kr/immigration/1570/subview.do,11135,a20467a4a6e564e67d06fe365222bbfdfaf011cc1e21b07de0ce814d1bef9c11
01_raw_data,출입국통계연보/2014_출입국통계연보/14_5장_Ⅰ_1.외국적동포거소신고 현황.xls,Korea Immigration Service Statistical Yearbook,"Ministry of Justice, Korea Immigration Service",https://www.immigration.go.kr/immigration/1570/subview.do,19968,0b568568f34da9b84134368258e4979f455169c20442bb91c20cfbb5149d9037
01_raw_data,출입국통계연보/2014_출입국통계연보/14_5장_Ⅰ_2.재외국민 거소신고 현황.xlsx,Korea Immigration Service Statistical Yearbook,"Ministry of Justice, Korea Immigration Service",https://www.immigration.go.kr/immigration/1570/subview.do,10410,1ff5866c5e8cb2cc2cbfe7bb07cee8eb73350a1cc101653b89001c88ddb97d51
01_raw_data,출입국통계연보/2014_출입국통계연보/14_6장_Ⅰ_1.체류자격별 불법체류외국인 현황.xlsx,Korea Immigration Service Statistical Yearbook,"Ministry of Justice, Korea Immigration Service",https://www.immigration.go.kr/immigration/1570/subview.do,12411,cbf2ee1714c32cc377c8ec9c8b46012b2b544d9062763d20f93dc3851036b7f6
01_raw_data,출입국통계연보/2014_출입국통계연보/14_6장_Ⅰ_2.체류기간별 불법체류외국인 현황.xlsx,Korea Immigration Service Statistical Yearbook,"Ministry of Justice, Korea Immigration Service",https://www.immigration.go.kr/immigration/1570/subview.do,10898,888ed922fe1b476bd270ffca315d15a8ad14183f97efa705cd1aaea0843909d1
01_raw_data,출입국통계연보/2014_출입국통계연보/14_7장_Ⅰ.   위반자처리현황.xlsx,Korea Immigration Service Statistical Yearbook,"Ministry of Justice, Korea Immigration Service",https://www.immigration.go.kr/immigration/1570/subview.do,27431,42d936d38d8b654b7c7545d1cfa2e234f5107687ac0157a208d2fed9cb79f863
01_raw_data,출입국통계연보/2014_출입국통계연보/1장 출입국자 현황(Status of Arrivals and Departures of People).xlsx,Korea Immigration Service Statistical Yearbook,"Ministry of Justice, Korea Immigration Service",https://www.immigration.go.kr/immigration/1570/subview.do,711217,a14d429241588971971c39e9f9900bf353166f1ddcf26ca7662b76136bb7141a
01_raw_data,출입국통계연보/2014_출입국통계연보/2장 체류외국인 현황(Status of Foreign Residents).xlsx,Korea Immigration Service Statistical Yearbook,"Ministry of Justice, Korea Immigration Service",https://www.immigration.go.kr/immigration/1570/subview.do,1216867,7dbf27093462d3fd769c322026a3e0b6e55364e675e2623917d052b76bcdc3f1
01_raw_data,출입국통계연보/2014_출입국통계연보/3장 결혼이민자 현황(Status of Marriage Migrants).xlsx,Korea Immigration Service Statistical Yearbook,"Ministry of Justice, Korea Immigration Service",https://www.immigration.go.kr/immigration/1570/subview.do,68395,ca398bdc247d320a743ff1561401bcb3bced92ff918fa3728ee0fec6978aa881
01_raw_data,출입국통계연보/2014_출입국통계연보/4장 국적현황(Status of Nationality).xlsx,Korea Immigration Service Statistical Yearbook,"Ministry of Justice, Korea Immigration Service",https://www.immigration.go.kr/immigration/1570/subview.do,28358,1ce7fbf99f35fba83aeea0b4147a274ea53f012c407542b39dcbec573c25f47a
01_raw_data,출입국통계연보/2014_출입국통계연보/5장 외국국적동포 현황(Status of Foreign National Koreans).xlsx,Korea Immigration Service Statistical Yearbook,"Ministry of Justice, Korea Immigration Service",https://www.immigration.go.kr/immigration/1570/subview.do,17236,560d15ab2eaf8714eafa8af3735e9ac5ce51c985c3a81f526a8e1a85a99a4295
01_raw_data,출입국통계연보/2014_출입국통계연보/6장 불법체류자 현황(Status of Illegal Foreign Residents).xlsx,Korea Immigration Service Statistical Yearbook,"Ministry of Justice, Korea Immigration Service",https://www.immigration.go.kr/immigration/1570/subview.do,23089,2af404ecff1393d895a39600c6d12ee4f25ee408731f375883357649d14a4d4f
01_raw_data,출입국통계연보/2014_출입국통계연보/7장 출입국사범 현황(Status of Immigration Offenders).xlsx,Korea Immigration Service Statistical Yearbook,"Ministry of Justice, Korea Immigration Service",https://www.immigration.go.kr/immigration/1570/subview.do,41880,031cf2a4eead6be14996b9405a8f4c378ac018620930b9f9f98d0a8d4c63b44b
01_raw_data,출입국통계연보/2015_출입국통계연보/15_1장_Ⅰ_1.국적_지역 및 항구별 내외국인 입국자.xlsx,Korea Immigration Service Statistical Yearbook,"Ministry of Justice, Korea Immigration Service",https://www.immigration.go.kr/immigration/1570/subview.do,77524,25869ecd440583ccf2faa3d2f413df6ef03ca321bc22b5c9cf4b9f17a49965f9
01_raw_data,출입국통계연보/2015_출입국통계연보/15_1장_Ⅰ_2.국적_지역 및 항구별 내외국인 출국자.xlsx,Korea Immigration Service Statistical Yearbook,"Ministry of Justice, Korea Immigration Service",https://www.immigration.go.kr/immigration/1570/subview.do,77805,629c27212a9c194f9fa3eb667b7d259d57ac422fb84fbdffb85937dd0c5b251c
01_raw_data,출입국통계연보/2015_출입국통계연보/15_1장_Ⅱ_1.국적_지역 및 체류자격별 외국인 입국자.xlsx,Korea Immigration Service Statistical Yearbook,"Ministry of Justice, Korea Immigration Service",https://www.immigration.go.kr/immigration/1570/subview.do,53039,0a2f0dc27e6203f52498de4ce131a56820fe71eabc4127797338936ddb2ac0ad
01_raw_data,출입국통계연보/2015_출입국통계연보/15_1장_Ⅱ_2.국적_지역 및 월별 외국인 입국자.xls,Korea Immigration Service Statistical Yearbook,"Ministry of Justice, Korea Immigration Service",https://www.immigration.go.kr/immigration/1570/subview.do,49643,6b75307a75c12ff0074f8017af9bb99eaf3aa4402e0c824eb7c546e8092e652c
01_raw_data,출입국통계연보/2015_출입국통계연보/15_1장_Ⅱ_3.국적_지역 및 연령별 외국인 입국자(승무원 제외).xls,Korea Immigration Service Statistical Yearbook,"Ministry of Justice, Korea Immigration Service",https://www.immigration.go.kr/immigration/1570/subview.do,62694,71854838f3ce4226753cb754fd6ea51d1c8b019b4ca318d1bda4b85037d91a89
01_raw_data,출입국통계연보/2015_출입국통계연보/15_1장_Ⅱ_4.국적_지역 및 체류기간별 외국인 출국자.xlsx,Korea Immigration Service Statistical Yearbook,"Ministry of Justice, Korea Immigration Service",https://www.immigration.go.kr/immigration/1570/subview.do,57862,f9bed0b50481e4e7203d9596551ac6928b27b947358190d7ed29d952fc0ed85d
01_raw_data,출입국통계연보/2015_출입국통계연보/15_1장_Ⅲ_1.항구별 상륙허가자.xls,Korea Immigration Service Statistical Yearbook,"Ministry of Justice, Korea Immigration Service",https://www.immigration.go.kr/immigration/1570/subview.do,10988,6c16ff3a4d30bad062a361e385b7fc2b4e4b595cd554f604b9dc2bcd7d114925
01_raw_data,출입국통계연보/2015_출입국통계연보/15_1장_Ⅲ_2.국적_지역별 상륙허가자.xls,Korea Immigration Service Statistical Yearbook,"Ministry of Justice, Korea Immigration Service",https://www.immigration.go.kr/immigration/1570/subview.do,19423,363d67cd0e8ca7bcd336ff5d6d928391e5ecd0c7b3b145638d0360af7c827ae4
01_raw_data,출입국통계연보/2015_출입국통계연보/15_1장_Ⅲ_3.항구별 출입항 선박 및 선원.xls,Korea Immigration Service Statistical Yearbook,"Ministry of Justice, Korea Immigration Service",https://www.immigration.go.kr/immigration/1570/subview.do,10463,8b3130bd9f92af9de0fd25355e06135fd7fb00a149670e8e51c8c4eb7fd8db22
01_raw_data,출입국통계연보/2015_출입국통계연보/15_1장_Ⅲ_4.공항별 출입항 항공기 및 승무원.xlsx,Korea Immigration Service Statistical Yearbook,"Ministry of Justice, Korea Immigration Service",https://www.immigration.go.kr/immigration/1570/subview.do,9931,e6b67c6ae68cb3223b1ce65ee80683eb5429b7eac5a6db0a5cbdd55b7d6d2dec
01_raw_data,출입국통계연보/2015_출입국통계연보/15_1장_Ⅲ_5.국적_지역별 출입항 선박 및 선원.xls,Korea Immigration Service Statistical Yearbook,"Ministry of Justice, Korea Immigration Service",https://www.immigration.go.kr/immigration/1570/subview.do,15129,63d55798b4115dcb2dce64637605fd0341a98412c558735f84af0ee39e90cc32
01_raw_data,출입국통계연보/2015_출입국통계연보/15_1장_Ⅲ_6.국적_지역별 출입항 항공기 및 승무원.xls,Korea Immigration Service Statistical Yearbook,"Ministry of Justice, Korea Immigration Service",https://www.immigration.go.kr/immigration/1570/subview.do,13796,88c0a13501009c321b2335ada44ffdc0b061c3e08bcbc6ecbb5db275b2e40488
01_raw_data,출입국통계연보/2015_출입국통계연보/15_1장_Ⅳ_1.사증발급허가승인 현황.xls,Korea Immigration Service Statistical Yearbook,"Ministry of Justice, Korea Immigration Service",https://www.immigration.go.kr/immigration/1570/subview.do,56320,946da48911954515a43c15e9b8c68f76920ad95a44ba4c50f78c79de3210f5af
01_raw_data,출입국통계연보/2015_출입국통계연보/15_1장_Ⅳ_2.사증발급인정서 발급 현황.xls,Korea Immigration Service Statistical Yearbook,"Ministry of Justice, Korea Immigration Service",https://www.immigration.go.kr/immigration/1570/subview.do,436224,fea12c52f0b9c679aebbdb944314616703682caca0e6b538d1a1b98c808e5739
01_raw_data,출입국통계연보/2015_출입국통계연보/15_2장_Ⅰ_1.국적_지역 및 체류자격별 체류외국인 현황.xlsx,Korea Immigration Service Statistical Yearbook,"Ministry of Justice, Korea Immigration Service",https://www.immigration.go.kr/immigration/1570/subview.do,82245,50e8a910ee1fe0c46f04c9896f4671a6d165b48ef07fbc804b583f3076beb1ee
01_raw_data,출입국통계연보/2015_출입국통계연보/15_2장_Ⅰ_2.국적_지역 및 연령별 체류외국인 현황.xlsx,Korea Immigration Service Statistical Yearbook,"Ministry of Justice, Korea Immigration Service",https://www.immigration.go.kr/immigration/1570/subview.do,43598,8b2a51f107b0bf5337535f9bb62a023fb6486ea808a6b0bcdf1fa0617b0c36ba
01_raw_data,출입국통계연보/2015_출입국통계연보/15_2장_Ⅱ_1.국적_지역 및 체류자격별 등록외국인 현황.xlsx,Korea Immigration Service Statistical Yearbook,"Ministry of Justice, Korea Immigration Service",https://www.immigration.go.kr/immigration/1570/subview.do,66506,ff264a5ae4c63fe0b32a4910db3bd5de702567dae642f4e1968250e52b90773f
01_raw_data,출입국통계연보/2015_출입국통계연보/15_2장_Ⅱ_2.국적_지역 및 연령별 등록외국인 현황.xls,Korea Immigration Service Statistical Yearbook,"Ministry of Justice, Korea Immigration Service",https://www.immigration.go.kr/immigration/1570/subview.do,40613,3230f9f605a72d13ab504646af540a21486bf2b4873b81201ead2d2fdd711376
01_raw_data,출입국통계연보/2015_출입국통계연보/15_2장_Ⅱ_3.지역 및 국적_지역별 등록외국인 현황.xlsx,Korea Immigration Service Statistical Yearbook,"Ministry of Justice, Korea Immigration Service",https://www.immigration.go.kr/immigration/1570/subview.do,579921,3de6e7e8790d14a9eb66d289c03bf274e41967b2c7f9c07e19bb5676cbdba67d
01_raw_data,출입국통계연보/2015_출입국통계연보/15_2장_Ⅱ_4.지역 및 연령별 등록외국인 현황.xls,Korea Immigration Service Statistical Yearbook,"Ministry of Justice, Korea Immigration Service",https://www.immigration.go.kr/immigration/1570/subview.do,100877,397a89c833f69e976e411f7601a66e1af4a2c1d8d204da191a4e0fee26a8fff6
01_raw_data,출입국통계연보/2015_출입국통계연보/15_2장_Ⅱ_5.지역 및 체류자격별 등록외국인 현황.xls,Korea Immigration Service Statistical Yearbook,"Ministry of Justice, Korea Immigration Service",https://www.immigration.go.kr/immigration/1570/subview.do,143249,bce07fa046ed4674f2033e76be4c942534f7d3fc4166c920d6a34aa73642c28f
01_raw_data,출입국통계연보/2015_출입국통계연보/15_2장_Ⅲ_1.국적_지역 및 체류자격별 단기체류외국인 현황.xls,Korea Immigration Service Statistical Yearbook,"Ministry of Justice, Korea Immigration Service",https://www.immigration.go.kr/immigration/1570/subview.do,70872,03226f42a5702034ccd14b4cff2162ca8fca1b38122e07a0cd86b012a03eed7f
01_raw_data,출입국통계연보/2015_출입국통계연보/15_2장_Ⅲ_2.국적_지역 및 연령별 단기체류외국인 현황.xls,Korea Immigration Service Statistical Yearbook,"Ministry of Justice, Korea Immigration Service",https://www.immigration.go.kr/immigration/1570/subview.do,39053,847a168dfca2c3b95d3975da358d9b9b0d7e525438893a7400c55fbdd124b415
01_raw_data,출입국통계연보/2015_출입국통계연보/15_2장_Ⅳ.유학생관련 현황.xls,Korea Immigration Service Statistical Yearbook,"Ministry of Justice, Korea Immigration Service",https://www.immigration.go.kr/immigration/1570/subview.do,37470,c6c99b7ce94258e85f5f1a4f37389ed015a77f78af268578bfba73a2805cf5a1
01_raw_data,출입국통계연보/2015_출입국통계연보/15_2장_Ⅴ.체류허가 및 신고수리 현황.xls,Korea Immigration Service Statistical Yearbook,"Ministry of Justice, Korea Immigration Service",https://www.immigration.go.kr/immigration/1570/subview.do,14384,34bfe64af8cfa74c4ffc5506f7914c7145ae7145a01c2212622b8ffc723f4179
01_raw_data,출입국통계연보/2015_출입국통계연보/15_3장_Ⅰ_1.국적_지역별 결혼이민자 현황.xls,Korea Immigration Service Statistical Yearbook,"Ministry of Justice, Korea Immigration Service",https://www.immigration.go.kr/immigration/1570/subview.do,25726,9f3b0ad409e11054ed5385b6533f6acc0b3efe0951baa86b406218b0db0d729b
01_raw_data,출입국통계연보/2015_출입국통계연보/15_3장_Ⅰ_2.지역별 결혼이민자 현황.xls,Korea Immigration Service Statistical Yearbook,"Ministry of Justice, Korea Immigration Service",https://www.immigration.go.kr/immigration/1570/subview.do,26179,6263ae724c8996b3761767867ead87ab139beba39855b71f5f9d59120193c370
01_raw_data,출입국통계연보/2015_출입국통계연보/15_4장_Ⅰ_1.국적처리 연도별 추이.xlsx,Korea Immigration Service Statistical Yearbook,"Ministry of Justice, Korea Immigration Service",https://www.immigration.go.kr/immigration/1570/subview.do,11670,938623e70e5cde6bf57185eac98a598c736c4c2dec71dd4ea4c8954ad4e7ebdf
01_raw_data,출입국통계연보/2015_출입국통계연보/15_4장_Ⅰ_2.국적처리 국적_지역 및 취득유형별 현황.xls,Korea Immigration Service Statistical Yearbook,"Ministry of Justice, Korea Immigration Service",https://www.immigration.go.kr/immigration/1570/subview.do,16193,d12253b618452d0b5cf7d93575d66fed8ce7ca20329b3bbadd145703ceaee9f6
01_raw_data,출입국통계연보/2015_출입국통계연보/15_4장_Ⅰ_3.국적처리 연령 및 취득유형별.xls,Korea Immigration Service Statistical Yearbook,"Ministry of Justice, Korea Immigration Service",https://www.immigration.go.kr/immigration/1570/subview.do,10089,3ba0407b94971bc18da3ede142c8fec04c032ed197dc548f56643fb5229fed7a
01_raw_data,출입국통계연보/2015_출입국통계연보/15_4장_Ⅱ_연도별 불허처리현황.xls,Korea Immigration Service Statistical Yearbook,"Ministry of Justice, Korea Immigration Service",https://www.immigration.go.kr/immigration/1570/subview.do,27648,fed8466371d2a34cc83023bda5639c836c59d31e1fad0d8cbaa0778b93065691
01_raw_data,출입국통계연보/2015_출입국통계연보/15_5장_Ⅰ_1.외국적동포거소신고 현황.xls,Korea Immigration Service Statistical Yearbook,"Ministry of Justice, Korea Immigration Service",https://www.immigration.go.kr/immigration/1570/subview.do,11267,c133db805f3aae8f25bddfa02b5c2e79e20f2022492e98e135ac02f956e724bf
01_raw_data,출입국통계연보/2015_출입국통계연보/15_5장_Ⅰ_2.재외국민 거소신고 현황.xls,Korea Immigration Service Statistical Yearbook,"Ministry of Justice, Korea Immigration Service",https://www.immigration.go.kr/immigration/1570/subview.do,10191,98e0e39ca4d86d1a0f0058a34639c65c1f4b0da2cede39e8f54043b5c17da591
01_raw_data,출입국통계연보/2015_출입국통계연보/15_6장_Ⅰ_1.체류자격별 불법체류외국인 현황.xls,Korea Immigration Service Statistical Yearbook,"Ministry of Justice, Korea Immigration Service",https://www.immigration.go.kr/immigration/1570/subview.do,13092,137bae141eb29f196920cd3c18a6cff334271fb518c92b986a2d3945b7c98704
01_raw_data,출입국통계연보/2015_출입국통계연보/15_6장_Ⅰ_2.체류기간별 불법체류외국인 현황.xls,Korea Immigration Service Statistical Yearbook,"Ministry of Justice, Korea Immigration Service",https://www.immigration.go.kr/immigration/1570/subview.do,11442,cb18f3c12ca9c188283cecbf4dec19193e2f6f41e7675a6a846e396fa2ebc42c
01_raw_data,출입국통계연보/2015_출입국통계연보/15_7장_Ⅰ.위반자처리현황.xls,Korea Immigration Service Statistical Yearbook,"Ministry of Justice, Korea Immigration Service",https://www.immigration.go.kr/immigration/1570/subview.do,11888,b4f66a09a566071803937bcce4d79654d15e6fd974d6b589f2977d4fc8721e8a
01_raw_data,출입국통계연보/2016_출입국통계연보/16_1장_Ⅰ_1.국적_지역 및 항구별 내외국인 입국자.xls,Korea Immigration Service Statistical Yearbook,"Ministry of Justice, Korea Immigration Service",https://www.immigration.go.kr/immigration/1570/subview.do,75286,f2a2d7a77abf6504d3a7ebc323ec4366b3e888258e62e91a1df294d609fcaa40
01_raw_data,출입국통계연보/2016_출입국통계연보/16_1장_Ⅰ_2.국적_지역 및 항구별 내외국인 출국자.xls,Korea Immigration Service Statistical Yearbook,"Ministry of Justice, Korea Immigration Service",https://www.immigration.go.kr/immigration/1570/subview.do,79295,76ef52b8e74ce06f61dbf489133399472370078789f6c19f953971b7446d9f0b
01_raw_data,출입국통계연보/2016_출입국통계연보/16_1장_Ⅱ_1.국적_지역 및 체류자격별 외국인 입국자.xls,Korea Immigration Service Statistical Yearbook,"Ministry of Justice, Korea Immigration Service",https://www.immigration.go.kr/immigration/1570/subview.do,92213,a7d033f419b88717195e9a67e5d0434674e536e15f610e3bf2dae07035a204b0
01_raw_data,출입국통계연보/2016_출입국통계연보/16_1장_Ⅱ_2.국적_지역 및 월별 외국인 입국자.xls,Korea Immigration Service Statistical Yearbook,"Ministry of Justice, Korea Immigration Service",https://www.immigration.go.kr/immigration/1570/subview.do,49290,aadc6766b5200a6c949407ac3b2a65c57ed80d0d421d1791d2f706f228adf44a
01_raw_data,출입국통계연보/2016_출입국통계연보/16_1장_Ⅱ_3.국적_지역 및 연령별 외국인 입국자(승무원 제외).xls,Korea Immigration Service Statistical Yearbook,"Ministry of Justice, Korea Immigration Service",https://www.immigration.go.kr/immigration/1570/subview.do,61271,2830e089a9abad747f3f7f8effddb808f6ef8aa58998787e6a126eb8760a967b
01_raw_data,출입국통계연보/2016_출입국통계연보/16_1장_Ⅱ_4.국적_지역 및 체류기간별 외국인 출국자.xls,Korea Immigration Service Statistical Yearbook,"Ministry of Justice, Korea Immigration Service",https://www.immigration.go.kr/immigration/1570/subview.do,60896,3151248246d2d6a2a2babe57ec3f0b871458828c3bb0c0e5b9c8bf415198eaec
01_raw_data,출입국통계연보/2016_출입국통계연보/16_1장_Ⅲ_1.항구별 상륙허가자.xls,Korea Immigration Service Statistical Yearbook,"Ministry of Justice, Korea Immigration Service",https://www.immigration.go.kr/immigration/1570/subview.do,10826,ee8d55bcf0096c99c76bfa4338a1ef7a8e6900fe02c467ad0b912a31e350e188
01_raw_data,출입국통계연보/2016_출입국통계연보/16_1장_Ⅲ_2.국적_지역별 상륙허가자.xls,Korea Immigration Service Statistical Yearbook,"Ministry of Justice, Korea Immigration Service",https://www.immigration.go.kr/immigration/1570/subview.do,19820,8521b1bb45ee90bb5cbbe87287027e4f872e69e31b98c71d1a3175fcf78b4483
01_raw_data,출입국통계연보/2016_출입국통계연보/16_1장_Ⅲ_3.항구별 출입항 선박 및 선원.xls,Korea Immigration Service Statistical Yearbook,"Ministry of Justice, Korea Immigration Service",https://www.immigration.go.kr/immigration/1570/subview.do,10481,96ce74de115aefc7fcb7559f4f6ff1a58d17e875d01859ba33ad21ec410d2fdb
01_raw_data,출입국통계연보/2016_출입국통계연보/16_1장_Ⅲ_4.공항별 출입항 항공기 및 승무원.xls,Korea Immigration Service Statistical Yearbook,"Ministry of Justice, Korea Immigration Service",https://www.immigration.go.kr/immigration/1570/subview.do,10010,f3570ca7ad83514c1d2e9b705badf1efd5e11bf6298a4f40c0b1deb7d8fbb14b
01_raw_data,출입국통계연보/2016_출입국통계연보/16_1장_Ⅲ_5.국적_지역별 출입항 선박 및 선원.xls,Korea Immigration Service Statistical Yearbook,"Ministry of Justice, Korea Immigration Service",https://www.immigration.go.kr/immigration/1570/subview.do,18102,1008462fb0f7d9401907d9d8bbee8cf1096a0de611c4bf104c15ba6b04400ece
01_raw_data,출입국통계연보/2016_출입국통계연보/16_1장_Ⅲ_6.국적_지역별 출입항 항공기 및 승무원.xls,Korea Immigration Service Statistical Yearbook,"Ministry of Justice, Korea Immigration Service",https://www.immigration.go.kr/immigration/1570/subview.do,15024,ca9bbca4d1a15fd2157edec1b0d48a4aeb3b361596004e1fe4fa71a67bdbae5a
01_raw_data,출입국통계연보/2016_출입국통계연보/16_1장_Ⅳ_1.사증발급인정서 발급 현황.xls,Korea Immigration Service Statistical Yearbook,"Ministry of Justice, Korea Immigration Service",https://www.immigration.go.kr/immigration/1570/subview.do,420864,6cd047c28a16a8f274461af949cf2dfc896586fa3d967a8f670074a33cfca44c
01_raw_data,출입국통계연보/2016_출입국통계연보/16_1장_Ⅳ_2.고용허가제 사증발급인증서 발급현황.xls,Korea Immigration Service Statistical Yearbook,"Ministry of Justice, Korea Immigration Service",https://www.immigration.go.kr/immigration/1570/subview.do,13312,6951a8c5a4d9db4e918b60021d71ac8d1aabc81e3feab6adeb02d5d7a46d5410
01_raw_data,출입국통계연보/2016_출입국통계연보/16_2장_Ⅰ_1.국적_지역 및 체류자격별 체류외국인 현황.xls,Korea Immigration Service Statistical Yearbook,"Ministry of Justice, Korea Immigration Service",https://www.immigration.go.kr/immigration/1570/subview.do,84605,e899eeef8c3918142fb7800e8742da7f6c01dbc90500bb3e6f94479573f06dbf
01_raw_data,출입국통계연보/2016_출입국통계연보/16_2장_Ⅰ_2.국적_지역 및 연령별 체류외국인 현황.xls,Korea Immigration Service Statistical Yearbook,"Ministry of Justice, Korea Immigration Service",https://www.immigration.go.kr/immigration/1570/subview.do,44261,84474bf6197f2472e366d3cdbd15c4dc283429a8e6c646def1cc8d936d3fb471
01_raw_data,출입국통계연보/2016_출입국통계연보/16_2장_Ⅱ_1.국적_지역 및 체류자격별 등록외국인 현황.xls,Korea Immigration Service Statistical Yearbook,"Ministry of Justice, Korea Immigration Service",https://www.immigration.go.kr/immigration/1570/subview.do,66125,4693e6e1d0c0351bd4de04832c636420bea555a742834308d1ff3e1274f51f35
01_raw_data,출입국통계연보/2016_출입국통계연보/16_2장_Ⅱ_2.국적_지역 및 연령별 등록외국인 현황.xls,Korea Immigration Service Statistical Yearbook,"Ministry of Justice, Korea Immigration Service",https://www.immigration.go.kr/immigration/1570/subview.do,41135,b619b38836a3b74a59643e07615ef2ec6ae9cd34fe4df318a3d7653a441d35eb
01_raw_data,출입국통계연보/2016_출입국통계연보/16_2장_Ⅱ_3.지역 및 국적_지역별 등록외국인 현황.xls,Korea Immigration Service Statistical Yearbook,"Ministry of Justice, Korea Immigration Service",https://www.immigration.go.kr/immigration/1570/subview.do,575918,523634e81c5f1dafb2e78ab6f9861b626924a1404df0bf1adfb0f4d79cb14e43
01_raw_data,출입국통계연보/2016_출입국통계연보/16_2장_Ⅱ_4.지역 및 연령별 등록외국인 현황.xls,Korea Immigration Service Statistical Yearbook,"Ministry of Justice, Korea Immigration Service",https://www.immigration.go.kr/immigration/1570/subview.do,99610,ef7ea5dce0b0cc23542617795c6b7257030d1305ea2b7febb81ec62303afd5fc
01_raw_data,출입국통계연보/2016_출입국통계연보/16_2장_Ⅱ_5.지역 및 체류자격별 등록외국인 현황.xls,Korea Immigration Service Statistical Yearbook,"Ministry of Justice, Korea Immigration Service",https://www.immigration.go.kr/immigration/1570/subview.do,142468,595f6b2d2680531b1edc769cf843acd7fae89052be04b856f97dd686ceb75221
01_raw_data,출입국통계연보/2016_출입국통계연보/16_2장_Ⅲ_1.국적_지역 및 체류자격별 단기체류외국인 현황.xls,Korea Immigration Service Statistical Yearbook,"Ministry of Justice, Korea Immigration Service",https://www.immigration.go.kr/immigration/1570/subview.do,74093,5001ac567b1b76fb404469150e1b51cafa351fb5ec91382a6a79a5c7270c5905
01_raw_data,출입국통계연보/2016_출입국통계연보/16_2장_Ⅲ_2.국적_지역 및 연령별 단기체류외국인 현황.xls,Korea Immigration Service Statistical Yearbook,"Ministry of Justice, Korea Immigration Service",https://www.immigration.go.kr/immigration/1570/subview.do,40245,83ff4ccb50efeae240eec66f49cdd7f771c6932c37acde43942423821385229e
01_raw_data,출입국통계연보/2016_출입국통계연보/16_2장_Ⅳ.유학생관련 현황.xls,Korea Immigration Service Statistical Yearbook,"Ministry of Justice, Korea Immigration Service",https://www.immigration.go.kr/immigration/1570/subview.do,38215,7beacfb2f0c10e4b678abf15b9a0fae3e62469ff915ac75436bee86dc33ab4d5
01_raw_data,출입국통계연보/2016_출입국통계연보/16_2장_Ⅴ.체류허가 및 신고수리 현황.xls,Korea Immigration Service Statistical Yearbook,"Ministry of Justice, Korea Immigration Service",https://www.immigration.go.kr/immigration/1570/subview.do,14607,e43d6a11d51916398495f15c23185bab5ee35a67da075ab3d9cb548c58328a84
01_raw_data,출입국통계연보/2016_출입국통계연보/16_3장_Ⅰ_1.국적_지역별 결혼이민자 현황.xls,Korea Immigration Service Statistical Yearbook,"Ministry of Justice, Korea Immigration Service",https://www.immigration.go.kr/immigration/1570/subview.do,30402,7c26f1f05b2d4b8e7b69bbe1f79c2953e3d5163194f2905e45d9135c7d2a4c74
01_raw_data,출입국통계연보/2016_출입국통계연보/16_3장_Ⅰ_2.지역별 결혼이민자 현황.xls,Korea Immigration Service Statistical Yearbook,"Ministry of Justice, Korea Immigration Service",https://www.immigration.go.kr/immigration/1570/subview.do,56861,72bfb01b15826125d42bc4cc79c91279d4df8f4dce0d23b211afcc81c27500cf
01_raw_data,출입국통계연보/2016_출입국통계연보/16_4장_Ⅰ_1.국적처리 연도별 추이.xlsx,Korea Immigration Service Statistical Yearbook,"Ministry of Justice, Korea Immigration Service",https://www.immigration.go.kr/immigration/1570/subview.do,12705,b09fb6a26d2751b2f959ec078898b7331e5282f3ed32bc807f3846418357b3c4
01_raw_data,출입국통계연보/2016_출입국통계연보/16_4장_Ⅰ_2.국적처리 국적_지역 및 취득유형별 현황.xls,Korea Immigration Service Statistical Yearbook,"Ministry of Justice, Korea Immigration Service",https://www.immigration.go.kr/immigration/1570/subview.do,16273,1699ad7f10337341f60b30bd6d247998768877fe3e4cc0fa419ace78af34d080
01_raw_data,출입국통계연보/2016_출입국통계연보/16_4장_Ⅰ_3.국적처리 연령 및 취득유형별.xls,Korea Immigration Service Statistical Yearbook,"Ministry of Justice, Korea Immigration Service",https://www.immigration.go.kr/immigration/1570/subview.do,10169,28e8957615daeebbe0d122a713e22742955fe2ae1e1c814718224587b9ae7f87
01_raw_data,출입국통계연보/2016_출입국통계연보/16_4장_Ⅱ_연도별 불허처리현황.xls,Korea Immigration Service Statistical Yearbook,"Ministry of Justice, Korea Immigration Service",https://www.immigration.go.kr/immigration/1570/subview.do,34304,388c2ed7e0139098df9953f9b8dccfb72e27bf8bd28c01772dd861d21f784ad8
01_raw_data,출입국통계연보/2016_출입국통계연보/16_5장_Ⅰ_1.외국적동포거소신고 현황.xls,Korea Immigration Service Statistical Yearbook,"Ministry of Justice, Korea Immigration Service",https://www.immigration.go.kr/immigration/1570/subview.do,12328,c4c4524752570864cbe8dc546e3147db912b651dd0ce7e3a70232963585ba074
01_raw_data,출입국통계연보/2016_출입국통계연보/16_6장_Ⅰ_1.체류자격별 불법체류외국인 현황.xls,Korea Immigration Service Statistical Yearbook,"Ministry of Justice, Korea Immigration Service",https://www.immigration.go.kr/immigration/1570/subview.do,13120,6a015c04fbbec1b4930de0d62a6327f5c47cf7f325baf6126920a1ba7e6731ba
01_raw_data,출입국통계연보/2016_출입국통계연보/16_6장_Ⅰ_2.체류기간별 불법체류외국인 현황.xls,Korea Immigration Service Statistical Yearbook,"Ministry of Justice, Korea Immigration Service",https://www.immigration.go.kr/immigration/1570/subview.do,11272,76a8f99630a255127d0c06229a74ad71df5b1e3b20522d99c151b67a6df3a8d3
01_raw_data,출입국통계연보/2016_출입국통계연보/16_7장_Ⅰ.위반자처리현황.xls,Korea Immigration Service Statistical Yearbook,"Ministry of Justice, Korea Immigration Service",https://www.immigration.go.kr/immigration/1570/subview.do,10640,6768aa62e759a1020723d94bc3c50a6375bd337d6cd0641d4a6e72126dcb7952
01_raw_data,출입국통계연보/2017_출입국통계연보/17_1장_Ⅰ_1.국적(지역) 및 항구별 내외국인 입국자.xls,Korea Immigration Service Statistical Yearbook,"Ministry of Justice, Korea Immigration Service",https://www.immigration.go.kr/immigration/1570/subview.do,146944,f3b31a9b7ba9bbd3f1dd3ddf61a310a72a2ad03f372de0cb9232f0bbbc76e571
01_raw_data,출입국통계연보/2017_출입국통계연보/17_1장_Ⅰ_2.국적(지역) 및 항구별 내외국인 출국자.xls,Korea Immigration Service Statistical Yearbook,"Ministry of Justice, Korea Immigration Service",https://www.immigration.go.kr/immigration/1570/subview.do,147968,57bc16ff33106354a38b3d018dcd8a24efdd67f29f0612981229110fbecaa2ce
01_raw_data,출입국통계연보/2017_출입국통계연보/17_1장_Ⅱ_1.국적(지역) 및 체류자격별 외국인 입국자.xls,Korea Immigration Service Statistical Yearbook,"Ministry of Justice, Korea Immigration Service",https://www.immigration.go.kr/immigration/1570/subview.do,169984,49d373e6d1e80738be49a226419c18ceb0c7f74ada35f090c9da727e538024f8
01_raw_data,출입국통계연보/2017_출입국통계연보/17_1장_Ⅱ_2.국적(지역) 및 월별 외국인 입국자.xls,Korea Immigration Service Statistical Yearbook,"Ministry of Justice, Korea Immigration Service",https://www.immigration.go.kr/immigration/1570/subview.do,98304,1f3e42d70948ff26e03772f94b0dfc4238ad24fbdee3a7f1957e431e6f3b8b07
01_raw_data,출입국통계연보/2017_출입국통계연보/17_1장_Ⅱ_3.국적(지역) 및 연령별 외국인 입국자(승무원 제외).xls,Korea Immigration Service Statistical Yearbook,"Ministry of Justice, Korea Immigration Service",https://www.immigration.go.kr/immigration/1570/subview.do,111104,e5c07f2c7ace39e122f61ab953b3f83e288087c4340db18e4c8011f7ca3a9288
01_raw_data,출입국통계연보/2017_출입국통계연보/17_1장_Ⅱ_4.국적(지역) 및 체류기간별 외국인 출국자(승무원 제외).xls,Korea Immigration Service Statistical Yearbook,"Ministry of Justice, Korea Immigration Service",https://www.immigration.go.kr/immigration/1570/subview.do,124928,1e24140797cdfe719adf39e717530fe2ee3e97603c34b9974fb156b151bffa93
01_raw_data,출입국통계연보/2017_출입국통계연보/17_1장_Ⅲ_1.항구별 상륙허가자.xls,Korea Immigration Service Statistical Yearbook,"Ministry of Justice, Korea Immigration Service",https://www.immigration.go.kr/immigration/1570/subview.do,26112,901c904c1dca138ea301c9d201a1b1a79891295b63b33658c8abe78629920200
01_raw_data,출입국통계연보/2017_출입국통계연보/17_1장_Ⅲ_2.국적(지역)별 상륙허가자.xls,Korea Immigration Service Statistical Yearbook,"Ministry of Justice, Korea Immigration Service",https://www.immigration.go.kr/immigration/1570/subview.do,56320,559bd71253cace42aaaf3a25c65275bc5bcb20d1aa8a595e850e59fcdd62a687
01_raw_data,출입국통계연보/2017_출입국통계연보/17_1장_Ⅲ_3.항구별 출입항 선박 및 선원.xls,Korea Immigration Service Statistical Yearbook,"Ministry of Justice, Korea Immigration Service",https://www.immigration.go.kr/immigration/1570/subview.do,26112,5ac578cf8f263e80759f3673fa9c7bc3a49eaf7ca31f467031b1038fcf11678e
01_raw_data,출입국통계연보/2017_출입국통계연보/17_1장_Ⅲ_4.공항별 출입항 항공기 및 승무원.xls,Korea Immigration Service Statistical Yearbook,"Ministry of Justice, Korea Immigration Service",https://www.immigration.go.kr/immigration/1570/subview.do,24576,4a6ad3e576704791e37ed117ff018aa9216b944ae0232cfe44dc523eeab0cf89
01_raw_data,출입국통계연보/2017_출입국통계연보/17_1장_Ⅲ_5.국적(지역)별 출입항 선박 및 선원.xls,Korea Immigration Service Statistical Yearbook,"Ministry of Justice, Korea Immigration Service",https://www.immigration.go.kr/immigration/1570/subview.do,45056,6f610d894070d53f583f87c36c332e9a7c9264cc314d0581925624e553417c7b
01_raw_data,출입국통계연보/2017_출입국통계연보/17_1장_Ⅲ_6.국적(지역)별 출입항 항공기 및 승무원.xls,Korea Immigration Service Statistical Yearbook,"Ministry of Justice, Korea Immigration Service",https://www.immigration.go.kr/immigration/1570/subview.do,41984,f4343438524ae3c1155d13a2888263bf6baf9684c12eb31af0948dbd09b7eb8d
01_raw_data,출입국통계연보/2017_출입국통계연보/17_1장_Ⅳ_1.사증발급인정서 발급 현황.xls,Korea Immigration Service Statistical Yearbook,"Ministry of Justice, Korea Immigration Service",https://www.immigration.go.kr/immigration/1570/subview.do,434176,f5e2ab987c05f301d6f26b6ddbe72aaec671f29a75371d2c282b210ea79197d4
01_raw_data,출입국통계연보/2017_출입국통계연보/17_1장_Ⅳ_2.고용허가제 사증발급인증서 발급현황.xls,Korea Immigration Service Statistical Yearbook,"Ministry of Justice, Korea Immigration Service",https://www.immigration.go.kr/immigration/1570/subview.do,38912,539868dc5b70cda49ac0070334c6f0ff2154934a11a0fa2327a0ab99267ba31e
01_raw_data,출입국통계연보/2017_출입국통계연보/17_2장_Ⅰ_1.국적(지역) 및 체류자격별 체류외국인 현황.xls,Korea Immigration Service Statistical Yearbook,"Ministry of Justice, Korea Immigration Service",https://www.immigration.go.kr/immigration/1570/subview.do,150528,958de5a31a70c4e8d085c37cc0b8ca800aa51fb754a23390152f174ecba0ad48
01_raw_data,출입국통계연보/2017_출입국통계연보/17_2장_Ⅰ_2.국적(지역) 및 연령별 체류외국인 현황.xls,Korea Immigration Service Statistical Yearbook,"Ministry of Justice, Korea Immigration Service",https://www.immigration.go.kr/immigration/1570/subview.do,87552,2a077df70bc72c99ae7170cbdb0584ad5aa0d8bcbd89c6c0a7323c875c9e25be
01_raw_data,출입국통계연보/2017_출입국통계연보/17_2장_Ⅱ_1.국적(지역) 및 체류자격별 등록외국인 현황.xls,Korea Immigration Service Statistical Yearbook,"Ministry of Justice, Korea Immigration Service",https://www.immigration.go.kr/immigration/1570/subview.do,120832,60af6ce8e8f905d9504272bcd6c46387e93376cf3c061783a4554897cded6fa1
01_raw_data,출입국통계연보/2017_출입국통계연보/17_2장_Ⅱ_2.국적(지역) 및 연령별 등록외국인 현황.xls,Korea Immigration Service Statistical Yearbook,"Ministry of Justice, Korea Immigration Service",https://www.immigration.go.kr/immigration/1570/subview.do,83968,7b315b2dd13d522ebcf7e0a800f1133b27c357a304639497bba97929f84dac90
01_raw_data,출입국통계연보/2017_출입국통계연보/17_2장_Ⅱ_3.시군구 및 국적(지역)별 등록외국인 현황.xls,Korea Immigration Service Statistical Yearbook,"Ministry of Justice, Korea Immigration Service",https://www.immigration.go.kr/immigration/1570/subview.do,988160,c37ec7df6213482dbb049f9c24846968066e5cdc1d2d7763508f0b5acb0b1c63
01_raw_data,출입국통계연보/2017_출입국통계연보/17_2장_Ⅱ_4.시군구 및 연령별 등록외국인 현황.xls,Korea Immigration Service Statistical Yearbook,"Ministry of Justice, Korea Immigration Service",https://www.immigration.go.kr/immigration/1570/subview.do,155136,48d901f3f502ffc6d004fc55030cccce86041fbee535d63700568cde944b2a9d
01_raw_data,출입국통계연보/2017_출입국통계연보/17_2장_Ⅱ_5.시군구 및 체류자격별 등록외국인 현황.xls,Korea Immigration Service Statistical Yearbook,"Ministry of Justice, Korea Immigration Service",https://www.immigration.go.kr/immigration/1570/subview.do,208896,a892f3698c8bde9fda9caaaff21ac3af931cf8480781ad32bf28ee4ff0f266b5
01_raw_data,출입국통계연보/2017_출입국통계연보/17_2장_Ⅲ_1.국적(지역) 및 체류자격별 단기체류외국인 현황.xls,Korea Immigration Service Statistical Yearbook,"Ministry of Justice, Korea Immigration Service",https://www.immigration.go.kr/immigration/1570/subview.do,150016,e5a4a1abef6dbaa2a21708d72658f593c34e37e9a3e949280be11bcf339f037a
01_raw_data,출입국통계연보/2017_출입국통계연보/17_2장_Ⅲ_2.국적(지역) 및 연령별 단기체류외국인 현황.xls,Korea Immigration Service Statistical Yearbook,"Ministry of Justice, Korea Immigration Service",https://www.immigration.go.kr/immigration/1570/subview.do,82432,1f79059ef4e8ed373fc8c0014f07e1c95ad0a6563d0b400c9bde1e85010d9b50
01_raw_data,출입국통계연보/2017_출입국통계연보/17_2장_Ⅳ.유학생관련 현황.xls,Korea Immigration Service Statistical Yearbook,"Ministry of Justice, Korea Immigration Service",https://www.immigration.go.kr/immigration/1570/subview.do,79360,0ec58b222c3ab10a5841fc0cd120859157a1238dd4802bf71627bbb93cf03cc1
01_raw_data,출입국통계연보/2017_출입국통계연보/17_2장_Ⅴ.체류허가 및 신고수리 현황.xls,Korea Immigration Service Statistical Yearbook,"Ministry of Justice, Korea Immigration Service",https://www.immigration.go.kr/immigration/1570/subview.do,31232,acf7e2ec3e8b18857cf8cfec4d15b1e9d213d73c6f9a5d24e56727c0e10826da
01_raw_data,출입국통계연보/2017_출입국통계연보/17_3장_Ⅰ_1.국적(지역)별 결혼이민자 현황.xls,Korea Immigration Service Statistical Yearbook,"Ministry of Justice, Korea Immigration Service",https://www.immigration.go.kr/immigration/1570/subview.do,53248,19d3d05ce31a6c07e998b7c53752d80ad4476dc2db97f465bf8a3944ee2385dd
01_raw_data,출입국통계연보/2017_출입국통계연보/17_3장_Ⅰ_2.시군구별 결혼이민자 현황.xls,Korea Immigration Service Statistical Yearbook,"Ministry of Justice, Korea Immigration Service",https://www.immigration.go.kr/immigration/1570/subview.do,96768,e4871ab2c4980397dcd968b633a40585589d5d96fbf4cbfa625212dc7a24d544
01_raw_data,출입국통계연보/2017_출입국통계연보/17_4장_Ⅰ_1.국적처리 연도별 추이.xls,Korea Immigration Service Statistical Yearbook,"Ministry of Justice, Korea Immigration Service",https://www.immigration.go.kr/immigration/1570/subview.do,34816,72579417ae3b960afb54f4e3318b31476e0a9c3fc33d13ff6dc92ee3063a6d60
01_raw_data,출입국통계연보/2017_출입국통계연보/17_4장_Ⅰ_2.국적처리 국적(지역) 및 취득유형별 현황.xls,Korea Immigration Service Statistical Yearbook,"Ministry of Justice, Korea Immigration Service",https://www.immigration.go.kr/immigration/1570/subview.do,48128,70859683fcbb2f9ecef8f160edc582d1e7971b8f7e007000688bf236fca2cd81
01_raw_data,출입국통계연보/2017_출입국통계연보/17_4장_Ⅰ_3.국적처리 연령 및 취득유형별.xls,Korea Immigration Service Statistical Yearbook,"Ministry of Justice, Korea Immigration Service",https://www.immigration.go.kr/immigration/1570/subview.do,25600,1c6582ced7bd1687ad6248996636e7e9fab0e5c1fb3c7a18db62faa3c050402c
01_raw_data,출입국통계연보/2017_출입국통계연보/17_4장_Ⅱ_연도별 불허처리현황.xls,Korea Immigration Service Statistical Yearbook,"Ministry of Justice, Korea Immigration Service",https://www.immigration.go.kr/immigration/1570/subview.do,34304,51b5508f8b86566744eabf3286bfebce907f6d675d5b7541a04b7815ac9c5b58
01_raw_data,출입국통계연보/2017_출입국통계연보/17_5장_Ⅰ_1.외국적동포거소신고 현황.xls,Korea Immigration Service Statistical Yearbook,"Ministry of Justice, Korea Immigration Service",https://www.immigration.go.kr/immigration/1570/subview.do,35840,c6fb1a96d8d9cead4934264bf5d5fce10bd4097b784f6ee85082cb3ab7962e71
01_raw_data,출입국통계연보/2017_출입국통계연보/17_6장_Ⅰ_1.체류자격별 불법체류외국인 현황.xls,Korea Immigration Service Statistical Yearbook,"Ministry of Justice, Korea Immigration Service",https://www.immigration.go.kr/immigration/1570/subview.do,29184,8caf8bf3b5fffcbe215c37bdeddfac2ca26713cbefe2f65fdbce212522285a36
01_raw_data,출입국통계연보/2017_출입국통계연보/17_6장_Ⅰ_2.체류기간별 불법체류외국인 현황.xls,Korea Immigration Service Statistical Yearbook,"Ministry of Justice, Korea Immigration Service",https://www.immigration.go.kr/immigration/1570/subview.do,28160,7172e835d93573c6aab33feca090b6d297f3bd4624480cfc04a31a2025574b61
01_raw_data,출입국통계연보/2017_출입국통계연보/17_7장_Ⅰ.위반자처리현황.xls,Korea Immigration Service Statistical Yearbook,"Ministry of Justice, Korea Immigration Service",https://www.immigration.go.kr/immigration/1570/subview.do,25600,3eac6d030628baa0349c613339226f1be9ff350499e10e9181e8b5f48a1e5087
01_raw_data,출입국통계연보/2018_출입국통계연보/18_1장_Ⅰ_1.국적(지역) 및 항구별 내외국인 입국자.xls,Korea Immigration Service Statistical Yearbook,"Ministry of Justice, Korea Immigration Service",https://www.immigration.go.kr/immigration/1570/subview.do,80562,f797f38565b5e76aee9019e69bf2022698cc93df12bcbd32edb53eb8d0e74388
01_raw_data,출입국통계연보/2018_출입국통계연보/18_1장_Ⅰ_2.국적(지역) 및 항구별 내외국인 출국자.xls,Korea Immigration Service Statistical Yearbook,"Ministry of Justice, Korea Immigration Service",https://www.immigration.go.kr/immigration/1570/subview.do,81288,da995857eb02731de79eda0b874045676f315b579936bc4967ed3cf80e7cf5b2
01_raw_data,출입국통계연보/2018_출입국통계연보/18_1장_Ⅱ_1.국적(지역) 및 체류자격별 외국인 입국자.xls,Korea Immigration Service Statistical Yearbook,"Ministry of Justice, Korea Immigration Service",https://www.immigration.go.kr/immigration/1570/subview.do,94990,69a1aa56ac5a44eaba5d71af552241a7a49423ad9375fb8ecf5a59a9b370033e
01_raw_data,출입국통계연보/2018_출입국통계연보/18_1장_Ⅱ_2.국적(지역) 및 월별 외국인 입국자.xls,Korea Immigration Service Statistical Yearbook,"Ministry of Justice, Korea Immigration Service",https://www.immigration.go.kr/immigration/1570/subview.do,50199,749e487aeba13e89fa34450dada1d0c0224c7890f577073baf675647adfac036
01_raw_data,출입국통계연보/2018_출입국통계연보/18_1장_Ⅱ_3.국적(지역) 및 연령별 외국인 입국자(승무원 제외).xlsx,Korea Immigration Service Statistical Yearbook,"Ministry of Justice, Korea Immigration Service",https://www.immigration.go.kr/immigration/1570/subview.do,63826,2ea6ca64d09f026a991acf407bdc5a7ff097e0c4c67b51a1651d9d16027f44ce
01_raw_data,출입국통계연보/2018_출입국통계연보/18_1장_Ⅱ_4.국적(지역) 및 체류기간별 외국인 출국자(승무원 제외).xlsx,Korea Immigration Service Statistical Yearbook,"Ministry of Justice, Korea Immigration Service",https://www.immigration.go.kr/immigration/1570/subview.do,64476,2fbd1db9086114062c6f81003ee66ff51860379501678120e004e6d6ba059326
01_raw_data,출입국통계연보/2018_출입국통계연보/18_1장_Ⅲ_1.항구별 상륙허가자.xls,Korea Immigration Service Statistical Yearbook,"Ministry of Justice, Korea Immigration Service",https://www.immigration.go.kr/immigration/1570/subview.do,10851,93997da9c9040794f3efa34d09a61b3f5308e1f6bc42ca90c8a5e2404f5b03a4
01_raw_data,출입국통계연보/2018_출입국통계연보/18_1장_Ⅲ_2.국적(지역)별 상륙허가자.xls,Korea Immigration Service Statistical Yearbook,"Ministry of Justice, Korea Immigration Service",https://www.immigration.go.kr/immigration/1570/subview.do,18535,213729ddf8bc012f2d8888b516108cf561f974d09770f7f7bffbb881455a51de
01_raw_data,출입국통계연보/2018_출입국통계연보/18_1장_Ⅲ_3.항구별 출입항 선박 및 선원.xls,Korea Immigration Service Statistical Yearbook,"Ministry of Justice, Korea Immigration Service",https://www.immigration.go.kr/immigration/1570/subview.do,10660,a34e890937ab2a1a35fec5a19d3db1acf462133a3b3cbb21d1e576a53d4498d1
01_raw_data,출입국통계연보/2018_출입국통계연보/18_1장_Ⅲ_4.공항별 출입항 항공기 및 승무원.xls,Korea Immigration Service Statistical Yearbook,"Ministry of Justice, Korea Immigration Service",https://www.immigration.go.kr/immigration/1570/subview.do,9929,25ebdaea857eec3461b2dd94706e18630212a59e648861fdfcf38cf58d522743
01_raw_data,출입국통계연보/2018_출입국통계연보/18_1장_Ⅲ_5.국적(지역)별 출입항 선박 및 선원.xls,Korea Immigration Service Statistical Yearbook,"Ministry of Justice, Korea Immigration Service",https://www.immigration.go.kr/immigration/1570/subview.do,15710,d33edf86ba3852c8115a9925a8b2df72805c7bbb2d57931e22f047842e80618d
01_raw_data,출입국통계연보/2018_출입국통계연보/18_1장_Ⅲ_6.국적(지역)별 출입항 항공기 및 승무원.xls,Korea Immigration Service Statistical Yearbook,"Ministry of Justice, Korea Immigration Service",https://www.immigration.go.kr/immigration/1570/subview.do,13948,0159e8fd7a9e6007c54bc6f29ee2f29696fecd9c0f45aa31fb6337396e2cad48
01_raw_data,출입국통계연보/2018_출입국통계연보/18_1장_Ⅳ_1.사증발급인정서 발급 현황.xls,Korea Immigration Service Statistical Yearbook,"Ministry of Justice, Korea Immigration Service",https://www.immigration.go.kr/immigration/1570/subview.do,420352,d10f2fff942957cd6821170b3a2d44c417966049f3450961a91683a59fc0ff79
01_raw_data,출입국통계연보/2018_출입국통계연보/18_1장_Ⅳ_2.고용허가제 사증발급인증서 발급현황.xlsx,Korea Immigration Service Statistical Yearbook,"Ministry of Justice, Korea Immigration Service",https://www.immigration.go.kr/immigration/1570/subview.do,28481,ad3279a5cebfe45bd9776ea41a3cec261e7516182fa46339a715bbd2e92e1641
01_raw_data,출입국통계연보/2018_출입국통계연보/18_2장_Ⅰ_1.국적(지역) 및 체류자격별 체류외국인 현황.xlsx,Korea Immigration Service Statistical Yearbook,"Ministry of Justice, Korea Immigration Service",https://www.immigration.go.kr/immigration/1570/subview.do,93958,527b50e59c4d14486db15b952343e783d6d0779c75441580b30e0a97e235c39f
01_raw_data,출입국통계연보/2018_출입국통계연보/18_2장_Ⅰ_2.국적(지역) 및 연령별 체류외국인 현황.xlsx,Korea Immigration Service Statistical Yearbook,"Ministry of Justice, Korea Immigration Service",https://www.immigration.go.kr/immigration/1570/subview.do,50067,49f56958552fbc07303ff25be990aa8a2a889b068aaaf50dee95ffc0efc65486
01_raw_data,출입국통계연보/2018_출입국통계연보/18_2장_Ⅱ_1.국적(지역) 및 체류자격별 등록외국인 현황.xlsx,Korea Immigration Service Statistical Yearbook,"Ministry of Justice, Korea Immigration Service",https://www.immigration.go.kr/immigration/1570/subview.do,75149,ace3e586dd467e4d60582bfad7483e611fade8025465a75fb736a5d06a7aea7b
01_raw_data,출입국통계연보/2018_출입국통계연보/18_2장_Ⅱ_2.국적(지역) 및 연령별 등록외국인 현황.xlsx,Korea Immigration Service Statistical Yearbook,"Ministry of Justice, Korea Immigration Service",https://www.immigration.go.kr/immigration/1570/subview.do,46768,abf8fa74f15491e17720fb02ec78db7886c454d6bd11d5733c8b77aa5540c975
01_raw_data,출입국통계연보/2018_출입국통계연보/18_2장_Ⅱ_3.시군구별 및 국적(지역)별 등록외국인 현황.xlsx,Korea Immigration Service Statistical Yearbook,"Ministry of Justice, Korea Immigration Service",https://www.immigration.go.kr/immigration/1570/subview.do,579441,25f3eed6eab1be18a8c9ee7b42e37abbc0a99a398e62c70058c1ae87568f721d
01_raw_data,출입국통계연보/2018_출입국통계연보/18_2장_Ⅱ_4.시군구별 및 연령별 등록외국인 현황.xls,Korea Immigration Service Statistical Yearbook,"Ministry of Justice, Korea Immigration Service",https://www.immigration.go.kr/immigration/1570/subview.do,100324,effc6f9b97bb19335daedef08d416b012783bed5ae876ff70e1f3b2eff264132
01_raw_data,출입국통계연보/2018_출입국통계연보/18_2장_Ⅱ_5.시군구별 및 체류자격별 등록외국인 현황.xlsx,Korea Immigration Service Statistical Yearbook,"Ministry of Justice, Korea Immigration Service",https://www.immigration.go.kr/immigration/1570/subview.do,156513,4e0531e155d1090b44c46db75268017f6362941843c1dfe6ae4cde439ad2a34a
01_raw_data,출입국통계연보/2018_출입국통계연보/18_2장_Ⅲ_1.국적(지역) 및 체류자격별 단기체류외국인 현황.xlsx,Korea Immigration Service Statistical Yearbook,"Ministry of Justice, Korea Immigration Service",https://www.immigration.go.kr/immigration/1570/subview.do,81521,3096b03288a1af9bca9d006f54c778c12790279ec8a0bc52a178218804b65221
01_raw_data,출입국통계연보/2018_출입국통계연보/18_2장_Ⅲ_2.국적(지역) 및 연령별 단기체류외국인 현황.xlsx,Korea Immigration Service Statistical Yearbook,"Ministry of Justice, Korea Immigration Service",https://www.immigration.go.kr/immigration/1570/subview.do,46352,c08017e53ee6b4b3c83948a5fc87e41c274495fba7c1c85302dce0baedeb4d53
01_raw_data,출입국통계연보/2018_출입국통계연보/18_2장_Ⅳ.유학생관련 현황.xlsx,Korea Immigration Service Statistical Yearbook,"Ministry of Justice, Korea Immigration Service",https://www.immigration.go.kr/immigration/1570/subview.do,35439,dcc8da607b74a3e7b517b685fc842b926e07df19c4f10ee70d20f23b1daab006
01_raw_data,출입국통계연보/2018_출입국통계연보/18_2장_Ⅴ.체류허가 및 신고수리 현황.xlsx,Korea Immigration Service Statistical Yearbook,"Ministry of Justice, Korea Immigration Service",https://www.immigration.go.kr/immigration/1570/subview.do,14888,57b0d2fa4a3bbef1f23965d23023cc3738a1c3a786130a2ac6cb0f4a22daeafa
01_raw_data,출입국통계연보/2018_출입국통계연보/18_3장_Ⅰ_1.국적(지역)별 결혼이민자 현황.xlsx,Korea Immigration Service Statistical Yearbook,"Ministry of Justice, Korea Immigration Service",https://www.immigration.go.kr/immigration/1570/subview.do,24990,7b96a3ce1f8e5fc3e0e9f3db7f315175c9eb8c2d384cd22af529a5646e48321d
01_raw_data,출입국통계연보/2018_출입국통계연보/18_3장_Ⅰ_2.시군구별 결혼이민자 현황.xlsx,Korea Immigration Service Statistical Yearbook,"Ministry of Justice, Korea Immigration Service",https://www.immigration.go.kr/immigration/1570/subview.do,48591,d106f67c76b98955631cae942d6942e3a3e25aa87d02cb78fb0c366bcc0bb9b9
01_raw_data,출입국통계연보/2018_출입국통계연보/18_4장_Ⅰ_1.국적처리 연도별 추이.xlsx,Korea Immigration Service Statistical Yearbook,"Ministry of Justice, Korea Immigration Service",https://www.immigration.go.kr/immigration/1570/subview.do,12785,6265fe86fb29d0c1e50a9a66a6351c0714b36dbe87d9fed37554d10b28fdd368
01_raw_data,출입국통계연보/2018_출입국통계연보/18_4장_Ⅰ_2.국적처리 국적(지역) 및 취득유형별 현황.xlsx,Korea Immigration Service Statistical Yearbook,"Ministry of Justice, Korea Immigration Service",https://www.immigration.go.kr/immigration/1570/subview.do,18470,a8be8bd9ec7a90c7359848a2573bea682e4ac576d2a3fb52f0d178464a48781b
01_raw_data,출입국통계연보/2018_출입국통계연보/18_4장_Ⅰ_3.국적처리 연령 및 취득유형별.xlsx,Korea Immigration Service Statistical Yearbook,"Ministry of Justice, Korea Immigration Service",https://www.immigration.go.kr/immigration/1570/subview.do,11728,edeb4da45d9d7717518e0d33e9f087e44366da5d485301e7eadb7c99cac52ba2
01_raw_data,출입국통계연보/2018_출입국통계연보/18_4장_Ⅱ_연도별 불허처리현황.xlsx,Korea Immigration Service Statistical Yearbook,"Ministry of Justice, Korea Immigration Service",https://www.immigration.go.kr/immigration/1570/subview.do,11150,1c2d3d290ae652efdb2f9e7f3ee78250be537cd46be4187c7f05af156e55bc3d
01_raw_data,출입국통계연보/2018_출입국통계연보/18_5장_Ⅰ_1.외국적동포거소신고 현황.xlsx,Korea Immigration Service Statistical Yearbook,"Ministry of Justice, Korea Immigration Service",https://www.immigration.go.kr/immigration/1570/subview.do,16279,6a92238a3ba27af1a336f4e407670bf82b5e2837b274288bdef0cf07461931e9
01_raw_data,출입국통계연보/2018_출입국통계연보/18_6장_Ⅰ_1.체류자격별 불법체류외국인 현황.xlsx,Korea Immigration Service Statistical Yearbook,"Ministry of Justice, Korea Immigration Service",https://www.immigration.go.kr/immigration/1570/subview.do,13833,11a57816b3719f73a421c028a0ba506dbb8bee9ba5fed87c6f4de9477ecca7fb
01_raw_data,출입국통계연보/2018_출입국통계연보/18_6장_Ⅰ_2.체류기간별 불법체류외국인 현황.xlsx,Korea Immigration Service Statistical Yearbook,"Ministry of Justice, Korea Immigration Service",https://www.immigration.go.kr/immigration/1570/subview.do,11343,6ede25ab2a2319688dac63b9d5184f59edd38fb2d3b47605eec7d14fe013714e
01_raw_data,출입국통계연보/2018_출입국통계연보/18_7장_Ⅰ_.위반자처리현황.xlsx,Korea Immigration Service Statistical Yearbook,"Ministry of Justice, Korea Immigration Service",https://www.immigration.go.kr/immigration/1570/subview.do,10485,f67331109f51a895d5a8b682915f8d81e24570ce4d14c4cc33928ac997cb73ae
01_raw_data,출입국통계연보/2019_출입국통계연보/01.국적(지역) 및 항구별 내외국인 입국자.xlsx,Korea Immigration Service Statistical Yearbook,"Ministry of Justice, Korea Immigration Service",https://www.immigration.go.kr/immigration/1570/subview.do,53419,7464014cd78ff5ed9d5b4082a12220cfb1cc29862b3a8d38215617012574c761
01_raw_data,출입국통계연보/2019_출입국통계연보/02.국적(지역) 및 항구별 내외국인 출국자.xlsx,Korea Immigration Service Statistical Yearbook,"Ministry of Justice, Korea Immigration Service",https://www.immigration.go.kr/immigration/1570/subview.do,54620,f4d10ea0427dce764a7222b05605b4537f0b760afa8419fb4d97eac400862185
01_raw_data,출입국통계연보/2019_출입국통계연보/03.국적(지역) 및 체류자격별 외국인 입국자.xlsx,Korea Immigration Service Statistical Yearbook,"Ministry of Justice, Korea Immigration Service",https://www.immigration.go.kr/immigration/1570/subview.do,64273,cf061de0682e075a10d0673e538be4b776d34e947768969a5cf89cb0c3909aaf
01_raw_data,출입국통계연보/2019_출입국통계연보/04.국적(지역) 및 월별 외국인 입국자.xlsx,Korea Immigration Service Statistical Yearbook,"Ministry of Justice, Korea Immigration Service",https://www.immigration.go.kr/immigration/1570/subview.do,54035,d353dea877ff7ed1cda41d7992fe0cea0bfe8402aabc65e5293ee06e55a5c359
01_raw_data,출입국통계연보/2019_출입국통계연보/05.국적(지역) 및 연령별 외국인 입국자(승무원제외).xlsx,Korea Immigration Service Statistical Yearbook,"Ministry of Justice, Korea Immigration Service",https://www.immigration.go.kr/immigration/1570/subview.do,60100,9761ef41a305841580d64ac190e1d02d7eb9dd64cf6cfb629fd9554801b7f26e
01_raw_data,출입국통계연보/2019_출입국통계연보/06.국적(지역) 및 체류기간별 외국인 출국자(승무원제외).xlsx,Korea Immigration Service Statistical Yearbook,"Ministry of Justice, Korea Immigration Service",https://www.immigration.go.kr/immigration/1570/subview.do,57603,f3607ca499e5518a3fd9a78cf3161411fb0f342912917f212d47c997a0e07dc9
01_raw_data,출입국통계연보/2019_출입국통계연보/07.항구별 상륙허가자.xlsx,Korea Immigration Service Statistical Yearbook,"Ministry of Justice, Korea Immigration Service",https://www.immigration.go.kr/immigration/1570/subview.do,11591,6ba7d7301e9dc2bc2497f060330d5591dd8c794aba4423aefb3a27da3ce1f9c4
01_raw_data,출입국통계연보/2019_출입국통계연보/08.국적(지역)별 상륙허가자.xlsx,Korea Immigration Service Statistical Yearbook,"Ministry of Justice, Korea Immigration Service",https://www.immigration.go.kr/immigration/1570/subview.do,18808,0cd82aaff3b8d4f42128e20f7c96a0e3c3ab4a64163097045899e53babb7b95a
01_raw_data,출입국통계연보/2019_출입국통계연보/09.항구별 출입항 선박 및 선원.xlsx,Korea Immigration Service Statistical Yearbook,"Ministry of Justice, Korea Immigration Service",https://www.immigration.go.kr/immigration/1570/subview.do,11741,90586034c5d9edf5b3cc4e86bef9a77534b4b1dc15f1961186ca0ecbbee2ad3a
01_raw_data,출입국통계연보/2019_출입국통계연보/10.공항별 출입항 항공기 및 승무원.xlsx,Korea Immigration Service Statistical Yearbook,"Ministry of Justice, Korea Immigration Service",https://www.immigration.go.kr/immigration/1570/subview.do,11095,bc9206e028df9e361ede49e52c8a5b083a998f15627078872c3c2ec4f434f678
01_raw_data,출입국통계연보/2019_출입국통계연보/11.국적(지역)별 출입항 선박 및 선원.xlsx,Korea Immigration Service Statistical Yearbook,"Ministry of Justice, Korea Immigration Service",https://www.immigration.go.kr/immigration/1570/subview.do,18881,c75de8ed8698f4b41a8145edb1c6d3bb9969a5f49f22fa91c97068524af834f7
01_raw_data,출입국통계연보/2019_출입국통계연보/12.국적(지역)별 출입항 항공기 및 승무원.xlsx,Korea Immigration Service Statistical Yearbook,"Ministry of Justice, Korea Immigration Service",https://www.immigration.go.kr/immigration/1570/subview.do,16147,01abaa393ddb29f5ae5fd44069294bc7b7008a7631da0f0a93dec2965d35f67a
01_raw_data,출입국통계연보/2019_출입국통계연보/13.비자발급인정서 발급 현황.xlsx,Korea Immigration Service Statistical Yearbook,"Ministry of Justice, Korea Immigration Service",https://www.immigration.go.kr/immigration/1570/subview.do,43349,29cab530e29bc9f5e8a3369f3aa1c61603fa46fd574b55a3455a525f99f482dd
01_raw_data,출입국통계연보/2019_출입국통계연보/14.고용허가제 비자발급인정서 발급 현황.xlsx,Korea Immigration Service Statistical Yearbook,"Ministry of Justice, Korea Immigration Service",https://www.immigration.go.kr/immigration/1570/subview.do,12213,ed782212f8260eebfda1b16f3eb226b1bd54fd00c4ac42ebec1344954de3b22c
01_raw_data,출입국통계연보/2019_출입국통계연보/15.국적(지역) 및 체류자격별 체류외국인 현황.xlsx,Korea Immigration Service Statistical Yearbook,"Ministry of Justice, Korea Immigration Service",https://www.immigration.go.kr/immigration/1570/subview.do,59086,e8a0c4275460437ad6786bf4a763c2387f5cfcb39bb6a6a14683f5fb1962c430
01_raw_data,출입국통계연보/2019_출입국통계연보/16.국적(지역) 및 연령별 체류외국인 현황.xlsx,Korea Immigration Service Statistical Yearbook,"Ministry of Justice, Korea Immigration Service",https://www.immigration.go.kr/immigration/1570/subview.do,47589,0245865f09441b6b5e51e19afdb01230acd2dd777564bccfa2cae672251df601
01_raw_data,출입국통계연보/2019_출입국통계연보/17.국적(지역) 및 체류자격별 등록외국인 현황.xlsx,Korea Immigration Service Statistical Yearbook,"Ministry of Justice, Korea Immigration Service",https://www.immigration.go.kr/immigration/1570/subview.do,48747,0b86f4b9dfde4877746ff167f7bcbeebee2b8a585f794eb48a7f8dab92ee6598
01_raw_data,출입국통계연보/2019_출입국통계연보/18.국적(지역) 및 연령별 등록외국인 현황.xlsx,Korea Immigration Service Statistical Yearbook,"Ministry of Justice, Korea Immigration Service",https://www.immigration.go.kr/immigration/1570/subview.do,43054,3dab368f984faaf08d0e17e7a1858b9b02c93b760f5534ba095a5273a9bfa312
01_raw_data,출입국통계연보/2019_출입국통계연보/19.시군구별 및 국적(지역)별 등록외국인 현황.xlsx,Korea Immigration Service Statistical Yearbook,"Ministry of Justice, Korea Immigration Service",https://www.immigration.go.kr/immigration/1570/subview.do,171762,28edb10075a08835470a5e31534c69568e774c841f3017b7d24665e31d6f4aa7
01_raw_data,출입국통계연보/2019_출입국통계연보/19_4장_Ⅰ_1.국적처리 연도별 추이.xlsx,Korea Immigration Service Statistical Yearbook,"Ministry of Justice, Korea Immigration Service",https://www.immigration.go.kr/immigration/1570/subview.do,10621,474540e603c876591d5c94a68b9e6d7e385507d609f578e8870bb052361ee300
01_raw_data,출입국통계연보/2019_출입국통계연보/19_4장_Ⅰ_2.국적처리 국적(지역) 및 취득유형별 현황.xlsx,Korea Immigration Service Statistical Yearbook,"Ministry of Justice, Korea Immigration Service",https://www.immigration.go.kr/immigration/1570/subview.do,15183,df9cb25a029fad53492976b61255b887a8358cf2530f6df40e3bde155da55284
01_raw_data,출입국통계연보/2019_출입국통계연보/19_4장_Ⅰ_3.국적처리 연령 및 취득유형별.xlsx,Korea Immigration Service Statistical Yearbook,"Ministry of Justice, Korea Immigration Service",https://www.immigration.go.kr/immigration/1570/subview.do,10632,1a76331c995dc7072ac2afe68d2ef62597d428ca369e6acf004a6478b9bec959
01_raw_data,출입국통계연보/2019_출입국통계연보/19_4장_Ⅱ_연도별 불허처리현황.xlsx,Korea Immigration Service Statistical Yearbook,"Ministry of Justice, Korea Immigration Service",https://www.immigration.go.kr/immigration/1570/subview.do,10421,f446299ccac81f814cbce81c1f64d98ee0d28cd1625ef9a74a71f610eaf1b5df
01_raw_data,출입국통계연보/2019_출입국통계연보/19_7장_Ⅰ_.위반자처리현황.xlsx,Korea Immigration Service Statistical Yearbook,"Ministry of Justice, Korea Immigration Service",https://www.immigration.go.kr/immigration/1570/subview.do,11796,3e3b3fde9205b586e249eead01e6966b2f52c843b591600be44f785f4f129d2f
01_raw_data,출입국통계연보/2019_출입국통계연보/20.시군구별 및 연령별 등록외국인 현황.xlsx,Korea Immigration Service Statistical Yearbook,"Ministry of Justice, Korea Immigration Service",https://www.immigration.go.kr/immigration/1570/subview.do,77117,8be5ca06282621fe75fe46671ffba8ea8440085dd6c5323c53b4cfba161d7035
01_raw_data,출입국통계연보/2019_출입국통계연보/21.시군구별 체류자격별 등록외국인 현황.xlsx,Korea Immigration Service Statistical Yearbook,"Ministry of Justice, Korea Immigration Service",https://www.immigration.go.kr/immigration/1570/subview.do,85263,a2a3900f237cbb944b75c080251c94beaff14135451edec986c58b4c4c9c59d0
01_raw_data,출입국통계연보/2019_출입국통계연보/22.국적(지역) 및 체류자격별 단기체류외국인 현황.xlsx,Korea Immigration Service Statistical Yearbook,"Ministry of Justice, Korea Immigration Service",https://www.immigration.go.kr/immigration/1570/subview.do,39744,9bf42607f7bddab2b6d791643bd264bc192ed005df70212c19face10c16dddca
01_raw_data,출입국통계연보/2019_출입국통계연보/23.국적(지역) 및 연령별 단기체류외국인 현황.xlsx,Korea Immigration Service Statistical Yearbook,"Ministry of Justice, Korea Immigration Service",https://www.immigration.go.kr/immigration/1570/subview.do,41702,843536e181a1682bdc49c1997edb90e278d2eb427d43c24d9d2ab2aa4c722fc2
01_raw_data,출입국통계연보/2019_출입국통계연보/24.유학생관련 현황.xlsx,Korea Immigration Service Statistical Yearbook,"Ministry of Justice, Korea Immigration Service",https://www.immigration.go.kr/immigration/1570/subview.do,33038,dd3ea84edb61c7be41f1a83a9ed2906068654ec481eeafdc0a10c957a7160d29
01_raw_data,출입국통계연보/2019_출입국통계연보/25.체류허가 및 신고현황.xlsx,Korea Immigration Service Statistical Yearbook,"Ministry of Justice, Korea Immigration Service",https://www.immigration.go.kr/immigration/1570/subview.do,14654,280dbe6eb7b5f59f224667738cd1c0c0a883ee93f0c30ec9fb319e8675a95bba
01_raw_data,출입국통계연보/2019_출입국통계연보/26.국적(지역별) 결혼이민자 현황.xlsx,Korea Immigration Service Statistical Yearbook,"Ministry of Justice, Korea Immigration Service",https://www.immigration.go.kr/immigration/1570/subview.do,24774,b209ff68536fb96f3e35459b8ca428b8220efbb0439c21198c222c0f52b7254d
01_raw_data,출입국통계연보/2019_출입국통계연보/27.시군구별 국적(지역)별 등록외국인 현황.xlsx,Korea Immigration Service Statistical Yearbook,"Ministry of Justice, Korea Immigration Service",https://www.immigration.go.kr/immigration/1570/subview.do,42037,a73d5ede64b98eb4f4d1d0a0d8c9434ff83b253ea381b1173baf7bc53f263bbd
01_raw_data,출입국통계연보/2019_출입국통계연보/32.외국국적동포거소신고 현황.xlsx,Korea Immigration Service Statistical Yearbook,"Ministry of Justice, Korea Immigration Service",https://www.immigration.go.kr/immigration/1570/subview.do,15167,83b681c7fb68cea0f120a73efadb2c3c0c961da3d6eb3c79104e91682aa9cb90
01_raw_data,출입국통계연보/2019_출입국통계연보/33.체류자격별 불법체류외국인 현황.xlsx,Korea Immigration Service Statistical Yearbook,"Ministry of Justice, Korea Immigration Service",https://www.immigration.go.kr/immigration/1570/subview.do,13745,992966491f0629fa4ab593f0ab66f59c9e9dc52ae654344b9e1d299f377cd504
01_raw_data,출입국통계연보/2019_출입국통계연보/34.체류기간별 불법체류외국인 현황.xlsx,Korea Immigration Service Statistical Yearbook,"Ministry of Justice, Korea Immigration Service",https://www.immigration.go.kr/immigration/1570/subview.do,12213,7fd6afc7a0aab8af7627a79ac47235d01461668121cc8982ba706efc6c9adae5
01_raw_data,출입국통계연보/2020_출입국통계연보/2020_1장_Ⅰ_1.국적(지역) 및 항구별 내외국인 입국자.xlsx,Korea Immigration Service Statistical Yearbook,"Ministry of Justice, Korea Immigration Service",https://www.immigration.go.kr/immigration/1570/subview.do,94305,6ecb00c044b1d88e77245e0a4503207ffac361818e5cbabe4c875d0db40fd4f6
01_raw_data,출입국통계연보/2020_출입국통계연보/2020_1장_Ⅰ_2.국적(지역) 및 항구별 내외국인 출국자.xlsx,Korea Immigration Service Statistical Yearbook,"Ministry of Justice, Korea Immigration Service",https://www.immigration.go.kr/immigration/1570/subview.do,93373,85bf1023f3c91ab0c463c9bdbcd7969ec7c3f413b0cd3a471ec1ea05cc4d0557
01_raw_data,출입국통계연보/2020_출입국통계연보/2020_1장_Ⅱ_1.국적(지역) 및 체류자격별 외국인 입국자.xlsx,Korea Immigration Service Statistical Yearbook,"Ministry of Justice, Korea Immigration Service",https://www.immigration.go.kr/immigration/1570/subview.do,116461,6949194b65f72726e0a7ea7a1805f0a50c589e981632ddf4c5e5725556fee320
01_raw_data,출입국통계연보/2020_출입국통계연보/2020_1장_Ⅱ_2.국적(지역) 및 월별 외국인 입국자.xlsx,Korea Immigration Service Statistical Yearbook,"Ministry of Justice, Korea Immigration Service",https://www.immigration.go.kr/immigration/1570/subview.do,61538,c2c901fccc67d699509585d61951cb605a7489c8e61add908f15435b292291c8
01_raw_data,출입국통계연보/2020_출입국통계연보/2020_1장_Ⅱ_3.국적(지역) 및 연령별 외국인 입국자(승무원 제외).xlsx,Korea Immigration Service Statistical Yearbook,"Ministry of Justice, Korea Immigration Service",https://www.immigration.go.kr/immigration/1570/subview.do,73198,af63362e61d7d113dbc08eeb6f93ba8a6e18220e48d8bfeda665957c8a78b82d
01_raw_data,출입국통계연보/2020_출입국통계연보/2020_1장_Ⅱ_4.국적(지역) 및 체류기간별 외국인 출국자(승무원 제외).xlsx,Korea Immigration Service Statistical Yearbook,"Ministry of Justice, Korea Immigration Service",https://www.immigration.go.kr/immigration/1570/subview.do,63041,1e88cae2c967d6065a2d07936e05c2154b527b89c3c8d6e3b1fcb9673332406e
01_raw_data,출입국통계연보/2020_출입국통계연보/2020_1장_Ⅲ_1.항구별 상륙허가자.xlsx,Korea Immigration Service Statistical Yearbook,"Ministry of Justice, Korea Immigration Service",https://www.immigration.go.kr/immigration/1570/subview.do,11184,f46a82645e3bec91ca8f56a2acf390827e54670224593034b4a795085b4e92f2
01_raw_data,출입국통계연보/2020_출입국통계연보/2020_1장_Ⅲ_2.국적(지역)별 상륙허가자.xlsx,Korea Immigration Service Statistical Yearbook,"Ministry of Justice, Korea Immigration Service",https://www.immigration.go.kr/immigration/1570/subview.do,19109,49338c4176a13dd6880129b632138c5e5d4663864e6a8f0f615181905fbf07ab
01_raw_data,출입국통계연보/2020_출입국통계연보/2020_1장_Ⅲ_3.항구별 출입항 선박 및 선원.xlsx,Korea Immigration Service Statistical Yearbook,"Ministry of Justice, Korea Immigration Service",https://www.immigration.go.kr/immigration/1570/subview.do,12002,62922af604aca29cc1a796338a35e77be5f24d6c76a0a7ba443aa7b657cbc923
01_raw_data,출입국통계연보/2020_출입국통계연보/2020_1장_Ⅲ_4.공항별 출입항 항공기 및 승무원.xlsx,Korea Immigration Service Statistical Yearbook,"Ministry of Justice, Korea Immigration Service",https://www.immigration.go.kr/immigration/1570/subview.do,10563,3018542f5cd2cac0251c31dca4caef79e2faf9eca310b1d4f2bf4bfa76be1f6f
01_raw_data,출입국통계연보/2020_출입국통계연보/2020_1장_Ⅲ_5.국적(지역)별 출입항 선박 및 선원.xlsx,Korea Immigration Service Statistical Yearbook,"Ministry of Justice, Korea Immigration Service",https://www.immigration.go.kr/immigration/1570/subview.do,19016,852aa6cfcf0c5baf6107f05c439260936f7a3154999a2e5069ccbaa6487a3b4b
01_raw_data,출입국통계연보/2020_출입국통계연보/2020_1장_Ⅲ_6.국적(지역)별 출입항 항공기 및 승무원.xlsx,Korea Immigration Service Statistical Yearbook,"Ministry of Justice, Korea Immigration Service",https://www.immigration.go.kr/immigration/1570/subview.do,14665,a72108279cddba143e9575fbcbddddcd73048d6956b2637af0a355431feb4148
01_raw_data,출입국통계연보/2020_출입국통계연보/2020_1장_Ⅳ_1.사증발급인정서 발급 현황.xlsx,Korea Immigration Service Statistical Yearbook,"Ministry of Justice, Korea Immigration Service",https://www.immigration.go.kr/immigration/1570/subview.do,110965,3ead4ba9b07e98eb7451bfc07c25af4bc4d822c56601b32938dcfc17ff40a30d
01_raw_data,출입국통계연보/2020_출입국통계연보/2020_1장_Ⅳ_2.고용허가제 사증발급인증서 발급현황.xlsx,Korea Immigration Service Statistical Yearbook,"Ministry of Justice, Korea Immigration Service",https://www.immigration.go.kr/immigration/1570/subview.do,13851,e24d88e9fb89f751c6f67acaffba8ac8eb7f1c974ee2b5944d7671e7652dd5e4
01_raw_data,출입국통계연보/2020_출입국통계연보/2020_2장_Ⅰ_1.국적(지역) 및 체류자격별 체류외국인 현황.xlsx,Korea Immigration Service Statistical Yearbook,"Ministry of Justice, Korea Immigration Service",https://www.immigration.go.kr/immigration/1570/subview.do,73309,74d83fbed326724ace0629caa2af9e7c1f3299863f66daba5790eda9f4522e24
01_raw_data,출입국통계연보/2020_출입국통계연보/2020_2장_Ⅰ_2.국적(지역) 및 연령별 체류외국인 현황.xlsx,Korea Immigration Service Statistical Yearbook,"Ministry of Justice, Korea Immigration Service",https://www.immigration.go.kr/immigration/1570/subview.do,55427,f90c970f1f633166b626bc41061cbee88b7d9a65231de8d78773b35114e150f8
01_raw_data,출입국통계연보/2020_출입국통계연보/2020_2장_Ⅱ_1.국적(지역) 및 체류자격별 등록외국인 현황.xlsx,Korea Immigration Service Statistical Yearbook,"Ministry of Justice, Korea Immigration Service",https://www.immigration.go.kr/immigration/1570/subview.do,58902,eb870f9928e541ef3b9fa4c4deac57f4d7f9370de99bfd54ff1b15c699165155
01_raw_data,출입국통계연보/2020_출입국통계연보/2020_2장_Ⅱ_2.국적(지역) 및 연령별 등록외국인 현황.xlsx,Korea Immigration Service Statistical Yearbook,"Ministry of Justice, Korea Immigration Service",https://www.immigration.go.kr/immigration/1570/subview.do,51723,99b5aeae96ceee3d121662e3372caf82b905764735d40765c4a6fd9592c16be7
01_raw_data,출입국통계연보/2020_출입국통계연보/2020_2장_Ⅱ_3.시군구별 및 국적(지역)별 등록외국인 현황.xlsx,Korea Immigration Service Statistical Yearbook,"Ministry of Justice, Korea Immigration Service",https://www.immigration.go.kr/immigration/1570/subview.do,566605,6dfdea549280782d6271b277dcaf0d3c267e3f30d684b5cbd917f2c5a9598905
01_raw_data,출입국통계연보/2020_출입국통계연보/2020_2장_Ⅱ_4.시군구별 및 연령별 등록외국인 현황.xlsx,Korea Immigration Service Statistical Yearbook,"Ministry of Justice, Korea Immigration Service",https://www.immigration.go.kr/immigration/1570/subview.do,98440,ac116e4d9f28b21ea32d0afde834e14aa33920add45c5bc805412344a63244c3
01_raw_data,출입국통계연보/2020_출입국통계연보/2020_2장_Ⅱ_5.시군구별 및 체류자격별 등록외국인 현황.xlsx,Korea Immigration Service Statistical Yearbook,"Ministry of Justice, Korea Immigration Service",https://www.immigration.go.kr/immigration/1570/subview.do,109722,00ead012eb28d3f81b8430ca9f17bc08ad85de80fe7f016a1d58635bfe1c2a2f
01_raw_data,출입국통계연보/2020_출입국통계연보/2020_2장_Ⅲ_1.국적(지역) 및 체류자격별 단기체류외국인 현황.xlsx,Korea Immigration Service Statistical Yearbook,"Ministry of Justice, Korea Immigration Service",https://www.immigration.go.kr/immigration/1570/subview.do,45639,3096c017c2ff36f161ef6c9c70c8d4f2c12f3fa490ef1ca99e7005fca2d4c5ef
01_raw_data,출입국통계연보/2020_출입국통계연보/2020_2장_Ⅲ_2.국적(지역) 및 연령별 단기체류외국인 현황.xlsx,Korea Immigration Service Statistical Yearbook,"Ministry of Justice, Korea Immigration Service",https://www.immigration.go.kr/immigration/1570/subview.do,46744,d214bab63ad328335b23cf9e722e330022facbf172d5209569e7ebe6d781f2e9
01_raw_data,출입국통계연보/2020_출입국통계연보/2020_2장_Ⅳ.유학생관련 현황.xlsx,Korea Immigration Service Statistical Yearbook,"Ministry of Justice, Korea Immigration Service",https://www.immigration.go.kr/immigration/1570/subview.do,39623,a14b169614ad6b7cec3db008c66db25d467a26c4077ae2571295111dfdc12cdc
01_raw_data,출입국통계연보/2020_출입국통계연보/2020_2장_Ⅴ.체류허가 및 신고수리 현황.xlsx,Korea Immigration Service Statistical Yearbook,"Ministry of Justice, Korea Immigration Service",https://www.immigration.go.kr/immigration/1570/subview.do,16310,5c5fcf675f7694ae2ca08bc55c063a6c61ed2dd795ecc53c0b7195a62e67df25
01_raw_data,출입국통계연보/2020_출입국통계연보/2020_3장_Ⅰ_1.국적(지역)별 결혼이민자 현황.xlsx,Korea Immigration Service Statistical Yearbook,"Ministry of Justice, Korea Immigration Service",https://www.immigration.go.kr/immigration/1570/subview.do,27803,16f6fc5c3d543bde18ba59fe522b114e0e91807e798c432a7b3d0d44ca70ef25
01_raw_data,출입국통계연보/2020_출입국통계연보/2020_3장_Ⅰ_2.시군구별 결혼이민자 현황.xlsx,Korea Immigration Service Statistical Yearbook,"Ministry of Justice, Korea Immigration Service",https://www.immigration.go.kr/immigration/1570/subview.do,48129,be7c940fb82b41438642e3d63979092b8797ba63271dfc7ebb0487d079eaa5c3
01_raw_data,출입국통계연보/2020_출입국통계연보/2020_4장_Ⅰ_1.국적처리 연도별 추이.xlsx,Korea Immigration Service Statistical Yearbook,"Ministry of Justice, Korea Immigration Service",https://www.immigration.go.kr/immigration/1570/subview.do,10722,37ff9d221900f154f5a2cf6a1414f2f334d62101eb9d80c61d84208e9a4a65c0
01_raw_data,출입국통계연보/2020_출입국통계연보/2020_4장_Ⅰ_2.국적처리 국적(지역) 및 취득유형별 현황.xlsx,Korea Immigration Service Statistical Yearbook,"Ministry of Justice, Korea Immigration Service",https://www.immigration.go.kr/immigration/1570/subview.do,15839,841d773b57eff9ef133b0c581d19fc9caa5f81ab9a09279a5f997c76dcedb096
01_raw_data,출입국통계연보/2020_출입국통계연보/2020_4장_Ⅰ_3.국적처리 연령 및 취득유형별.xlsx,Korea Immigration Service Statistical Yearbook,"Ministry of Justice, Korea Immigration Service",https://www.immigration.go.kr/immigration/1570/subview.do,10777,283b2a6f2015ae2fb95eb185681e0483b99a7c2e81ca70de64e724db71b81a6f
01_raw_data,출입국통계연보/2020_출입국통계연보/2020_4장_Ⅱ_연도별 불허처리현황.xlsx,Korea Immigration Service Statistical Yearbook,"Ministry of Justice, Korea Immigration Service",https://www.immigration.go.kr/immigration/1570/subview.do,10574,ad18942603a377e5c83814cde35b1b0c77d8eabed61d011a80b77a74b4b9e72e
01_raw_data,출입국통계연보/2020_출입국통계연보/2020_5장_Ⅰ_1.외국적동포거소신고 현황.xlsx,Korea Immigration Service Statistical Yearbook,"Ministry of Justice, Korea Immigration Service",https://www.immigration.go.kr/immigration/1570/subview.do,18769,8041e15207d8e725415a68e0724e81590aae4791ed7b680ad8fd524a41a09220
01_raw_data,출입국통계연보/2020_출입국통계연보/2020_6장_Ⅰ_1.체류자격별 불법체류외국인 현황.xlsx,Korea Immigration Service Statistical Yearbook,"Ministry of Justice, Korea Immigration Service",https://www.immigration.go.kr/immigration/1570/subview.do,14345,087328b254b0d361a28423b5ecb613c9fe64764964fbea40d6697354f64bc987
01_raw_data,출입국통계연보/2020_출입국통계연보/2020_6장_Ⅰ_2.체류기간별 불법체류외국인 현황.xlsx,Korea Immigration Service Statistical Yearbook,"Ministry of Justice, Korea Immigration Service",https://www.immigration.go.kr/immigration/1570/subview.do,13528,5545f26177cbc6e62793e9ecc6c0e75c2e68a20975ceca0bc8e4db6329a8a228
01_raw_data,출입국통계연보/2020_출입국통계연보/2020_7장_Ⅰ_.위반자처리현황.xlsx,Korea Immigration Service Statistical Yearbook,"Ministry of Justice, Korea Immigration Service",https://www.immigration.go.kr/immigration/1570/subview.do,13270,775f918089c22f831309e3e2fefe6baf9a086e6ae5712ebd4916f63ce835e6b3
01_raw_data,출입국통계연보/2021_출입국통계연보/2021_1장_Ⅰ_1.국적(지역) 및 항구별 내외국인 입국자.xlsx,Korea Immigration Service Statistical Yearbook,"Ministry of Justice, Korea Immigration Service",https://www.immigration.go.kr/immigration/1570/subview.do,87726,0c1e90aec0f99338c8a0d582613b4225d01ea5274f09fb501b398ad2ee030e10
01_raw_data,출입국통계연보/2021_출입국통계연보/2021_1장_Ⅰ_2.국적(지역) 및 항구별 내외국인 출국자.xlsx,Korea Immigration Service Statistical Yearbook,"Ministry of Justice, Korea Immigration Service",https://www.immigration.go.kr/immigration/1570/subview.do,163036,c7bb3bd8c8d3b3e6b9d17b0accffb15450a703a8a45798e66a08161261eb4c21
01_raw_data,출입국통계연보/2021_출입국통계연보/2021_1장_Ⅱ_1.국적(지역) 및 체류자격별 외국인 입국자.xlsx,Korea Immigration Service Statistical Yearbook,"Ministry of Justice, Korea Immigration Service",https://www.immigration.go.kr/immigration/1570/subview.do,115098,0a29a686b3258924b832159da0d1d7309ff965c9c81bbbc3f54839d141bd2aaf
01_raw_data,출입국통계연보/2021_출입국통계연보/2021_1장_Ⅱ_2.국적(지역) 및 월별 외국인 입국자.xlsx,Korea Immigration Service Statistical Yearbook,"Ministry of Justice, Korea Immigration Service",https://www.immigration.go.kr/immigration/1570/subview.do,60947,ad704fe03a943f9f36a133805d328cf1b653da2c9cdf876b30189514a15c4644
01_raw_data,출입국통계연보/2021_출입국통계연보/2021_1장_Ⅱ_3.국적(지역) 및 연령별 외국인 입국자(승무원 제외).xlsx,Korea Immigration Service Statistical Yearbook,"Ministry of Justice, Korea Immigration Service",https://www.immigration.go.kr/immigration/1570/subview.do,71828,f76eb10f744472274fd87aeb3bb28bcd07030fdc3013cfcb0e3686da81dbe5ae
01_raw_data,출입국통계연보/2021_출입국통계연보/2021_1장_Ⅱ_4.국적(지역) 및 체류기간별 외국인 출국자(승무원 제외).xlsx,Korea Immigration Service Statistical Yearbook,"Ministry of Justice, Korea Immigration Service",https://www.immigration.go.kr/immigration/1570/subview.do,71324,90dbfcf5fd8f3a86d8a3cbfb0265e288401489d211ac7e1774a3d8f07067d75e
01_raw_data,출입국통계연보/2021_출입국통계연보/2021_1장_Ⅲ_1.항구별_상륙허가자.xlsx,Korea Immigration Service Statistical Yearbook,"Ministry of Justice, Korea Immigration Service",https://www.immigration.go.kr/immigration/1570/subview.do,11607,e51f5871ede194e99de9e9a0052f5c45f5e39762babaa703194d58c21c59f993
01_raw_data,출입국통계연보/2021_출입국통계연보/2021_1장_Ⅲ_2.국적(지역)별_상륙허가자.xlsx,Korea Immigration Service Statistical Yearbook,"Ministry of Justice, Korea Immigration Service",https://www.immigration.go.kr/immigration/1570/subview.do,19545,a3b4cd77aabd47f707096ecc0c242ce714901c710e673fc4883b9de0747c3de0
01_raw_data,출입국통계연보/2021_출입국통계연보/2021_1장_Ⅲ_3.항구별 출입항 선박 및 선원.xlsx,Korea Immigration Service Statistical Yearbook,"Ministry of Justice, Korea Immigration Service",https://www.immigration.go.kr/immigration/1570/subview.do,12927,163a0eb69b3adb8350dc0c3144a559f7ebeeeccbaf72259dc058abc9ec1f79c3
01_raw_data,출입국통계연보/2021_출입국통계연보/2021_1장_Ⅲ_4.공항별 출입항 항공기 및 승무원.xlsx,Korea Immigration Service Statistical Yearbook,"Ministry of Justice, Korea Immigration Service",https://www.immigration.go.kr/immigration/1570/subview.do,10718,3d00d1a9570c9d1c765246b4577af4c893a895b4859675717fcdd1e2ffadaf1e
01_raw_data,출입국통계연보/2021_출입국통계연보/2021_1장_Ⅲ_5.국적(지역)별 출입항 선박 및 선원.xlsx,Korea Immigration Service Statistical Yearbook,"Ministry of Justice, Korea Immigration Service",https://www.immigration.go.kr/immigration/1570/subview.do,21437,dd56ae5c52ef6f323668d5bfd2a58909ddf000dec8a647d1a7d2d95996f35e1d
01_raw_data,출입국통계연보/2021_출입국통계연보/2021_1장_Ⅲ_6.국적(지역)별 출입항 항공기 및 승무원.xlsx,Korea Immigration Service Statistical Yearbook,"Ministry of Justice, Korea Immigration Service",https://www.immigration.go.kr/immigration/1570/subview.do,16314,2ec8c47af8adf0053f982a14ffe6d786de4848518e91b94471158b01067bf924
01_raw_data,출입국통계연보/2021_출입국통계연보/2021_1장_Ⅳ_1.사증발급인정서 발급 현황.xlsx,Korea Immigration Service Statistical Yearbook,"Ministry of Justice, Korea Immigration Service",https://www.immigration.go.kr/immigration/1570/subview.do,106952,087bc72ad21268225ed0b2de1d7f2734f626d8bd71bef64d1c7e67b1d222096f
01_raw_data,출입국통계연보/2021_출입국통계연보/2021_1장_Ⅳ_2.고용허가제_사증발급인증서_발급현황.xlsx,Korea Immigration Service Statistical Yearbook,"Ministry of Justice, Korea Immigration Service",https://www.immigration.go.kr/immigration/1570/subview.do,13289,1242b78b1fe750f33c6fdfe9d036de6576be04ae1f6b2dc164ec3fb994d79a82
01_raw_data,출입국통계연보/2021_출입국통계연보/2021_2장_Ⅰ_1.국적(지역) 및 체류자격별 체류외국인 현황.xlsx,Korea Immigration Service Statistical Yearbook,"Ministry of Justice, Korea Immigration Service",https://www.immigration.go.kr/immigration/1570/subview.do,121972,3fcb5a95c2a609007c2c78a29e8d02409e247ab1ddaa17bdb77c95733d2755ab
01_raw_data,출입국통계연보/2021_출입국통계연보/2021_2장_Ⅰ_2.국적(지역) 및 연령별 체류외국인 현황.xlsx,Korea Immigration Service Statistical Yearbook,"Ministry of Justice, Korea Immigration Service",https://www.immigration.go.kr/immigration/1570/subview.do,64305,01cb03c70930b3e90845c686f6dcb2c8dd869489c45ab190028bcac8618d187e
01_raw_data,출입국통계연보/2021_출입국통계연보/2021_2장_Ⅱ_1.국적(지역) 및 체류자격별 등록외국인 현황.xlsx,Korea Immigration Service Statistical Yearbook,"Ministry of Justice, Korea Immigration Service",https://www.immigration.go.kr/immigration/1570/subview.do,93184,ed026d140a9377414d2f1f606e8a9c2b836567b71b93fe2df9719baa37305c01
01_raw_data,출입국통계연보/2021_출입국통계연보/2021_2장_Ⅱ_2.국적(지역)_및_연령별_등록외국인_현황.xlsx,Korea Immigration Service Statistical Yearbook,"Ministry of Justice, Korea Immigration Service",https://www.immigration.go.kr/immigration/1570/subview.do,60177,448bdfb7f170bbfe6bfa8960e5a4c361ad0ec46d86791ce8311647a63ce1ea86
01_raw_data,출입국통계연보/2021_출입국통계연보/2021_2장_Ⅱ_3.시군구별 및 국적(지역)별 등록외국인 현황.xlsx,Korea Immigration Service Statistical Yearbook,"Ministry of Justice, Korea Immigration Service",https://www.immigration.go.kr/immigration/1570/subview.do,571220,dd9953984f0f18725eec21df694e238b1ce4cd9e1a6e772870ca31de5e8f5493
01_raw_data,출입국통계연보/2021_출입국통계연보/2021_2장_Ⅱ_4.시군구별_및_연령별_등록외국인_현황.xlsx,Korea Immigration Service Statistical Yearbook,"Ministry of Justice, Korea Immigration Service",https://www.immigration.go.kr/immigration/1570/subview.do,191968,91daab75bd4b23d4fb30f7bd3bedd91c33b5f3a30c859354899a80ec036ef711
01_raw_data,출입국통계연보/2021_출입국통계연보/2021_2장_Ⅱ_5.시군구별_및_체류자격별_등록외국인_현황.xlsx,Korea Immigration Service Statistical Yearbook,"Ministry of Justice, Korea Immigration Service",https://www.immigration.go.kr/immigration/1570/subview.do,142258,1f9e91310eca21d0efd240bc114e9474883c80182c903f18d9356d8bd5c093e1
01_raw_data,출입국통계연보/2021_출입국통계연보/2021_2장_Ⅲ_1.국적(지역)_및_체류자격별_단기체류외국인_현황.xlsx,Korea Immigration Service Statistical Yearbook,"Ministry of Justice, Korea Immigration Service",https://www.immigration.go.kr/immigration/1570/subview.do,99471,7c7c0c28d18bae570e7319d55b337bd177fd59d10108b8441ffc607a8e0f8f06
01_raw_data,출입국통계연보/2021_출입국통계연보/2021_2장_Ⅲ_2.국적(지역)_및_연령별_단기체류외국인_현황.xlsx,Korea Immigration Service Statistical Yearbook,"Ministry of Justice, Korea Immigration Service",https://www.immigration.go.kr/immigration/1570/subview.do,56999,bacc381361c6ffb7634026094003dff57f9fba1d35f243be50acc451a170606b
01_raw_data,출입국통계연보/2021_출입국통계연보/2021_2장_Ⅳ.유학생관련_현황.xlsx,Korea Immigration Service Statistical Yearbook,"Ministry of Justice, Korea Immigration Service",https://www.immigration.go.kr/immigration/1570/subview.do,49899,78f620c70315714fe3bace28887352bbd22ed3ea3a04c91e4d22de200272ec2f
01_raw_data,출입국통계연보/2021_출입국통계연보/2021_2장_Ⅴ.체류허가_및_신고수리_현황.xlsx,Korea Immigration Service Statistical Yearbook,"Ministry of Justice, Korea Immigration Service",https://www.immigration.go.kr/immigration/1570/subview.do,16836,122e38b4ad15b5e7a9401e2bac2d79f29f151c88785f3e1b3cfce63c09302b71
01_raw_data,출입국통계연보/2021_출입국통계연보/2021_3장_Ⅰ_1.국적(지역)별_결혼이민자_현황.xlsx,Korea Immigration Service Statistical Yearbook,"Ministry of Justice, Korea Immigration Service",https://www.immigration.go.kr/immigration/1570/subview.do,32188,44da6d85eccf74e7e64e386c77713bebd3e0deb915d5f67cc94452eef78caffb
01_raw_data,출입국통계연보/2021_출입국통계연보/2021_3장_Ⅰ_2.시군구별_결혼이민자_현황.xlsx,Korea Immigration Service Statistical Yearbook,"Ministry of Justice, Korea Immigration Service",https://www.immigration.go.kr/immigration/1570/subview.do,50221,80f634358db8744d1e91a72ad4afab6f00cfd91f0a9055a6b8e79a05cd3d7346
01_raw_data,출입국통계연보/2021_출입국통계연보/2021_4장_Ⅰ_1.국적처리 연도별 추이.xlsx,Korea Immigration Service Statistical Yearbook,"Ministry of Justice, Korea Immigration Service",https://www.immigration.go.kr/immigration/1570/subview.do,12299,5412b27f38b12da48ae3ae143ff18aa4758d0cf60c7e77a41e62a06132eb10d8
01_raw_data,출입국통계연보/2021_출입국통계연보/2021_4장_Ⅰ_2.국적처리 국적(지역) 및 취득유형별 현황.xlsx,Korea Immigration Service Statistical Yearbook,"Ministry of Justice, Korea Immigration Service",https://www.immigration.go.kr/immigration/1570/subview.do,19020,fda90a33c4af5ec8c38c4601303ab6a0b7c28ee0a73721fd658c7e33581d72b0
01_raw_data,출입국통계연보/2021_출입국통계연보/2021_4장_Ⅰ_3.국적처리 연령 및 취득유형별.xlsx,Korea Immigration Service Statistical Yearbook,"Ministry of Justice, Korea Immigration Service",https://www.immigration.go.kr/immigration/1570/subview.do,10968,09323529f2ff57650b4c2432138055aad088cc87a3cd8b1f7158e4f4e03fc64b
01_raw_data,출입국통계연보/2021_출입국통계연보/2021_4장_Ⅱ_연도별 불허처리현황.xlsx,Korea Immigration Service Statistical Yearbook,"Ministry of Justice, Korea Immigration Service",https://www.immigration.go.kr/immigration/1570/subview.do,12267,230fc5264faeb7118de8591b5d5403e6ef8723ab177810ccf3844edb117e9202
01_raw_data,출입국통계연보/2021_출입국통계연보/2021_5장_Ⅰ_1.외국적동포거소신고 현황.xlsx,Korea Immigration Service Statistical Yearbook,"Ministry of Justice, Korea Immigration Service",https://www.immigration.go.kr/immigration/1570/subview.do,17415,e52a8273655da0a8dc498f0a38bc3f824bdd99bbbddd04582cf6a5775fe066fa
01_raw_data,출입국통계연보/2021_출입국통계연보/2021_6장_Ⅰ_1.체류자격별 불법체류외국인 현황.xlsx,Korea Immigration Service Statistical Yearbook,"Ministry of Justice, Korea Immigration Service",https://www.immigration.go.kr/immigration/1570/subview.do,16256,d8c2457722cf12fab484f41ab0f5758abcb84fd9621c42edfff9976c8118abd6
01_raw_data,출입국통계연보/2021_출입국통계연보/2021_6장_Ⅰ_2.체류기간별 불법체류외국인 현황.xlsx,Korea Immigration Service Statistical Yearbook,"Ministry of Justice, Korea Immigration Service",https://www.immigration.go.kr/immigration/1570/subview.do,13004,27fc617e597e88dfea0c3d837f805573ccf046a6314eb8afbb9ac9adc40e255d
01_raw_data,출입국통계연보/2021_출입국통계연보/2021_7장_Ⅰ_.위반자처리현황.xlsx,Korea Immigration Service Statistical Yearbook,"Ministry of Justice, Korea Immigration Service",https://www.immigration.go.kr/immigration/1570/subview.do,12175,02d4a8e3e709b5ee6304777bc5be320473dcb41548434393577a9b4e08056c07
01_raw_data,출입국통계연보/2022_출입국통계연보/2022_1장_Ⅰ_1.국적(지역) 및 항구별 내외국인 입국자.xlsx,Korea Immigration Service Statistical Yearbook,"Ministry of Justice, Korea Immigration Service",https://www.immigration.go.kr/immigration/1570/subview.do,97252,18b1db4f26ba793aad36d77a883f6970222dbf3b51095c811b8b255943e0c88e
01_raw_data,출입국통계연보/2022_출입국통계연보/2022_1장_Ⅰ_2.국적(지역) 및 항구별 내외국인 출국자.xlsx,Korea Immigration Service Statistical Yearbook,"Ministry of Justice, Korea Immigration Service",https://www.immigration.go.kr/immigration/1570/subview.do,94582,f6b4b471f2a064e673c925472dbe2620c9d59f5ce69a065d605715cf9edca09f
01_raw_data,출입국통계연보/2022_출입국통계연보/2022_1장_Ⅱ_1.국적(지역) 및 체류자격별 외국인 입국자.xlsx,Korea Immigration Service Statistical Yearbook,"Ministry of Justice, Korea Immigration Service",https://www.immigration.go.kr/immigration/1570/subview.do,123467,4b8cf954a10fb39219087dc30b5f28f5c74ea9955d3c03197f56cdeb787635a7
01_raw_data,출입국통계연보/2022_출입국통계연보/2022_1장_Ⅱ_2.국적(지역) 및 월별 외국인 입국자.xlsx,Korea Immigration Service Statistical Yearbook,"Ministry of Justice, Korea Immigration Service",https://www.immigration.go.kr/immigration/1570/subview.do,64799,42adc04d1728d420379937b0e7fd1f830e0c452acaf30d119d556275a5b94b47
01_raw_data,출입국통계연보/2022_출입국통계연보/2022_1장_Ⅱ_3.국적(지역) 및 연령별 외국인 입국자(승무원 제외).xlsx,Korea Immigration Service Statistical Yearbook,"Ministry of Justice, Korea Immigration Service",https://www.immigration.go.kr/immigration/1570/subview.do,77196,6f8b0667dae0bb517b1b7c191701010d3aa38b7626f3f90cbee1171127d5b8d6
01_raw_data,출입국통계연보/2022_출입국통계연보/2022_1장_Ⅱ_4.국적(지역) 및 체류기간별 외국인 출국자(승무원 제외).xlsx,Korea Immigration Service Statistical Yearbook,"Ministry of Justice, Korea Immigration Service",https://www.immigration.go.kr/immigration/1570/subview.do,77714,4e5bed8267c7484c60e2a4bdca9f3ff86514a99ff905fac38e3a1b00e07ad17a
01_raw_data,출입국통계연보/2022_출입국통계연보/2022_1장_Ⅲ_1.항구별_상륙허가자.xlsx,Korea Immigration Service Statistical Yearbook,"Ministry of Justice, Korea Immigration Service",https://www.immigration.go.kr/immigration/1570/subview.do,11613,456de5bca83f0e888a61980088d81f9c18b35f711a78d941ac12569e3afa607a
01_raw_data,출입국통계연보/2022_출입국통계연보/2022_1장_Ⅲ_2.국적(지역)별_상륙허가자.xlsx,Korea Immigration Service Statistical Yearbook,"Ministry of Justice, Korea Immigration Service",https://www.immigration.go.kr/immigration/1570/subview.do,19267,4dc5631bf94264c85b5022f9e3ca827f0c6ef0cf7d85848c11ae0b62a19ced23
01_raw_data,출입국통계연보/2022_출입국통계연보/2022_1장_Ⅲ_3.항구별 출입항 선박 및 선원.xlsx,Korea Immigration Service Statistical Yearbook,"Ministry of Justice, Korea Immigration Service",https://www.immigration.go.kr/immigration/1570/subview.do,12839,cf0916ea80b51cf0cb27f2858bdc9a25e9489f975dc5e3940a389e3fb5a372d3
01_raw_data,출입국통계연보/2022_출입국통계연보/2022_1장_Ⅲ_4.공항별 출입항 항공기 및 승무원.xlsx,Korea Immigration Service Statistical Yearbook,"Ministry of Justice, Korea Immigration Service",https://www.immigration.go.kr/immigration/1570/subview.do,10712,950173671213a72e71df94919b75fc4dd0d35f9018beb9db23ea192980f66c40
01_raw_data,출입국통계연보/2022_출입국통계연보/2022_1장_Ⅲ_5.국적(지역)별 출입항 선박 및 선원.xlsx,Korea Immigration Service Statistical Yearbook,"Ministry of Justice, Korea Immigration Service",https://www.immigration.go.kr/immigration/1570/subview.do,21830,c134c276f6828a6b481fb23e156c99ec4d9549363cf68a27e6e5232c83ef6b7d
01_raw_data,출입국통계연보/2022_출입국통계연보/2022_1장_Ⅲ_6.국적(지역)별 출입항 항공기 및 승무원.xlsx,Korea Immigration Service Statistical Yearbook,"Ministry of Justice, Korea Immigration Service",https://www.immigration.go.kr/immigration/1570/subview.do,16225,eb147e2d2882b5c10ef4127d0f0ec4f3f755a90ffb61a3e54e33ba20046c8c91
01_raw_data,출입국통계연보/2022_출입국통계연보/2022_1장_Ⅳ_1.사증발급인정서 발급 현황.xlsx,Korea Immigration Service Statistical Yearbook,"Ministry of Justice, Korea Immigration Service",https://www.immigration.go.kr/immigration/1570/subview.do,119407,9c686d215d1ef04472c7d95e920cba23fca8ae2b80989d7888d22e19008177fc
01_raw_data,출입국통계연보/2022_출입국통계연보/2022_1장_Ⅳ_2.고용허가제_사증발급인증서_발급현황.xlsx,Korea Immigration Service Statistical Yearbook,"Ministry of Justice, Korea Immigration Service",https://www.immigration.go.kr/immigration/1570/subview.do,14054,435cf557a710ad440466600f52b040bd226148d3f7ae884fc010c6abffbff8c3
01_raw_data,출입국통계연보/2022_출입국통계연보/2022_2장_Ⅰ_1.국적(지역) 및 체류자격별 체류외국인 현황.xlsx,Korea Immigration Service Statistical Yearbook,"Ministry of Justice, Korea Immigration Service",https://www.immigration.go.kr/immigration/1570/subview.do,121052,237731465d68d0e2343a8eff39947f0338fb9c2a6a2348ed19140b1a693eef77
01_raw_data,출입국통계연보/2022_출입국통계연보/2022_2장_Ⅰ_2.국적(지역) 및 연령별 체류외국인 현황.xlsx,Korea Immigration Service Statistical Yearbook,"Ministry of Justice, Korea Immigration Service",https://www.immigration.go.kr/immigration/1570/subview.do,64744,3122d31c0640d69c8e09cbff7a561265c12a0be6c8745870d2671334fc98dc0e
01_raw_data,출입국통계연보/2022_출입국통계연보/2022_2장_Ⅱ_1.국적(지역) 및 체류자격별 등록외국인 현황.xlsx,Korea Immigration Service Statistical Yearbook,"Ministry of Justice, Korea Immigration Service",https://www.immigration.go.kr/immigration/1570/subview.do,90669,522b0e9ef06d22debc6f33a30bedc78a4a9e43c908d8f398baa2d478645bebc7
01_raw_data,출입국통계연보/2022_출입국통계연보/2022_2장_Ⅱ_2.국적(지역)_및_연령별_등록외국인_현황.xlsx,Korea Immigration Service Statistical Yearbook,"Ministry of Justice, Korea Immigration Service",https://www.immigration.go.kr/immigration/1570/subview.do,57988,c35d1418439980b4e30cf0a9ff937ac226621034f533dbfd55faf8337d1a834c
01_raw_data,출입국통계연보/2022_출입국통계연보/2022_2장_Ⅱ_3.시군구별 및 국적(지역)별 등록외국인 현황.xlsx,Korea Immigration Service Statistical Yearbook,"Ministry of Justice, Korea Immigration Service",https://www.immigration.go.kr/immigration/1570/subview.do,581360,e3d95b791b2291f88f275c57c88b25ed1dd9b0dd358fcd5a8c036841e80ca5f3
01_raw_data,출입국통계연보/2022_출입국통계연보/2022_2장_Ⅱ_4.시군구별_및_연령별_등록외국인_현황.xlsx,Korea Immigration Service Statistical Yearbook,"Ministry of Justice, Korea Immigration Service",https://www.immigration.go.kr/immigration/1570/subview.do,87016,1cea6bb5024c8d12903e46ce89a2495a3ac2dd226b407c2b27bb502f889723a4
01_raw_data,출입국통계연보/2022_출입국통계연보/2022_2장_Ⅱ_5.시군구별_및_체류자격별_등록외국인_현황.xlsx,Korea Immigration Service Statistical Yearbook,"Ministry of Justice, Korea Immigration Service",https://www.immigration.go.kr/immigration/1570/subview.do,139817,959fb633fa9a16caa7388483d56f1948b7f946d4e5165bfcf088580d7e088605
01_raw_data,출입국통계연보/2022_출입국통계연보/2022_2장_Ⅲ_1.국적(지역)_및_체류자격별_단기체류외국인_현황.xlsx,Korea Immigration Service Statistical Yearbook,"Ministry of Justice, Korea Immigration Service",https://www.immigration.go.kr/immigration/1570/subview.do,767052,8c9fc3ab49a828b68c3c10ba9d2f9adc4ac40116de366268a9a18d274d4e0a5d
01_raw_data,출입국통계연보/2022_출입국통계연보/2022_2장_Ⅲ_2.국적(지역)_및_연령별_단기체류외국인_현황.xlsx,Korea Immigration Service Statistical Yearbook,"Ministry of Justice, Korea Immigration Service",https://www.immigration.go.kr/immigration/1570/subview.do,57267,2462fd405ee5b82ba132accef3459f3b9ad92be03ce461e30f323b85b96206bd
01_raw_data,출입국통계연보/2022_출입국통계연보/2022_2장_Ⅳ.유학생관련_현황.xlsx,Korea Immigration Service Statistical Yearbook,"Ministry of Justice, Korea Immigration Service",https://www.immigration.go.kr/immigration/1570/subview.do,46508,e67e8e6d432f09685f05322c3b77b47eedc9d7f782322657c496d284da9b496b
01_raw_data,출입국통계연보/2022_출입국통계연보/2022_2장_Ⅴ.체류허가_및_신고수리_현황.xlsx,Korea Immigration Service Statistical Yearbook,"Ministry of Justice, Korea Immigration Service",https://www.immigration.go.kr/immigration/1570/subview.do,22302,2100719031ccce006856236fc441259dd7765b6df21c71c57ae47c02cc677141
01_raw_data,출입국통계연보/2022_출입국통계연보/2022_3장_Ⅰ_1.국적(지역)별_결혼이민자_현황.xlsx,Korea Immigration Service Statistical Yearbook,"Ministry of Justice, Korea Immigration Service",https://www.immigration.go.kr/immigration/1570/subview.do,33636,65517a5185d6aadcc1d1d97c58a1ee3c12ddc9f392a8ee58b9e952fb86a2a2fb
01_raw_data,출입국통계연보/2022_출입국통계연보/2022_3장_Ⅰ_2.시군구별_결혼이민자_현황.xlsx,Korea Immigration Service Statistical Yearbook,"Ministry of Justice, Korea Immigration Service",https://www.immigration.go.kr/immigration/1570/subview.do,51566,760a817fcd842b4ab81b55c22af3848f38db1a7768ab5aa7777285e927cf008d
01_raw_data,출입국통계연보/2022_출입국통계연보/2022_4장_Ⅰ_1.국적처리 연도별 추이.xlsx,Korea Immigration Service Statistical Yearbook,"Ministry of Justice, Korea Immigration Service",https://www.immigration.go.kr/immigration/1570/subview.do,11863,ed8323f354dadd717d58117cc5bbb20b718575746575b6d086ddece34ade4ea5
01_raw_data,출입국통계연보/2022_출입국통계연보/2022_4장_Ⅰ_2.국적처리 국적(지역) 및 취득유형별 현황.xlsx,Korea Immigration Service Statistical Yearbook,"Ministry of Justice, Korea Immigration Service",https://www.immigration.go.kr/immigration/1570/subview.do,18262,9bcabfe25253b851a6401b4cf2ebeb90db4c0db4b6c46ede4a38809c68d3546f
01_raw_data,출입국통계연보/2022_출입국통계연보/2022_4장_Ⅰ_3.국적처리 연령 및 취득유형별.xlsx,Korea Immigration Service Statistical Yearbook,"Ministry of Justice, Korea Immigration Service",https://www.immigration.go.kr/immigration/1570/subview.do,10860,e4b0be66bb04477df8ae9cfd773a855c895b11f2ee6a4d075a31851ea3a613ca
01_raw_data,출입국통계연보/2022_출입국통계연보/2022_4장_Ⅱ_연도별 불허처리현황.xlsx,Korea Immigration Service Statistical Yearbook,"Ministry of Justice, Korea Immigration Service",https://www.immigration.go.kr/immigration/1570/subview.do,10616,5807c3fcfed6dad8360e01ce6ad9bbf11931b3f868b19391e1c8e6250ca40e6f
01_raw_data,출입국통계연보/2022_출입국통계연보/2022_5장_Ⅰ_1.외국적동포거소신고 현황.xlsx,Korea Immigration Service Statistical Yearbook,"Ministry of Justice, Korea Immigration Service",https://www.immigration.go.kr/immigration/1570/subview.do,17181,12f5460c6be3a182ef4e2a0fa367abe19f9e771f14a96440d0670de374851a65
01_raw_data,출입국통계연보/2022_출입국통계연보/2022_6장_Ⅰ_1.체류자격별 불법체류외국인 현황.xlsx,Korea Immigration Service Statistical Yearbook,"Ministry of Justice, Korea Immigration Service",https://www.immigration.go.kr/immigration/1570/subview.do,16680,5e168c7a6f537b68dc2482cbab6e2a0f5432bccfb246d55e64c1904e6169f72e
01_raw_data,출입국통계연보/2022_출입국통계연보/2022_6장_Ⅰ_2.체류기간별 불법체류외국인 현황.xlsx,Korea Immigration Service Statistical Yearbook,"Ministry of Justice, Korea Immigration Service",https://www.immigration.go.kr/immigration/1570/subview.do,14723,e21441deb17b3383822ac421d5434ea5da2b3b4e978b6b3b0b8574c5179ba91e
01_raw_data,출입국통계연보/2023_출입국통계연보/2023 1장_Ⅰ_1.국적(지역) 및 항구별 내외국인 입국자★.xlsx,Korea Immigration Service Statistical Yearbook,"Ministry of Justice, Korea Immigration Service",https://www.immigration.go.kr/immigration/1570/subview.do,143451,646c55e891b6da754431ae80118bb069d78c5afb58d165ab8aaa668bc2312783
01_raw_data,출입국통계연보/2023_출입국통계연보/2023 1장_Ⅰ_2.국적(지역) 및 항구별 내외국인 출국자.xlsx,Korea Immigration Service Statistical Yearbook,"Ministry of Justice, Korea Immigration Service",https://www.immigration.go.kr/immigration/1570/subview.do,108960,4d40d9a8d2baa7a9ce2dcc995ab2a7dbed91fde8a4700190f2cb49f9ca03da98
01_raw_data,출입국통계연보/2023_출입국통계연보/2023 1장_Ⅱ_1.국적(지역) 및 체류자격별 외국인 입국자★.xlsx,Korea Immigration Service Statistical Yearbook,"Ministry of Justice, Korea Immigration Service",https://www.immigration.go.kr/immigration/1570/subview.do,134154,e8df7c72cc6fa698d3ba7230ac338e51e7283f588cf2786fbc9529b147af703f
01_raw_data,출입국통계연보/2023_출입국통계연보/2023 1장_Ⅱ_2.국적(지역) 및 월별 외국인 입국자.xlsx,Korea Immigration Service Statistical Yearbook,"Ministry of Justice, Korea Immigration Service",https://www.immigration.go.kr/immigration/1570/subview.do,68642,636637752e1cac6aa2a76b684c99f6bb83647349d7a084478dcc3e936f501430
01_raw_data,출입국통계연보/2023_출입국통계연보/2023 1장_Ⅱ_3.국적(지역) 및 연령별 외국인 입국자(승무원 제외).xlsx,Korea Immigration Service Statistical Yearbook,"Ministry of Justice, Korea Immigration Service",https://www.immigration.go.kr/immigration/1570/subview.do,80149,162959fe608efd68b88784320c0015158d649af686fe96fd918cc88edcfea673
01_raw_data,출입국통계연보/2023_출입국통계연보/2023 1장_Ⅱ_4.국적(지역) 및 체류기간별 외국인 출국자(승무원 제외).xlsx,Korea Immigration Service Statistical Yearbook,"Ministry of Justice, Korea Immigration Service",https://www.immigration.go.kr/immigration/1570/subview.do,81106,52218a23d9f3cb40dcc5885d752d99490da80ee2db962f41ce30594a98d26952
01_raw_data,출입국통계연보/2023_출입국통계연보/2023 1장_Ⅲ_1.항구별_상륙허가자.xlsx,Korea Immigration Service Statistical Yearbook,"Ministry of Justice, Korea Immigration Service",https://www.immigration.go.kr/immigration/1570/subview.do,12434,2492f135af829bf8392703615574155cb173dbb02928a43e1cc421327177b943
01_raw_data,출입국통계연보/2023_출입국통계연보/2023 1장_Ⅲ_2.국적(지역)별_상륙허가자.xlsx,Korea Immigration Service Statistical Yearbook,"Ministry of Justice, Korea Immigration Service",https://www.immigration.go.kr/immigration/1570/subview.do,19934,681c73da3b2d6923e4598370afcd99c2e3e7ea7c81ca4c41fd91b0d2b3533070
01_raw_data,출입국통계연보/2023_출입국통계연보/2023 1장_Ⅲ_3.항구별 출입항 선박 및 선원.xlsx,Korea Immigration Service Statistical Yearbook,"Ministry of Justice, Korea Immigration Service",https://www.immigration.go.kr/immigration/1570/subview.do,11284,9f9c0fed371c1fdb76b77c4d59b31dc6f254c9f6b852411bcc984d2a6ed89753
01_raw_data,출입국통계연보/2023_출입국통계연보/2023 1장_Ⅲ_4.공항별 출입항 항공기 및 승무원.xlsx,Korea Immigration Service Statistical Yearbook,"Ministry of Justice, Korea Immigration Service",https://www.immigration.go.kr/immigration/1570/subview.do,12141,2105f41827e268508171595df14059e603fd24a9e14e363d3f52013818e205a2
01_raw_data,출입국통계연보/2023_출입국통계연보/2023 1장_Ⅲ_5.국적(지역)별 출입항 선박 및 선원.xlsx,Korea Immigration Service Statistical Yearbook,"Ministry of Justice, Korea Immigration Service",https://www.immigration.go.kr/immigration/1570/subview.do,20795,e8d9f9f9fdcc9ef97bbc6d0cdfeae19f42bbfb42ff39917b43ef0a4d919cb8aa
01_raw_data,출입국통계연보/2023_출입국통계연보/2023 1장_Ⅲ_6.국적(지역)별 출입항 항공기 및 승무원.xlsx,Korea Immigration Service Statistical Yearbook,"Ministry of Justice, Korea Immigration Service",https://www.immigration.go.kr/immigration/1570/subview.do,15859,7ac62996757df04a3568a6f096f3b26bedec5cd402b9414a6f78fa1343d5280f
01_raw_data,출입국통계연보/2023_출입국통계연보/2023 1장_Ⅳ_1.사증발급인정서 발급 현황.xlsx,Korea Immigration Service Statistical Yearbook,"Ministry of Justice, Korea Immigration Service",https://www.immigration.go.kr/immigration/1570/subview.do,130713,36b1adafd0c7aa9feb0b9d1890e712294498f58539e9f4c9b31d8e7b9b9abc62
01_raw_data,출입국통계연보/2023_출입국통계연보/2023 1장_Ⅳ_2.고용허가제_사증발급인증서_발급현황.xlsx,Korea Immigration Service Statistical Yearbook,"Ministry of Justice, Korea Immigration Service",https://www.immigration.go.kr/immigration/1570/subview.do,14077,bf0b2c892d0b4566dcbc20fdcd299d713bae01add3753b74191df36c2cfeb36b
01_raw_data,출입국통계연보/2023_출입국통계연보/2023 2장_Ⅰ_1.국적(지역) 및 체류자격별 체류외국인 현황.xlsx,Korea Immigration Service Statistical Yearbook,"Ministry of Justice, Korea Immigration Service",https://www.immigration.go.kr/immigration/1570/subview.do,124266,2f45d8b25f9a9453f6f436b7cd11863904dfcec225017193916a89ed8b673bee
01_raw_data,출입국통계연보/2023_출입국통계연보/2023 2장_Ⅰ_2.국적(지역) 및 연령별 체류외국인 현황.xlsx,Korea Immigration Service Statistical Yearbook,"Ministry of Justice, Korea Immigration Service",https://www.immigration.go.kr/immigration/1570/subview.do,64888,7b6cabcca028eef1b810e663e6a740bc31f9e1159902e791d2bff19f6e7bbf4b
01_raw_data,출입국통계연보/2023_출입국통계연보/2023 2장_Ⅱ_1.국적(지역) 및 체류자격별 등록외국인 현황.xlsx,Korea Immigration Service Statistical Yearbook,"Ministry of Justice, Korea Immigration Service",https://www.immigration.go.kr/immigration/1570/subview.do,94054,ec419a0c7a92e0c85df8938d4ba78d143f81509ff8ba8cf9cde9a3b52d2e084b
01_raw_data,출입국통계연보/2023_출입국통계연보/2023 2장_Ⅱ_2.국적(지역)_및_연령별_등록외국인_현황.xlsx,Korea Immigration Service Statistical Yearbook,"Ministry of Justice, Korea Immigration Service",https://www.immigration.go.kr/immigration/1570/subview.do,61423,36e77236f8435f2b98e6d5af34ff11ef346f3c49b725bdbaec3dfd82f823c9eb
01_raw_data,출입국통계연보/2023_출입국통계연보/2023 2장_Ⅱ_3.시군구별 및 국적(지역)별 등록외국인 현황.xlsx,Korea Immigration Service Statistical Yearbook,"Ministry of Justice, Korea Immigration Service",https://www.immigration.go.kr/immigration/1570/subview.do,588788,802225c95175be6b953f0f591ef36edbbbd0b5c0c9f1eed995c2075fc0148b74
01_raw_data,출입국통계연보/2023_출입국통계연보/2023 2장_Ⅱ_4.시군구별_및_연령별_등록외국인_현황.xlsx,Korea Immigration Service Statistical Yearbook,"Ministry of Justice, Korea Immigration Service",https://www.immigration.go.kr/immigration/1570/subview.do,104300,ba155f5c533f9e3600dfb85d098d33d413c06744d9b4c6a41e5d1667e499d381
01_raw_data,출입국통계연보/2023_출입국통계연보/2023 2장_Ⅱ_5.시군구별_및_체류자격별_등록외국인_현황.xlsx,Korea Immigration Service Statistical Yearbook,"Ministry of Justice, Korea Immigration Service",https://www.immigration.go.kr/immigration/1570/subview.do,142550,9e6efb7cddc05433e6d802e0a1c2c40fa7424fe2efe198860cdf09e76096d2a6
01_raw_data,출입국통계연보/2023_출입국통계연보/2023 2장_Ⅲ_1.국적(지역)_및_체류자격별_단기체류외국인_현황.xlsx,Korea Immigration Service Statistical Yearbook,"Ministry of Justice, Korea Immigration Service",https://www.immigration.go.kr/immigration/1570/subview.do,100477,4da0d9e2fd351ad14590eff9b9465393bcd8fb68b8d6227a4ec2914f4ee4b0da
01_raw_data,출입국통계연보/2023_출입국통계연보/2023 2장_Ⅲ_2.국적(지역)_및_연령별_단기체류외국인_현황.xlsx,Korea Immigration Service Statistical Yearbook,"Ministry of Justice, Korea Immigration Service",https://www.immigration.go.kr/immigration/1570/subview.do,57115,6811c23356823387b348f698d9ff3d8f42f3b756124ef03ee772542327280efc
01_raw_data,출입국통계연보/2023_출입국통계연보/2023 2장_Ⅳ.유학생관련_현황.xlsx,Korea Immigration Service Statistical Yearbook,"Ministry of Justice, Korea Immigration Service",https://www.immigration.go.kr/immigration/1570/subview.do,41802,4256b1d02bc18ebbb46620af90338b9da2d64186bb75ac17563d8d42343ff981
01_raw_data,출입국통계연보/2023_출입국통계연보/2023 2장_Ⅴ.체류허가_및_신고수리_현황.xlsx,Korea Immigration Service Statistical Yearbook,"Ministry of Justice, Korea Immigration Service",https://www.immigration.go.kr/immigration/1570/subview.do,15494,b45f837568c7120bdff71debd8aed1db6f2f55243c20e12b067cd896849da3d1
01_raw_data,출입국통계연보/2023_출입국통계연보/2023 3장_Ⅰ_1.국적(지역)별_결혼이민자_현황.xlsx,Korea Immigration Service Statistical Yearbook,"Ministry of Justice, Korea Immigration Service",https://www.immigration.go.kr/immigration/1570/subview.do,32805,6f390d738c82a23da2effdf58c599d7890b9c708a8ab298dcdaeb7a6652dc6e5
01_raw_data,출입국통계연보/2023_출입국통계연보/2023 3장_Ⅰ_2.시군구별_결혼이민자_현황.xlsx,Korea Immigration Service Statistical Yearbook,"Ministry of Justice, Korea Immigration Service",https://www.immigration.go.kr/immigration/1570/subview.do,50300,b40e9d028df20c5c942094878390b5b3e761616f1eae11a7448bb1e82c85f1d3
01_raw_data,출입국통계연보/2023_출입국통계연보/2023 4장_Ⅰ_1.국적처리 연도별 추이.xlsx,Korea Immigration Service Statistical Yearbook,"Ministry of Justice, Korea Immigration Service",https://www.immigration.go.kr/immigration/1570/subview.do,11041,b0dcc50b1606c03ef882447e5067fb5e698933fc8b85d9e50aaca247d8db3efc
01_raw_data,출입국통계연보/2023_출입국통계연보/2023 4장_Ⅰ_2.국적처리 국적(지역) 및 취득유형별 현황.xlsx,Korea Immigration Service Statistical Yearbook,"Ministry of Justice, Korea Immigration Service",https://www.immigration.go.kr/immigration/1570/subview.do,18382,e6fd227ec92fe5fc7a61c71b486ae5bd17cba9f053aa0f40782deb27a8ec5c7f
01_raw_data,출입국통계연보/2023_출입국통계연보/2023 4장_Ⅰ_3.국적처리 연령 및 취득유형별.xlsx,Korea Immigration Service Statistical Yearbook,"Ministry of Justice, Korea Immigration Service",https://www.immigration.go.kr/immigration/1570/subview.do,11675,7821a504e3c7771b595ab3a50521e87320bc6f9db4e85c05b8ba1b452641d8d9
01_raw_data,출입국통계연보/2023_출입국통계연보/2023 4장_Ⅱ_연도별 불허처리현황_확인필요.xlsx,Korea Immigration Service Statistical Yearbook,"Ministry of Justice, Korea Immigration Service",https://www.immigration.go.kr/immigration/1570/subview.do,10750,34c2a23a4ecd9ffda77f4b4cf04188b47b8cb632e0e4848b5e670b5766e0ff68
01_raw_data,출입국통계연보/2023_출입국통계연보/2023 5장_Ⅰ_1.외국적동포거소신고 현황.xlsx,Korea Immigration Service Statistical Yearbook,"Ministry of Justice, Korea Immigration Service",https://www.immigration.go.kr/immigration/1570/subview.do,19474,01d23866dc1516922045d981ebe1440a5231db634fabbef44156c586ed74d41e
01_raw_data,출입국통계연보/2023_출입국통계연보/2023 6장_Ⅰ_1.체류자격별 불법체류외국인 현황.xlsx,Korea Immigration Service Statistical Yearbook,"Ministry of Justice, Korea Immigration Service",https://www.immigration.go.kr/immigration/1570/subview.do,14664,2805d18e55de7a53524a464b457db36401f19d26206fcc11e3922c0cae927864
01_raw_data,출입국통계연보/2023_출입국통계연보/2023 6장_Ⅰ_2.체류기간별 불법체류외국인 현황.xlsx,Korea Immigration Service Statistical Yearbook,"Ministry of Justice, Korea Immigration Service",https://www.immigration.go.kr/immigration/1570/subview.do,12897,00a21cf6d498cbdb8dba6df580ba1a10a9ce1c7136d330b0ee937391f187b85a
01_raw_data,출입국통계연보/2024_출입국통계연보/2024 1장_Ⅰ_1.국적(지역) 및 항구별 내외국인 입국자.xlsx,Korea Immigration Service Statistical Yearbook,"Ministry of Justice, Korea Immigration Service",https://www.immigration.go.kr/immigration/1570/subview.do,109792,9b1a2226f38a3bc5b03ff8d2574e03c9355bc29a6ae676e99c5ad4d70a0e954a
01_raw_data,출입국통계연보/2024_출입국통계연보/2024 1장_Ⅰ_2.국적(지역) 및 항구별 내외국인 출국자.xlsx,Korea Immigration Service Statistical Yearbook,"Ministry of Justice, Korea Immigration Service",https://www.immigration.go.kr/immigration/1570/subview.do,106487,f5593716c2312f3d68a6e8e74f98bf7e07ebd8dae4ba633d98dcc7829feb647a
01_raw_data,출입국통계연보/2024_출입국통계연보/2024 1장_Ⅱ_1.국적(지역) 및 체류자격별 외국인 입국자.xlsx,Korea Immigration Service Statistical Yearbook,"Ministry of Justice, Korea Immigration Service",https://www.immigration.go.kr/immigration/1570/subview.do,134813,7c6b0792ff90a6d8eb65fcf123142a9bcc5fbe4f992c2bad391311f3d3268db7
01_raw_data,출입국통계연보/2024_출입국통계연보/2024 1장_Ⅱ_2.국적(지역) 및 월별 외국인 입국자.xlsx,Korea Immigration Service Statistical Yearbook,"Ministry of Justice, Korea Immigration Service",https://www.immigration.go.kr/immigration/1570/subview.do,68755,58e2caea1f715cdefed32260f744b15a7978d77a1d7a83b84840f900eba4f5df
01_raw_data,출입국통계연보/2024_출입국통계연보/2024 1장_Ⅱ_3.국적(지역) 및 연령별 외국인 입국자(승무원 제외).xlsx,Korea Immigration Service Statistical Yearbook,"Ministry of Justice, Korea Immigration Service",https://www.immigration.go.kr/immigration/1570/subview.do,83592,2eee1410a40b1dfedae90b017258d49caaaa9f31bfbc58bf8e151ab46c6ac73d
01_raw_data,출입국통계연보/2024_출입국통계연보/2024 1장_Ⅱ_4.국적(지역) 및 체류기간별 외국인 출국자(승무원 제외).xlsx,Korea Immigration Service Statistical Yearbook,"Ministry of Justice, Korea Immigration Service",https://www.immigration.go.kr/immigration/1570/subview.do,81926,0fdf67704b1b1aadaa9e2a128bccdb97ced5c984cb6f9d9540620b61c52bffd6
01_raw_data,출입국통계연보/2024_출입국통계연보/2024 1장_Ⅲ_1.항구별_상륙허가자.xlsx,Korea Immigration Service Statistical Yearbook,"Ministry of Justice, Korea Immigration Service",https://www.immigration.go.kr/immigration/1570/subview.do,12459,0e321e6035052bd57aee470cf7c37e55705edbbcbf5dea414b3427ff9f306bc2
01_raw_data,출입국통계연보/2024_출입국통계연보/2024 1장_Ⅲ_2.국적(지역)별_상륙허가자.xlsx,Korea Immigration Service Statistical Yearbook,"Ministry of Justice, Korea Immigration Service",https://www.immigration.go.kr/immigration/1570/subview.do,19263,aa86d2a90b30c8cd1ddf77a908cf7a015a53ce3d932bfae1eee7a631153cb588
01_raw_data,출입국통계연보/2024_출입국통계연보/2024 1장_Ⅲ_3.항구별 출입항 선박 및 선원(c).xlsx,Korea Immigration Service Statistical Yearbook,"Ministry of Justice, Korea Immigration Service",https://www.immigration.go.kr/immigration/1570/subview.do,11121,876452add12bef5d89c08bc9d4efdf25be0b36f8e5c68d4fde754a55d8911994
01_raw_data,출입국통계연보/2024_출입국통계연보/2024 1장_Ⅲ_4.공항별 출입항 항공기 및 승무원(c).xlsx,Korea Immigration Service Statistical Yearbook,"Ministry of Justice, Korea Immigration Service",https://www.immigration.go.kr/immigration/1570/subview.do,11492,7775e9607e2b41848f1ad2b56f16744988f3126c917df85090e809b72b32382c
01_raw_data,출입국통계연보/2024_출입국통계연보/2024 1장_Ⅲ_5.국적(지역)별 출입항 선박 및 선원.xlsx,Korea Immigration Service Statistical Yearbook,"Ministry of Justice, Korea Immigration Service",https://www.immigration.go.kr/immigration/1570/subview.do,22201,bbf53763f043b396ffd568075b60e91b06e5e1a78d8ca5f08580c45dcba8f877
01_raw_data,출입국통계연보/2024_출입국통계연보/2024 1장_Ⅲ_6.국적(지역)별 출입항 항공기 및 승무원.xlsx,Korea Immigration Service Statistical Yearbook,"Ministry of Justice, Korea Immigration Service",https://www.immigration.go.kr/immigration/1570/subview.do,14998,8ab0ae132a42736b33407b7de520ce82cfe6a1c39f9c924218fc9d9f48c9a3b7
01_raw_data,출입국통계연보/2024_출입국통계연보/2024 1장_Ⅳ_1.사증발급인정서 발급 현황.xlsx,Korea Immigration Service Statistical Yearbook,"Ministry of Justice, Korea Immigration Service",https://www.immigration.go.kr/immigration/1570/subview.do,139193,9e97bbf33fd1b54b6824c29936c8462bffc15415db9c0482392f76f6af27b9e7
01_raw_data,출입국통계연보/2024_출입국통계연보/2024 1장_Ⅳ_2.고용허가제_사증발급인증서_발급현황.xlsx,Korea Immigration Service Statistical Yearbook,"Ministry of Justice, Korea Immigration Service",https://www.immigration.go.kr/immigration/1570/subview.do,15672,9b7e811079fc025850c0f3a6c57cbc0588f01850c185142c44d8d36f9adc8426
01_raw_data,출입국통계연보/2024_출입국통계연보/2024 2장_Ⅰ_1.국적(지역) 및 체류자격별 체류외국인 현황.xlsx,Korea Immigration Service Statistical Yearbook,"Ministry of Justice, Korea Immigration Service",https://www.immigration.go.kr/immigration/1570/subview.do,124318,f317cefdd170c63f67778515c0bce6e66304eb80d46c74eb2c1fe6691a9b9e4c
01_raw_data,출입국통계연보/2024_출입국통계연보/2024 2장_Ⅰ_2.국적(지역) 및 연령별 체류외국인 현황(60).xlsx,Korea Immigration Service Statistical Yearbook,"Ministry of Justice, Korea Immigration Service",https://www.immigration.go.kr/immigration/1570/subview.do,65283,1ec0a2a3406d85927b030818ad5ed368fa104ec3ef066c6178593ce6af45ac34
01_raw_data,출입국통계연보/2024_출입국통계연보/2024 2장_Ⅱ_1.국적(지역) 및 체류자격별 등록외국인 현황.xlsx,Korea Immigration Service Statistical Yearbook,"Ministry of Justice, Korea Immigration Service",https://www.immigration.go.kr/immigration/1570/subview.do,95739,77fcd827041e73285c325add6717c58bacb5fafdfb46d7de9fada7c10ab82155
01_raw_data,출입국통계연보/2024_출입국통계연보/2024 2장_Ⅱ_2.국적(지역)_및_연령별_등록외국인_현황.xlsx,Korea Immigration Service Statistical Yearbook,"Ministry of Justice, Korea Immigration Service",https://www.immigration.go.kr/immigration/1570/subview.do,60922,6988b30603085ee2818df4baa95a138a0ea5e0c202d5e48d0e98dfc0a1571023
01_raw_data,출입국통계연보/2024_출입국통계연보/2024 2장_Ⅱ_3.시군구별 및 국적(지역)별 등록외국인 현황.xlsx,Korea Immigration Service Statistical Yearbook,"Ministry of Justice, Korea Immigration Service",https://www.immigration.go.kr/immigration/1570/subview.do,603120,8c5eb1704e311dfd61c841bf0b519fd69017c84547b3fccdd6f483111900dc6c
01_raw_data,출입국통계연보/2024_출입국통계연보/2024 2장_Ⅱ_4.시군구별_및_연령별_등록외국인_현황.xlsx,Korea Immigration Service Statistical Yearbook,"Ministry of Justice, Korea Immigration Service",https://www.immigration.go.kr/immigration/1570/subview.do,104578,97bd9d2a553394c13cef2a8d4db3f0c28530bc384b4c52de047f0c55f0e5c5ee
01_raw_data,출입국통계연보/2024_출입국통계연보/2024 2장_Ⅱ_5.시군구별_및_체류자격별_등록외국인_현황.xlsx,Korea Immigration Service Statistical Yearbook,"Ministry of Justice, Korea Immigration Service",https://www.immigration.go.kr/immigration/1570/subview.do,145022,95389010fe0a6a2f1ecf74443c8967b3b728579dd602eb8a92b460a39a13e5cf
01_raw_data,출입국통계연보/2024_출입국통계연보/2024 2장_Ⅲ_1.국적(지역)_및_체류자격별_단기체류외국인_현황.xlsx,Korea Immigration Service Statistical Yearbook,"Ministry of Justice, Korea Immigration Service",https://www.immigration.go.kr/immigration/1570/subview.do,105588,8522019768a95b7610b48f7cf705f9c3c3663c2921a667acc910a4a641d4bb52
01_raw_data,출입국통계연보/2024_출입국통계연보/2024 2장_Ⅲ_2.국적(지역)_및_연령별_단기체류외국인_현황(60.xlsx,Korea Immigration Service Statistical Yearbook,"Ministry of Justice, Korea Immigration Service",https://www.immigration.go.kr/immigration/1570/subview.do,57991,2c88e3f4e1ba156dccdf8f837c7192339608799ef51c2bfdb810c7f7021072af
01_raw_data,출입국통계연보/2024_출입국통계연보/2024 2장_Ⅳ.유학생관련_현황.xlsx,Korea Immigration Service Statistical Yearbook,"Ministry of Justice, Korea Immigration Service",https://www.immigration.go.kr/immigration/1570/subview.do,51205,a6f44bcaf1917a4cf5e113b35a206723cc96bd082aa68bfa5427a685f02102a2
01_raw_data,출입국통계연보/2024_출입국통계연보/2024 2장_Ⅴ.체류허가_및_신고수리_현황.xlsx,Korea Immigration Service Statistical Yearbook,"Ministry of Justice, Korea Immigration Service",https://www.immigration.go.kr/immigration/1570/subview.do,15955,0d463f0d301590e20cd7c7884e8841c27078fdf5815280789b42449c3a977753
01_raw_data,출입국통계연보/2024_출입국통계연보/2024 3장_Ⅰ_1.국적(지역)별_결혼이민자_현황.xlsx,Korea Immigration Service Statistical Yearbook,"Ministry of Justice, Korea Immigration Service",https://www.immigration.go.kr/immigration/1570/subview.do,33557,73cb6f4e630dd4e2bb1f58cffac892ba39f3059761773cfc81b2c5f673048c9e
01_raw_data,출입국통계연보/2024_출입국통계연보/2024 3장_Ⅰ_2.시군구별_결혼이민자_현황.xlsx,Korea Immigration Service Statistical Yearbook,"Ministry of Justice, Korea Immigration Service",https://www.immigration.go.kr/immigration/1570/subview.do,51008,a756ea6ee3087f59c0df2b821993e822370e22dc81527c4479dbe48758c2477f
01_raw_data,출입국통계연보/2024_출입국통계연보/2024 4장_Ⅰ_1.국적처리 연도별 추이.xlsx,Korea Immigration Service Statistical Yearbook,"Ministry of Justice, Korea Immigration Service",https://www.immigration.go.kr/immigration/1570/subview.do,12399,7ac6af587e79da0ee11613dc7a4dfac3204c5fbc2e4ec7a142d105990246911e
01_raw_data,출입국통계연보/2024_출입국통계연보/2024 4장_Ⅰ_2.국적처리 국적(지역) 및 취득유형별 현황.xlsx,Korea Immigration Service Statistical Yearbook,"Ministry of Justice, Korea Immigration Service",https://www.immigration.go.kr/immigration/1570/subview.do,17011,75f1250e9e7e810ef90eb6b00f9216b2101d5c0de08d8dbff87dd8dab2e4eda5
01_raw_data,출입국통계연보/2024_출입국통계연보/2024 4장_Ⅰ_3.국적처리 연령 및 취득유형별.xlsx,Korea Immigration Service Statistical Yearbook,"Ministry of Justice, Korea Immigration Service",https://www.immigration.go.kr/immigration/1570/subview.do,11697,fae746a74fecd2f7697626a3bfdbaae6c1ae948701f380759fb48643c1fbe7a8
01_raw_data,출입국통계연보/2024_출입국통계연보/2024 4장_Ⅱ_연도별 불허처리현황.xlsx,Korea Immigration Service Statistical Yearbook,"Ministry of Justice, Korea Immigration Service",https://www.immigration.go.kr/immigration/1570/subview.do,10688,b9033045afcc8492a67b21bf03356388adee8c79a10bf608ed190875cf207d81
01_raw_data,출입국통계연보/2024_출입국통계연보/2024 5장_Ⅰ_1.외국적동포거소신고 현황.xlsx,Korea Immigration Service Statistical Yearbook,"Ministry of Justice, Korea Immigration Service",https://www.immigration.go.kr/immigration/1570/subview.do,19050,ff145d4b8c3132a852532eee2f03aaf0ca1ebbbf1fbc4d76f33bb29645292369
01_raw_data,출입국통계연보/2024_출입국통계연보/2024 6장_Ⅰ_1.체류자격별 불법체류외국인 현황.xlsx,Korea Immigration Service Statistical Yearbook,"Ministry of Justice, Korea Immigration Service",https://www.immigration.go.kr/immigration/1570/subview.do,16707,615843f2daa0bf48e3d720ec38265f708eaaa1a03c81156ae207d217d305b2dd
01_raw_data,출입국통계연보/2024_출입국통계연보/2024 6장_Ⅰ_2.체류기간별 불법체류외국인 현황.xlsx,Korea Immigration Service Statistical Yearbook,"Ministry of Justice, Korea Immigration Service",https://www.immigration.go.kr/immigration/1570/subview.do,12939,9a49edfd55eaaeb2cde49b92090663adff094615a0a1da6668d1323a88a661f5
01_raw_data,출입국통계연보/2025_출입국통계연보/2025 1장_Ⅰ_1.국적(지역) 및 항구별 내외국인 입국자.xlsx,Korea Immigration Service Statistical Yearbook,"Ministry of Justice, Korea Immigration Service",https://www.immigration.go.kr/immigration/1570/subview.do,107705,d990287f5679855cfa613f1686811e114433a1daca7a3ed1e639c01675e4fdcd
01_raw_data,출입국통계연보/2025_출입국통계연보/2025 1장_Ⅰ_2.국적(지역) 및 항구별 내외국인 출국자.xlsx,Korea Immigration Service Statistical Yearbook,"Ministry of Justice, Korea Immigration Service",https://www.immigration.go.kr/immigration/1570/subview.do,108104,4818c44b08a83c86c75d21c0682fb18bbc87c58f0058e410823af3088f150ec7
01_raw_data,출입국통계연보/2025_출입국통계연보/2025 1장_Ⅱ_1.국적(지역) 및 체류자격별 외국인 입국자.xlsx,Korea Immigration Service Statistical Yearbook,"Ministry of Justice, Korea Immigration Service",https://www.immigration.go.kr/immigration/1570/subview.do,141834,2622f22298685f1801d50d981b3390ff5d3e0cf528a10b8ab8af058ac935b09d
01_raw_data,출입국통계연보/2025_출입국통계연보/2025 1장_Ⅱ_2.국적(지역) 및 월별 외국인 입국자.xlsx,Korea Immigration Service Statistical Yearbook,"Ministry of Justice, Korea Immigration Service",https://www.immigration.go.kr/immigration/1570/subview.do,72379,ea2d46bd36f54005ae31b20ff1141d31aa781c827d76d6b1fcb9ff8a24f1e5a7
01_raw_data,출입국통계연보/2025_출입국통계연보/2025 1장_Ⅱ_3.국적(지역) 및 연령별 외국인 입국자(승무원 제외).xlsx,Korea Immigration Service Statistical Yearbook,"Ministry of Justice, Korea Immigration Service",https://www.immigration.go.kr/immigration/1570/subview.do,87572,51f4d82ed51184a7dd4c014bed990b58ec4823a4f9504f7242fa423bb6f0b1cb
01_raw_data,출입국통계연보/2025_출입국통계연보/2025 1장_Ⅱ_4.국적(지역) 및 체류기간별 외국인 출국자(승무원 제외).xlsx,Korea Immigration Service Statistical Yearbook,"Ministry of Justice, Korea Immigration Service",https://www.immigration.go.kr/immigration/1570/subview.do,79268,6fc5ec296c61fcd21a464a20917eec5a383dc3c810ed35e449d2526c5bcef7ea
01_raw_data,출입국통계연보/2025_출입국통계연보/2025 1장_Ⅲ_1.항구별 상륙허가자.xlsx,Korea Immigration Service Statistical Yearbook,"Ministry of Justice, Korea Immigration Service",https://www.immigration.go.kr/immigration/1570/subview.do,12816,a3b931f0b7ecef089fb8045cc0e4920f41d99db18d062434452cf263f8e9bf34
01_raw_data,출입국통계연보/2025_출입국통계연보/2025 1장_Ⅲ_2.국적(지역)별 상륙허가자.xlsx,Korea Immigration Service Statistical Yearbook,"Ministry of Justice, Korea Immigration Service",https://www.immigration.go.kr/immigration/1570/subview.do,20438,e03367eb0fb58e1d637ee11fce8eee4c932e2633c0e2825ec225fde6306b3684
01_raw_data,출입국통계연보/2025_출입국통계연보/2025 1장_Ⅲ_3.항구별 출입항 선박 및 선원.xlsx,Korea Immigration Service Statistical Yearbook,"Ministry of Justice, Korea Immigration Service",https://www.immigration.go.kr/immigration/1570/subview.do,12653,bde1b711954cf191e148552d50f6492892bb3af5bd53df68e961bb0fd6df608e
01_raw_data,출입국통계연보/2025_출입국통계연보/2025 1장_Ⅲ_4.공항별 출입항 항공기 및 승무원.xlsx,Korea Immigration Service Statistical Yearbook,"Ministry of Justice, Korea Immigration Service",https://www.immigration.go.kr/immigration/1570/subview.do,12291,6a3d265c4b12224886b457433088c42fff04edf9429fe3ac2cafd5f71cf42432
01_raw_data,출입국통계연보/2025_출입국통계연보/2025 1장_Ⅲ_5.국적(지역)별 출입항 선박 및 선원.xlsx,Korea Immigration Service Statistical Yearbook,"Ministry of Justice, Korea Immigration Service",https://www.immigration.go.kr/immigration/1570/subview.do,22824,196afdecd345275cb85533fcdd933aa46dadac55c16a229bbb2c0997a7571325
01_raw_data,출입국통계연보/2025_출입국통계연보/2025 1장_Ⅲ_6.국적(지역)별 출입항 항공기 및 승무원.xlsx,Korea Immigration Service Statistical Yearbook,"Ministry of Justice, Korea Immigration Service",https://www.immigration.go.kr/immigration/1570/subview.do,15160,314076d01f6a91623554bac3f212f77eb78763efa25662a6c10affe9fb63054e
01_raw_data,출입국통계연보/2025_출입국통계연보/2025 1장_Ⅳ_1.사증발급인정서 발급 현황.xlsx,Korea Immigration Service Statistical Yearbook,"Ministry of Justice, Korea Immigration Service",https://www.immigration.go.kr/immigration/1570/subview.do,138115,c563014cd45135adb253c678302b00fb6cac07a18f1dd7e68b2a3a0148a6e444
01_raw_data,출입국통계연보/2025_출입국통계연보/2025 1장_Ⅳ_2.고용허가제 사증발급인증서 발급 현황.xlsx,Korea Immigration Service Statistical Yearbook,"Ministry of Justice, Korea Immigration Service",https://www.immigration.go.kr/immigration/1570/subview.do,15469,34f4bcf48e75c8eccdcc630f3d971cfb786d1163efc448adb6199756aa2a5754
01_raw_data,출입국통계연보/2025_출입국통계연보/2025 2장_Ⅰ_1.국적(지역) 및 체류자격별 체류외국인 현황.xlsx,Korea Immigration Service Statistical Yearbook,"Ministry of Justice, Korea Immigration Service",https://www.immigration.go.kr/immigration/1570/subview.do,132902,c7a0a41faae898c693be215174d22afc27602c49d71b189bbf49c0b0b9707106
01_raw_data,출입국통계연보/2025_출입국통계연보/2025 2장_Ⅰ_2.국적(지역) 및 연령별 체류외국인 현황.xlsx,Korea Immigration Service Statistical Yearbook,"Ministry of Justice, Korea Immigration Service",https://www.immigration.go.kr/immigration/1570/subview.do,70437,1f5813cc7ac6ebc886cf2dcc5adf73bc2f1af0a549be84e4c898d30d6fb8b2bb
01_raw_data,출입국통계연보/2025_출입국통계연보/2025 2장_Ⅱ_1.국적(지역) 및 체류자격별 등록외국인 현황.xlsx,Korea Immigration Service Statistical Yearbook,"Ministry of Justice, Korea Immigration Service",https://www.immigration.go.kr/immigration/1570/subview.do,100854,310a6bf3937621d615111c352df616c3ea31a1b81d1b8e4f9d2e276e078af72a
01_raw_data,출입국통계연보/2025_출입국통계연보/2025 2장_Ⅱ_2.국적(지역) 및 연령별 등록외국인 현황.xlsx,Korea Immigration Service Statistical Yearbook,"Ministry of Justice, Korea Immigration Service",https://www.immigration.go.kr/immigration/1570/subview.do,65379,6dd5503c29eeba99acc54aa52d2fc91e6e3acc5006938611f65c9205eadc06a3
01_raw_data,출입국통계연보/2025_출입국통계연보/2025 2장_Ⅱ_3.시군구별 및 국적(지역)별 등록외국인 현황.xlsx,Korea Immigration Service Statistical Yearbook,"Ministry of Justice, Korea Immigration Service",https://www.immigration.go.kr/immigration/1570/subview.do,635430,7093e704379b7eee92145a15c5277fb8109071c8ffd2305960bb08eb4467a21a
01_raw_data,출입국통계연보/2025_출입국통계연보/2025 2장_Ⅱ_4.시군구별 및 연령별 등록외국인 현황.xlsx,Korea Immigration Service Statistical Yearbook,"Ministry of Justice, Korea Immigration Service",https://www.immigration.go.kr/immigration/1570/subview.do,111857,e59d7dc389af5191c11c30f969015ec9d373fa451c8961e4d33d2d04c02b49d8
01_raw_data,출입국통계연보/2025_출입국통계연보/2025 2장_Ⅱ_5.시군구별 및 체류자격별 등록외국인 현황.xlsx,Korea Immigration Service Statistical Yearbook,"Ministry of Justice, Korea Immigration Service",https://www.immigration.go.kr/immigration/1570/subview.do,151062,4d42ef1b99f16150ba4aa28a4a9fac9aa2833b731a57c6cf64aa28c54cb39da5
01_raw_data,출입국통계연보/2025_출입국통계연보/2025 2장_Ⅲ_1.국적(지역) 및 체류자격별 단기체류외국인 현황.xlsx,Korea Immigration Service Statistical Yearbook,"Ministry of Justice, Korea Immigration Service",https://www.immigration.go.kr/immigration/1570/subview.do,108612,36bf253b26589413b3405f64804fc6bfca533c105891ea6c265242c95afdea5b
01_raw_data,출입국통계연보/2025_출입국통계연보/2025 2장_Ⅲ_2.국적(지역) 및 연령별 단기체류외국인 현황.xlsx,Korea Immigration Service Statistical Yearbook,"Ministry of Justice, Korea Immigration Service",https://www.immigration.go.kr/immigration/1570/subview.do,63411,1b5ac96b05953f9a4a8af1ea0d7f0e6926926af90cf72d039a3086491ef388e7
01_raw_data,출입국통계연보/2025_출입국통계연보/2025 2장_Ⅳ.유학생 관련 현황.xlsx,Korea Immigration Service Statistical Yearbook,"Ministry of Justice, Korea Immigration Service",https://www.immigration.go.kr/immigration/1570/subview.do,55790,3caf3c9e5f07ec51fdb0123d78dfe72cbd9cfbb85336e1f216e7343f23d9945c
01_raw_data,출입국통계연보/2025_출입국통계연보/2025 2장_Ⅴ.체류허가 및 신고수리 현황.xlsx,Korea Immigration Service Statistical Yearbook,"Ministry of Justice, Korea Immigration Service",https://www.immigration.go.kr/immigration/1570/subview.do,16581,9072c589203683d7d96fec74f9aa5133ea293a7c913b9d72b5b16f4e9a0be5f3
01_raw_data,출입국통계연보/2025_출입국통계연보/2025 3장_Ⅰ_1.국적(지역)별 결혼이민자 현황.xlsx,Korea Immigration Service Statistical Yearbook,"Ministry of Justice, Korea Immigration Service",https://www.immigration.go.kr/immigration/1570/subview.do,35050,5435697dad333d9b6736f1a3cc4557e690842ab64045827834fab91e4b3b64e1
01_raw_data,출입국통계연보/2025_출입국통계연보/2025 3장_Ⅰ_2.시군구별 결혼이민자 현황.xlsx,Korea Immigration Service Statistical Yearbook,"Ministry of Justice, Korea Immigration Service",https://www.immigration.go.kr/immigration/1570/subview.do,54953,c17fa50bf8ab7bf78e5c04834b70dd3b99254e51b9755f7ac50d1865ad76af0b
01_raw_data,출입국통계연보/2025_출입국통계연보/2025 4장_Ⅰ_2.국적(지역) 및 유형별 국적 처리 현황.xlsx,Korea Immigration Service Statistical Yearbook,"Ministry of Justice, Korea Immigration Service",https://www.immigration.go.kr/immigration/1570/subview.do,18653,a778a226803732f5d282354475dae301427ee3704827e36478217cb04c47e702
01_raw_data,출입국통계연보/2025_출입국통계연보/2025 4장_Ⅰ_3.연령 및 유형별 국적 처리 현황.xlsx,Korea Immigration Service Statistical Yearbook,"Ministry of Justice, Korea Immigration Service",https://www.immigration.go.kr/immigration/1570/subview.do,11356,3cc631758a9ad1b1f45d2130b85001455a55b1234e8b088069fa0aab777c979f
01_raw_data,출입국통계연보/2025_출입국통계연보/2025 4장_Ⅱ_연도별 불허처리 현황.xlsx,Korea Immigration Service Statistical Yearbook,"Ministry of Justice, Korea Immigration Service",https://www.immigration.go.kr/immigration/1570/subview.do,13198,8f6424ca47f5ac88ac69f567fb83057150f00f1210fb9210559bb99a7f092f64
01_raw_data,출입국통계연보/2025_출입국통계연보/2025 5장_Ⅰ_1.외국국적동포거소신고 현황.xlsx,Korea Immigration Service Statistical Yearbook,"Ministry of Justice, Korea Immigration Service",https://www.immigration.go.kr/immigration/1570/subview.do,19440,712a426d707c4a896c319051b42bdeb76269faffe689ed198c0c9a7a9a983e93
01_raw_data,출입국통계연보/2025_출입국통계연보/2025 출입국외국인정책 통계연보(전체).pdf,Korea Immigration Service Statistical Yearbook,"Ministry of Justice, Korea Immigration Service",https://www.immigration.go.kr/immigration/1570/subview.do,4145621,483a1ec31c4800d088be1aaf385519963a319bc01c424f5c48d79cb1459bee58
01_raw_data,출입국통계연보/2025_출입국통계연보/2025_4장_Ⅰ_1.연도별 국적 처리 현황.xlsx,Korea Immigration Service Statistical Yearbook,"Ministry of Justice, Korea Immigration Service",https://www.immigration.go.kr/immigration/1570/subview.do,13367,9b9d168310d20962136e0bb034a0183216e3f387ecc6b5dddabf25c59a3dbf1a
01_raw_data,출입국통계연보/2025_출입국통계연보/2025_6장_Ⅰ_1.체류자격별 불법체류 외국인 현황.xlsx,Korea Immigration Service Statistical Yearbook,"Ministry of Justice, Korea Immigration Service",https://www.immigration.go.kr/immigration/1570/subview.do,16898,63e9bac70eb1661117516b2cc64912ab8cf4753f86a7e5157ff955b0ae1538be
01_raw_data,출입국통계연보/2025_출입국통계연보/2025_6장_Ⅰ_2.체류기간별 불법체류 외국인 현황.xlsx,Korea Immigration Service Statistical Yearbook,"Ministry of Justice, Korea Immigration Service",https://www.immigration.go.kr/immigration/1570/subview.do,13666,1b7603f9a80256454274eea46c68e4ec446c302e38a2c9423ea826cfe8d376b9
01_raw_data,한국교육개발원_유학생/2024_유학생(국가별) 현황.xlsx,International student statistics,Korean Educational Development Institute (KEDI/KESS),https://kess.kedi.re.kr/,114325,0061afdb65c18ed0c755d9e3a454e7a545308e1137055268bcd329e70abbd609
01_raw_data,한국교육개발원_유학생/2025_유학생(국가별) 현황.xlsx,International student statistics,Korean Educational Development Institute (KEDI/KESS),https://kess.kedi.re.kr/,114556,d7343660cdc83d678a8556d92520a3ea81b79f1e240286c981fcba4e6e2e0f6e
01_raw_data,한국교육개발원_유학생/README.md,International student statistics,Korean Educational Development Institute (KEDI/KESS),https://kess.kedi.re.kr/,1657,804a8df3c4394754b448370653164a3039a5386c1c883831622cada9f8c423e5
01_raw_data,한국교육개발원_유학생/Status of foreign students _2026-06-10134342778.xlsx,International student statistics,Korean Educational Development Institute (KEDI/KESS),https://kess.kedi.re.kr/,39558,9546a4646b5deda702ac69582d9502fc4773a53d60fe98f896e5d683c2581348
01_raw_data,한국교육개발원_유학생/Status of foreign students _2026-06-10134723670.xlsx,International student statistics,Korean Educational Development Institute (KEDI/KESS),https://kess.kedi.re.kr/,26643,820f91b824ef7643011ae9171d96bec38ca6a48c3aacf7523eeee9239125f263
01_raw_data,한국교육개발원_유학생/Status of foreign students _2026-06-10134759511.xlsx,International student statistics,Korean Educational Development Institute (KEDI/KESS),https://kess.kedi.re.kr/,25719,28ec07e48bc28b1a10e4ba1fe8d7caa4a54df06862a64481c2a4808a7dc5729b
01_raw_data,한국교육개발원_유학생/Status of foreign students _2026-06-10134816442.xlsx,International student statistics,Korean Educational Development Institute (KEDI/KESS),https://kess.kedi.re.kr/,22715,9e46abb3d1d4cc87258109f86a850bf6d9e02e5ae78f450950fbe5b1ecb81d5e
01_raw_data,한국교육개발원_유학생/Status of foreign students _2026-06-1013485600.xlsx,International student statistics,Korean Educational Development Institute (KEDI/KESS),https://kess.kedi.re.kr/,23864,194fc4aa416c965d799048f816caab43173a921e9a9353d91cd28f2fa35275bf
01_raw_data,한국교육개발원_유학생/Status of foreign students _2026-06-10135015100.xlsx,International student statistics,Korean Educational Development Institute (KEDI/KESS),https://kess.kedi.re.kr/,22362,67646f8db49aa5679d69e603e50720bd60e281501f6ba64cfccde17ef9164bf3
01_raw_data,한국교육개발원_유학생/Status of foreign students _2026-06-10135140751.xlsx,International student statistics,Korean Educational Development Institute (KEDI/KESS),https://kess.kedi.re.kr/,39528,e0b543ab02b1f5be12133150c7c617fe58af54ae12ee1ae496a62aa38fdb594c
01_raw_data,한국교육개발원_유학생/Status of foreign students _2026-06-10135218459.xlsx,International student statistics,Korean Educational Development Institute (KEDI/KESS),https://kess.kedi.re.kr/,38882,bb76890b84fb3e3fc29f29f4ba3471369879113ba22f160a8b1d2c25122535e2
01_raw_data,한국교육개발원_유학생/Status of foreign students _2026-06-10135314236.xlsx,International student statistics,Korean Educational Development Institute (KEDI/KESS),https://kess.kedi.re.kr/,37929,227637a8b142e7c23bab8ef970a3b4a2d34564f7890ce1fea677eaa2952235f5
01_raw_data,한국교육개발원_유학생/Status of foreign students _2026-06-1013531722.xlsx,International student statistics,Korean Educational Development Institute (KEDI/KESS),https://kess.kedi.re.kr/,38136,d07cbe13ce426fd0547be6fb84325da07d693ca563b6293fa219dcad0bdab926
01_raw_data,한국교육개발원_유학생/Status of foreign students _2026-06-10135340658.xlsx,International student statistics,Korean Educational Development Institute (KEDI/KESS),https://kess.kedi.re.kr/,37918,1405f4cd77aa83b1d2571780beac83bb86f58cbada191991aa3cfa369020a754
01_raw_data,한국교육개발원_유학생/Status of foreign students _2026-06-10135432953.xlsx,International student statistics,Korean Educational Development Institute (KEDI/KESS),https://kess.kedi.re.kr/,37758,7fcde11ce2d0e006a172426ff81e02201acfe3ccfcdcc796e2f8f9b47cd61b1a
01_raw_data,한국교육개발원_유학생/Status of foreign students _2026-06-10135446349.xlsx,International student statistics,Korean Educational Development Institute (KEDI/KESS),https://kess.kedi.re.kr/,37758,f02b3c4f2a5f3fe89532535272950529d828cb994ffced016cc526f748afb35c
01_raw_data,한국교육개발원_유학생/Status of foreign students _2026-06-1013562967.xlsx,International student statistics,Korean Educational Development Institute (KEDI/KESS),https://kess.kedi.re.kr/,22869,574ad52ef1f05f4acf8c5269d5c0f9fcfc0a0d13b471ecdcf1243a82151af306
01_raw_data,한국교육개발원_유학생/연도별 국내 외국인 유학생 현황(1999-2025).xlsx,International student statistics,Korean Educational Development Institute (KEDI/KESS),https://kess.kedi.re.kr/,6131,572b5898f36b2783f629c8d50730c4c0842a368477a4edd232602289f0163fd2
01_raw_data,한국교육개발원_유학생/_kess_api_cache/A_yuhaksaeng_2018_6085.json,International student statistics,Korean Educational Development Institute (KEDI/KESS),https://kess.kedi.re.kr/,84361,75f78d4abfc09f0c300be59368dbbc49bf31780988e6fefcc6bb81efcd9ed080
01_raw_data,한국교육개발원_유학생/_kess_api_cache/A_yuhaksaeng_2019_6080.json,International student statistics,Korean Educational Development Institute (KEDI/KESS),https://kess.kedi.re.kr/,84122,5218fdde885187f18059b766d0ca437f3be4939fcd5a858d7048cab86f6792cc
01_raw_data,한국교육개발원_유학생/_kess_api_cache/A_yuhaksaeng_2020_6075.json,International student statistics,Korean Educational Development Institute (KEDI/KESS),https://kess.kedi.re.kr/,83218,aebba8a655e11d797b4550a14b16c19c41f7f31ee9b527be077e79e3a76b5c12
01_raw_data,한국교육개발원_유학생/_kess_api_cache/A_yuhaksaeng_2021_5501.json,International student statistics,Korean Educational Development Institute (KEDI/KESS),https://kess.kedi.re.kr/,83223,a162d97ceca839cedea344dfe95abb4adde44bcb97423f3654fc13f671185a6c
01_raw_data,한국교육개발원_유학생/_kess_api_cache/A_yuhaksaeng_2022_5501.json,International student statistics,Korean Educational Development Institute (KEDI/KESS),https://kess.kedi.re.kr/,82785,9c3acaf923647f55aed6b3e417f5d507997aec212bcbc5a0e5c3c10172ab7fb5
01_raw_data,한국교육개발원_유학생/_kess_api_cache/A_yuhaksaeng_2023_6871.json,International student statistics,Korean Educational Development Institute (KEDI/KESS),https://kess.kedi.re.kr/,83048,dd474c118422f6ae8fddd9a407e7b7fc378cf19d2755b66b7a9c831f689401c7
01_raw_data,한국교육개발원_유학생/_kess_api_cache/A_yuhaksaeng_2024_6871.json,International student statistics,Korean Educational Development Institute (KEDI/KESS),https://kess.kedi.re.kr/,93233,7ff42dd9590ac3668a3dfa4c982dc17003290f645de1ca34e086b5890701596d
01_raw_data,한국교육개발원_유학생/_kess_api_cache/A_yuhaksaeng_2025_6871.json,International student statistics,Korean Educational Development Institute (KEDI/KESS),https://kess.kedi.re.kr/,93550,ccdf7e04bcc56d2b0c1adffadfc95c86aca038236de5e8a5ab8d2e749afb479f
01_raw_data,한국교육개발원_유학생/_kess_api_cache/B_yeondo_2024_6913.json,International student statistics,Korean Educational Development Institute (KEDI/KESS),https://kess.kedi.re.kr/,692952,132422ac58fea2f9244b2f14a0fca45ff1a1db0077724ae91ce46f9e6287ca51
01_raw_data,한국교육개발원_유학생/_kess_api_cache/B_yeondo_2025_6913.json,International student statistics,Korean Educational Development Institute (KEDI/KESS),https://kess.kedi.re.kr/,702528,e0172ca1a45b735c91362adc107fed6e8f0ffb10576730ebb20c5d1db60af1f3
01_raw_data,한국교육개발원_유학생/_kess_api_cache/C_gradfield_2019_4185.json,International student statistics,Korean Educational Development Institute (KEDI/KESS),https://kess.kedi.re.kr/,106422,0e6de05fc3e66114eb57c78453f124539ff5204a75083178a7271363fe18c7a2
01_raw_data,한국교육개발원_유학생/_kess_api_cache/C_gradfield_2020_5066.json,International student statistics,Korean Educational Development Institute (KEDI/KESS),https://kess.kedi.re.kr/,97472,6a185a0ffca7f75951376a6da5c10341daadb9eebb6df87692eaef7dd1d55929
01_raw_data,한국교육개발원_유학생/_kess_api_cache/C_gradfield_2021_5525.json,International student statistics,Korean Educational Development Institute (KEDI/KESS),https://kess.kedi.re.kr/,97492,124b653aa95d2b624e4a2c8944256b5cc57d50cff519a3705f99d41332f1adc8
01_raw_data,한국교육개발원_유학생/_kess_api_cache/C_gradfield_2022_5525.json,International student statistics,Korean Educational Development Institute (KEDI/KESS),https://kess.kedi.re.kr/,106780,3a883959b6e488a8f2aebafe2c626cc51fa6081261bbb69fd26d6b9b92dc1cc9
01_raw_data,한국교육개발원_유학생/_kess_api_cache/C_gradfield_2023_6897.json,International student statistics,Korean Educational Development Institute (KEDI/KESS),https://kess.kedi.re.kr/,97885,9008f560268d6ac814183fd7fd21121edb9d4a8201961e2ec0001413f4e4ed0e
01_raw_data,한국교육개발원_유학생/_kess_api_cache/C_gradfield_2024_6897.json,International student statistics,Korean Educational Development Institute (KEDI/KESS),https://kess.kedi.re.kr/,106959,af0e5c9b851bb9586ec34c2be2b593b4710434ddd10f049954ee7334eb536677
01_raw_data,한국교육개발원_유학생/_kess_api_cache/C_gradfield_2025_6897.json,International student statistics,Korean Educational Development Institute (KEDI/KESS),https://kess.kedi.re.kr/,107032,c119f520b2fe62903135f9acc6ca6bbc2c8f6a8f8e6ac68707f4dfa3e0e458ed
01_raw_data,행정안전부 외국인주민통계/2006_외국인주민통계.xls,Broad-definition foreign resident statistics (외국인주민현황),Ministry of the Interior and Safety,https://www.mois.go.kr/frt/bbs/type001/commonSelectBoardList.do?bbsId=BBSMSTR_000000000014,1479168,8e6881eead6414902fd2b9b3f10be77fde69c5e5ad272f37aa7f29876d264204
01_raw_data,행정안전부 외국인주민통계/2007_외국인주민통계.xls,Broad-definition foreign resident statistics (외국인주민현황),Ministry of the Interior and Safety,https://www.mois.go.kr/frt/bbs/type001/commonSelectBoardList.do?bbsId=BBSMSTR_000000000014,1339904,f2ad3dcbe056f976bc240a254d3364e80736081634e2f71824fd3c9f527d5884
01_raw_data,행정안전부 외국인주민통계/2008_외국인주민통계.xls,Broad-definition foreign resident statistics (외국인주민현황),Ministry of the Interior and Safety,https://www.mois.go.kr/frt/bbs/type001/commonSelectBoardList.do?bbsId=BBSMSTR_000000000014,1473536,9d35458217bff26e30d0985276fe39dbf3ddd39732357ed9b3691f05831f44e9
01_raw_data,행정안전부 외국인주민통계/2009_외국인주민통계.xls,Broad-definition foreign resident statistics (외국인주민현황),Ministry of the Interior and Safety,https://www.mois.go.kr/frt/bbs/type001/commonSelectBoardList.do?bbsId=BBSMSTR_000000000014,44131328,c9e974036e8e08aa7cde1364448e167bf4d8e9a1d02a1b092b6924677cd5fe4c
01_raw_data,행정안전부 외국인주민통계/2010_외국인주민통계.xls,Broad-definition foreign resident statistics (외국인주민현황),Ministry of the Interior and Safety,https://www.mois.go.kr/frt/bbs/type001/commonSelectBoardList.do?bbsId=BBSMSTR_000000000014,41922560,6eb651b4a4cc880619d151e14c9d1829f6656e0f62f6ac244aab4dbc343db5b6
01_raw_data,행정안전부 외국인주민통계/2011_외국인주민통계.xlsx,Broad-definition foreign resident statistics (외국인주민현황),Ministry of the Interior and Safety,https://www.mois.go.kr/frt/bbs/type001/commonSelectBoardList.do?bbsId=BBSMSTR_000000000014,3069585,a05f9b80b2d4ec84d12edb198e8ad03c796b4f87771a258f9f55ec26e5b3dd71
01_raw_data,행정안전부 외국인주민통계/2012_외국인주민통계.xls,Broad-definition foreign resident statistics (외국인주민현황),Ministry of the Interior and Safety,https://www.mois.go.kr/frt/bbs/type001/commonSelectBoardList.do?bbsId=BBSMSTR_000000000014,10794496,f65e5eaa7376714614e802fb368815eaaf59293d9160bd72022b94b429e42459
01_raw_data,행정안전부 외국인주민통계/2013_외국인주민통계.xlsx,Broad-definition foreign resident statistics (외국인주민현황),Ministry of the Interior and Safety,https://www.mois.go.kr/frt/bbs/type001/commonSelectBoardList.do?bbsId=BBSMSTR_000000000014,6708055,9066914b0bec5fdfb43c6bfe0c5528ac64ef78544a32b373d5b8fd02c70db8b7
01_raw_data,행정안전부 외국인주민통계/2014_외국인주민통계_시도시군구.xlsx,Broad-definition foreign resident statistics (외국인주민현황),Ministry of the Interior and Safety,https://www.mois.go.kr/frt/bbs/type001/commonSelectBoardList.do?bbsId=BBSMSTR_000000000014,7841186,b17e5edc723c5e5f81e91e13071ad3c4759866e753476c3202e16bf1fb8b9dfd
01_raw_data,행정안전부 외국인주민통계/2014_외국인주민통계_읍면동.xlsx,Broad-definition foreign resident statistics (외국인주민현황),Ministry of the Interior and Safety,https://www.mois.go.kr/frt/bbs/type001/commonSelectBoardList.do?bbsId=BBSMSTR_000000000014,22441373,b5fccb0fb467b54021833d6f0f09be39e2396c2117a161f15ecd3de7c12120ed
01_raw_data,행정안전부 외국인주민통계/2015_외국인주민통계_시도시군구.xlsx,Broad-definition foreign resident statistics (외국인주민현황),Ministry of the Interior and Safety,https://www.mois.go.kr/frt/bbs/type001/commonSelectBoardList.do?bbsId=BBSMSTR_000000000014,2345372,bff19a84077f6cdc7ae58a1f5d03ffec88f3c82756ab5eaa7388c2b0d39a5b18
01_raw_data,행정안전부 외국인주민통계/2015_외국인주민통계_유형지역별읍면동.xls,Broad-definition foreign resident statistics (외국인주민현황),Ministry of the Interior and Safety,https://www.mois.go.kr/frt/bbs/type001/commonSelectBoardList.do?bbsId=BBSMSTR_000000000014,724992,2f05a5b97e90c2f80f2e121f1da9085a9f00ed777bb5e6df9e28c1750a5a3f5a
01_raw_data,행정안전부 외국인주민통계/2015_외국인주민통계_읍면동.xlsx,Broad-definition foreign resident statistics (외국인주민현황),Ministry of the Interior and Safety,https://www.mois.go.kr/frt/bbs/type001/commonSelectBoardList.do?bbsId=BBSMSTR_000000000014,27184096,a7019228c39169b2dc7b26616f2e26ab94ed28780d1d8eca5f604f792a1cc717
01_raw_data,행정안전부 외국인주민통계/2015_외국인주민통계_인구주택총조사기준.xlsx,Broad-definition foreign resident statistics (외국인주민현황),Ministry of the Interior and Safety,https://www.mois.go.kr/frt/bbs/type001/commonSelectBoardList.do?bbsId=BBSMSTR_000000000014,1893591,1add807daa8414f4ea4a1e93fde38a5769ddbdb947bb7cff2fd6f0a3f52cc8f3
01_raw_data,행정안전부 외국인주민통계/2015_외국인주민통계_자녀시군구연령별.xlsx,Broad-definition foreign resident statistics (외국인주민현황),Ministry of the Interior and Safety,https://www.mois.go.kr/frt/bbs/type001/commonSelectBoardList.do?bbsId=BBSMSTR_000000000014,48409,cc40a997e97557b6cd9fd48fe53ec2fe9af1664157e34458b81b091612804ac4
01_raw_data,행정안전부 외국인주민통계/2016_외국인주민통계.xlsx,Broad-definition foreign resident statistics (외국인주민현황),Ministry of the Interior and Safety,https://www.mois.go.kr/frt/bbs/type001/commonSelectBoardList.do?bbsId=BBSMSTR_000000000014,3180841,a9ab43e8fa49ce7fe6ee2305ff462ce6c0facf0d6568e1cb3178282b3fa2278d
01_raw_data,행정안전부 외국인주민통계/2017_외국인주민통계.xlsx,Broad-definition foreign resident statistics (외국인주민현황),Ministry of the Interior and Safety,https://www.mois.go.kr/frt/bbs/type001/commonSelectBoardList.do?bbsId=BBSMSTR_000000000014,3064808,9aa28fc85676ab4a8815c806b30cf32af1c7cc6efae8156f3b45fbd50a95d911
01_raw_data,행정안전부 외국인주민통계/2018_외국인주민통계.xlsx,Broad-definition foreign resident statistics (외국인주민현황),Ministry of the Interior and Safety,https://www.mois.go.kr/frt/bbs/type001/commonSelectBoardList.do?bbsId=BBSMSTR_000000000014,3109408,045d186b8236b3e6ca32a9f628aae759e0db8d3b20f224d969fa3dc3d9ad2298
01_raw_data,행정안전부 외국인주민통계/2019_외국인주민통계.xlsx,Broad-definition foreign resident statistics (외국인주민현황),Ministry of the Interior and Safety,https://www.mois.go.kr/frt/bbs/type001/commonSelectBoardList.do?bbsId=BBSMSTR_000000000014,3131780,10aaf3cda44792b2238ec454a254322b2c646d63cc1def8730241b5cf1f287e5
01_raw_data,행정안전부 외국인주민통계/2020_외국인주민통계.xlsx,Broad-definition foreign resident statistics (외국인주민현황),Ministry of the Interior and Safety,https://www.mois.go.kr/frt/bbs/type001/commonSelectBoardList.do?bbsId=BBSMSTR_000000000014,4593579,c2a3adbe9789d10d83170de3f8431ecf29d060160cff8d2e91c3e880156e1512
01_raw_data,행정안전부 외국인주민통계/2021_외국인주민통계.xlsx,Broad-definition foreign resident statistics (외국인주민현황),Ministry of the Interior and Safety,https://www.mois.go.kr/frt/bbs/type001/commonSelectBoardList.do?bbsId=BBSMSTR_000000000014,4324417,f824fd1327ba16861c0dd621ea4b4fc03cea1caf281a9d33316bc4418c25c781
01_raw_data,행정안전부 외국인주민통계/2022_외국인주민통계.xlsx,Broad-definition foreign resident statistics (외국인주민현황),Ministry of the Interior and Safety,https://www.mois.go.kr/frt/bbs/type001/commonSelectBoardList.do?bbsId=BBSMSTR_000000000014,4493239,b9c54ec1c2c98f49572032f4f3db488f2bf032c207013569039ba77adaf79248
01_raw_data,행정안전부 외국인주민통계/2023_외국인주민통계.xlsx,Broad-definition foreign resident statistics (외국인주민현황),Ministry of the Interior and Safety,https://www.mois.go.kr/frt/bbs/type001/commonSelectBoardList.do?bbsId=BBSMSTR_000000000014,4484610,4567ab67ac485f66b7a9ea2c78da5c3ade94d2f3b90fc52c87c9984e4ac815ac
01_raw_data,행정안전부 외국인주민통계/2024_외국인주민통계.xlsx,Broad-definition foreign resident statistics (외국인주민현황),Ministry of the Interior and Safety,https://www.mois.go.kr/frt/bbs/type001/commonSelectBoardList.do?bbsId=BBSMSTR_000000000014,7157657,916e996bc8bb710847a3349fecbd9b90fdab7a79e2733ce071898cbde48d340f
01_raw_data,행정안전부 외국인주민통계/2024_외국인주민통계_설명자료.pdf,Broad-definition foreign resident statistics (외국인주민현황),Ministry of the Interior and Safety,https://www.mois.go.kr/frt/bbs/type001/commonSelectBoardList.do?bbsId=BBSMSTR_000000000014,2886012,3b49ffb456a6bbd5ae389ed2984c51bad67f9bb549315a1916da3f6723d55519
01_raw_data,행정표준코드/README.md,Statutory administrative code register (법정동코드),"Ministry of the Interior and Safety, Korean Administrative Standard Code",https://www.code.go.kr/stdcode/regCodeL.do,3369,737a9deb8caac32d9bac66c62fc17cf0a75c14554af23258fada93a5fbc26ef5
01_raw_data,행정표준코드/법정동코드_전체자료_20260820.zip,Statutory administrative code register (법정동코드),"Ministry of the Interior and Safety, Korean Administrative Standard Code",https://www.code.go.kr/stdcode/regCodeL.do,413346,7b4b544a6302d26c4f4c89d2c1355beae82e958c786bad8cc8572db0d2e2eb33
01_raw_data,행정표준코드/법정동코드_조회자료_생성폐지일자포함_20260820.zip,Statutory administrative code register (법정동코드),"Ministry of the Interior and Safety, Korean Administrative Standard Code",https://www.code.go.kr/stdcode/regCodeL.do,1761302,e63127624a7fce6856bfa701504b99a0985ac53b3811a801a087d9bd519b6a5e
05_dashboard/data,korea_emd.json,"District (sigungu) and sub-district (eup/myeon/dong) boundaries, GeoJSON; sub-district vintages 2014-2024 from the vuski/admdongkor snapshots of Statistics Korea SGIS boundaries",Statistics Korea (SGIS); Ministry of the Interior and Safety,https://github.com/vuski/admdongkor,3512690,75f76ac151423c5deaaa6d96af101d089f6815c3d07730e51c4d3659dcac75d9
05_dashboard/data,korea_sigungu.json,"District (sigungu) and sub-district (eup/myeon/dong) boundaries, GeoJSON; sub-district vintages 2014-2024 from the vuski/admdongkor snapshots of Statistics Korea SGIS boundaries",Statistics Korea (SGIS); Ministry of the Interior and Safety,https://github.com/vuski/admdongkor,3161817,23445bbc9d9f2f51af8c432d13ad2d909c73e5a806634347f781745ea06f019e
05_dashboard/data,emd_years/korea_emd_2014.json,"District (sigungu) and sub-district (eup/myeon/dong) boundaries, GeoJSON; sub-district vintages 2014-2024 from the vuski/admdongkor snapshots of Statistics Korea SGIS boundaries",Statistics Korea (SGIS); Ministry of the Interior and Safety,https://github.com/vuski/admdongkor,3466299,827ce00a877d2d7db850fdde124ab6fee8c5f8463b85344f05aaca9beecc975b
05_dashboard/data,emd_years/korea_emd_2015.json,"District (sigungu) and sub-district (eup/myeon/dong) boundaries, GeoJSON; sub-district vintages 2014-2024 from the vuski/admdongkor snapshots of Statistics Korea SGIS boundaries",Statistics Korea (SGIS); Ministry of the Interior and Safety,https://github.com/vuski/admdongkor,3522427,c959e5ddbd48d942e5f81d144e92d25bf3060d739d1396ef01b1bafaac5ce396
05_dashboard/data,emd_years/korea_emd_2016.json,"District (sigungu) and sub-district (eup/myeon/dong) boundaries, GeoJSON; sub-district vintages 2014-2024 from the vuski/admdongkor snapshots of Statistics Korea SGIS boundaries",Statistics Korea (SGIS); Ministry of the Interior and Safety,https://github.com/vuski/admdongkor,3598623,980abea9c65a1bf700a18274d9bcbdb55c64fd7df30945e1fb7b7f3792e718f0
05_dashboard/data,emd_years/korea_emd_2017.json,"District (sigungu) and sub-district (eup/myeon/dong) boundaries, GeoJSON; sub-district vintages 2014-2024 from the vuski/admdongkor snapshots of Statistics Korea SGIS boundaries",Statistics Korea (SGIS); Ministry of the Interior and Safety,https://github.com/vuski/admdongkor,3478575,7daefc2a556e53064ff990f4fb7aeaca0ff92004daaa589fdd4df9f92eb15c3c
05_dashboard/data,emd_years/korea_emd_2018.json,"District (sigungu) and sub-district (eup/myeon/dong) boundaries, GeoJSON; sub-district vintages 2014-2024 from the vuski/admdongkor snapshots of Statistics Korea SGIS boundaries",Statistics Korea (SGIS); Ministry of the Interior and Safety,https://github.com/vuski/admdongkor,3495822,697566f21755251d5450f348540d1612ebc03f3d9cd0425d1e84085d235eb49a
05_dashboard/data,emd_years/korea_emd_2019.json,"District (sigungu) and sub-district (eup/myeon/dong) boundaries, GeoJSON; sub-district vintages 2014-2024 from the vuski/admdongkor snapshots of Statistics Korea SGIS boundaries",Statistics Korea (SGIS); Ministry of the Interior and Safety,https://github.com/vuski/admdongkor,3487195,1b7cb11c51ef0313455716470ff4a4996fe33d08cbfad1e23490debed9f22353
05_dashboard/data,emd_years/korea_emd_2020.json,"District (sigungu) and sub-district (eup/myeon/dong) boundaries, GeoJSON; sub-district vintages 2014-2024 from the vuski/admdongkor snapshots of Statistics Korea SGIS boundaries",Statistics Korea (SGIS); Ministry of the Interior and Safety,https://github.com/vuski/admdongkor,3494372,c828d3f4e6e48ae087c6a8527758fb2074230e771dbfac670a8c84bda364b1b5
05_dashboard/data,emd_years/korea_emd_2021.json,"District (sigungu) and sub-district (eup/myeon/dong) boundaries, GeoJSON; sub-district vintages 2014-2024 from the vuski/admdongkor snapshots of Statistics Korea SGIS boundaries",Statistics Korea (SGIS); Ministry of the Interior and Safety,https://github.com/vuski/admdongkor,3495162,2c996745c937ab9e34334861b5aaa906526ddefe27aeabd63eaf63718d9de22d
05_dashboard/data,emd_years/korea_emd_2022.json,"District (sigungu) and sub-district (eup/myeon/dong) boundaries, GeoJSON; sub-district vintages 2014-2024 from the vuski/admdongkor snapshots of Statistics Korea SGIS boundaries",Statistics Korea (SGIS); Ministry of the Interior and Safety,https://github.com/vuski/admdongkor,3507956,2a84583455f6f433e0be9a2215f4d690e619356a6c059e3b340281ac977a943d
05_dashboard/data,emd_years/korea_emd_2023.json,"District (sigungu) and sub-district (eup/myeon/dong) boundaries, GeoJSON; sub-district vintages 2014-2024 from the vuski/admdongkor snapshots of Statistics Korea SGIS boundaries",Statistics Korea (SGIS); Ministry of the Interior and Safety,https://github.com/vuski/admdongkor,3509810,941a6285b951f6b7e23baedc5e58ff91768296b713b4ac4561b210b53ea6c452
